{"type":"FeatureCollection","features":[{"type":"Feature","id":1,"geometry":{"type":"MultiPolygon","coordinates":[[[[-66.43927500199999,18.465889591000064],[-66.43494255199994,18.486928784000042],[-66.46028738999996,18.468676611000035],[-66.62328224099997,18.494190397000068],[-66.73175517699997,18.473554956000044],[-66.79388911899997,18.493246489000057],[-66.90124391299997,18.483594822000043],[-67.05261419199996,18.515114005000044],[-67.13324848299999,18.508466207000026],[-67.16843275099995,18.464816126000073],[-67.15447095399998,18.421164532000034],[-67.10456799999997,18.39529277300005],[-67.00891366799993,18.443833777000066],[-66.96893872399994,18.440978424000036],[-66.85989565799997,18.355271171000027],[-66.80025182399999,18.337838764000026],[-66.73477367999993,18.37402129000003],[-66.70836166299995,18.40971320500006],[-66.68186345599997,18.408500309000033],[-66.62371909799998,18.365861116000076],[-66.59658506399995,18.30771676100005],[-66.57334658299999,18.294438489000072],[-66.58287340599998,18.260657853000055],[-66.69981228799998,18.171095816000047],[-66.98849260999998,18.165457528000047],[-67.15282651699994,18.202297515000055],[-67.18441592099998,18.166192602000024],[-67.18374107799997,18.118573334000075],[-67.12801917699994,18.140071215000034],[-66.84154680199998,18.118630460000077],[-66.51397963599999,18.13054199900006],[-66.47467157699998,18.15079160500005],[-66.44834466599997,18.216202115000044],[-66.33148111999998,18.293927732000043],[-66.28579546899994,18.342468737000047],[-66.29148859999998,18.383864967000022],[-66.33284328599996,18.412431281000067],[-66.42876177499994,18.441739554000037],[-66.43927500199999,18.465889591000064]]],[[[-97.21749848299999,26.00968224500008],[-97.22290772599996,26.01353318300005],[-97.22358674299994,26.007994242000052],[-97.21749848299999,26.00968224500008]]],[[[-97.22971314699998,26.021118709000064],[-97.23008698899997,26.02529389700004],[-97.23811311299994,26.025971006000077],[-97.22971314699998,26.021118709000064]]],[[[-97.29746981999995,26.156658745000072],[-97.30239078199997,26.160488703000055],[-97.30754062399996,26.156921959000044],[-97.29746981999995,26.156658745000072]]],[[[-97.20807618699996,26.304627071000027],[-97.16277282399994,26.068365654000047],[-97.18688935199998,26.25734007500006],[-97.20807618699996,26.304627071000027]]],[[[-97.33876011899997,26.306675561000077],[-97.33538029699997,26.31815208000006],[-97.34204838899996,26.314623484000037],[-97.33876011899997,26.306675561000077]]],[[[-97.32906315799994,26.326313627000047],[-97.33554051399994,26.32925285300007],[-97.33622715999996,26.323259961000076],[-97.32906315799994,26.326313627000047]]],[[[-97.45185068699999,27.06383781200003],[-97.45050791399996,27.074877549000064],[-97.45819071299996,27.056147380000027],[-97.45185068699999,27.06383781200003]]],[[[-97.44946268599995,27.09284668300006],[-97.44817331699994,27.10204392000003],[-97.45539072799994,27.098990254000057],[-97.44946268599995,27.09284668300006]]],[[[-97.37883735899999,26.986355573000026],[-97.36773659599999,27.200157956000055],[-97.38001229399998,27.199082211000075],[-97.39271523799994,27.133435073000044],[-97.37883735899999,26.986355573000026]]],[[[-97.37441994899996,27.281956527000034],[-97.37073494999999,27.285553786000037],[-97.37574746399997,27.288445328000023],[-97.37441994899996,27.281956527000034]]],[[[-97.34741188599997,27.280356262000055],[-97.29508948999995,27.43393791400007],[-97.22084153399999,27.585074650000024],[-97.23984403899999,27.59291487300004],[-97.35996224599995,27.353525984000044],[-97.35718514299998,27.311037877000047],[-97.38525368899997,27.211205321000023],[-97.37010170799994,27.20621378900006],[-97.34741188599997,27.280356262000055]]],[[[-97.42704752299994,27.246363485000074],[-97.41818216699994,27.32038960700004],[-97.29765703899994,27.616736987000024],[-97.36361077399994,27.643856818000074],[-97.55937733799999,27.661108316000025],[-97.85713882499994,27.664282522000065],[-97.88104398699994,27.615226819000043],[-97.87356456399999,27.594817874000057],[-97.63901946199996,27.18062145300007],[-97.50127695699996,27.08361278700005],[-97.44651010999996,27.123684703000038],[-97.44300821799999,27.15589219800006],[-97.44991282199999,27.14637262000008],[-97.45519236499996,27.15757257200005],[-97.42704752299994,27.246363485000074]]],[[[-80.04137386399998,26.55293492000004],[-80.03225413099995,26.691992182000035],[-80.04132346499995,26.76969831200006],[-80.04137386399998,26.55293492000004]]],[[[-81.46705291499995,26.00399615400005],[-81.44463583999999,26.142655338000054],[-81.38213158899998,26.359019905000025],[-81.36051063899998,26.538807684000062],[-81.38120298699994,26.76079992800004],[-81.43374020699997,26.941230887000074],[-81.47420376199995,26.976800684000068],[-81.57795966899994,27.01014716800006],[-81.62691308799998,26.889348151000036],[-81.63120278299994,26.768928541000037],[-81.72447871599996,26.60027394800005],[-81.71836482499998,26.121428609000077],[-81.69595406099995,26.01114325700007],[-81.67665300399995,25.97235954300004],[-81.65822149599995,25.97247212600007],[-81.65649387299999,25.931805999000062],[-81.55053434099995,25.918857831000025],[-81.46705291499995,26.00399615400005]]],[[[-80.25529754199994,27.349980664000043],[-80.23830687599997,27.34107334400005],[-80.18893704499999,27.210124293000035],[-80.16704830499998,27.197329796000076],[-80.17061886399995,27.174386293000055],[-80.15394100199995,27.171010285000023],[-80.23168169299998,27.339503406000063],[-80.25529754199994,27.349980664000043]]],[[[-89.32592547999997,29.09266424200007],[-89.33104480399999,29.096438886000044],[-89.33176196699998,29.088653088000058],[-89.32592547999997,29.09266424200007]]],[[[-89.02654795999996,29.18212083000003],[-89.06873852199999,29.18537285800005],[-89.05447917999999,29.173121957000035],[-89.06426769499996,29.177472618000024],[-89.06310802699994,29.163680578000026],[-89.05017619999995,29.159717107000063],[-89.05162578599999,29.18131592800006],[-89.03751140199995,29.18191292800003],[-89.00781778999999,29.16241982300005],[-89.02654795999996,29.18212083000003]]],[[[-89.48257988499995,29.213155293000057],[-89.48139732899995,29.219096685000068],[-89.49442070699996,29.220256353000025],[-89.48257988499995,29.213155293000057]]],[[[-89.03181987399995,29.197841201000074],[-89.04496532399997,29.194928679000043],[-89.00017313499995,29.173715145000074],[-89.01715617299999,29.199338470000043],[-89.03181987399995,29.197841201000074]]],[[[-89.16975936899996,29.325667915000054],[-89.17587814399997,29.33130222500006],[-89.17911300999998,29.327703057000065],[-89.16975936899996,29.325667915000054]]],[[[-89.77884461899998,29.35677676000006],[-89.77332093699994,29.370902587000046],[-89.77931026099998,29.369806676000053],[-89.77884461899998,29.35677676000006]]],[[[-89.34658589599997,29.34308391500008],[-89.35109486999994,29.350970803000052],[-89.35284199999995,29.34412532600004],[-89.34658589599997,29.34308391500008]]],[[[-89.35889974099996,29.35250049600006],[-89.36139455599994,29.357135355000025],[-89.36467519399997,29.351697502000036],[-89.35889974099996,29.35250049600006]]],[[[-89.17143783699998,29.340379299000062],[-89.17905960499996,29.348338666000075],[-89.18348465299994,29.339721264000048],[-89.17143783699998,29.340379299000062]]],[[[-89.63743375399997,29.38791042300005],[-89.76584235599995,29.38717237000003],[-89.76217438699996,29.353759334000074],[-89.77842500199995,29.351726100000064],[-89.79805899099995,29.30800041300006],[-89.73969055299995,29.303870712000048],[-89.73734070099994,29.316215077000038],[-89.68135618599996,29.29419282500004],[-89.65453122999998,29.324922128000026],[-89.61740658599996,29.324742838000077],[-89.61900112999996,29.34678225500005],[-89.66702055499997,29.375117832000058],[-89.63214658099997,29.367185170000027],[-89.63743375399997,29.38791042300005]]],[[[-89.31455768999996,29.387841768000044],[-89.31331409799998,29.39515263800007],[-89.32380451899996,29.394446919000075],[-89.31455768999996,29.387841768000044]]],[[[-89.56433650599996,29.40359455600003],[-89.62453960199997,29.396464103000028],[-89.60451290899994,29.385964929000068],[-89.60867092899997,29.341100264000033],[-89.64948056799994,29.293195283000045],[-89.61012050999994,29.277379546000077],[-89.63638089299997,29.26830437900003],[-89.66629575899998,29.289351974000056],[-89.66017698099995,29.279691252000077],[-89.50380486699999,29.220887685000037],[-89.51472253299994,29.245399027000076],[-89.46139305199995,29.246701749000067],[-89.48676079499995,29.23479035300005],[-89.48183983299998,29.222314381000047],[-89.43196646499996,29.14843131200007],[-89.40076223299997,29.144158849000064],[-89.41064230099994,29.103976728000077],[-89.39542928299994,29.086701868000034],[-89.35481800599996,29.12490225600004],[-89.37932362599997,29.084550378000074],[-89.36221851899995,29.080543039000077],[-89.34378589799996,29.107707505000064],[-89.35300220699997,29.073935982000023],[-89.32075274899995,29.110913759000027],[-89.32991565699996,29.17992164700007],[-89.30569995199994,29.167962568000064],[-89.30895007299995,29.123523245000058],[-89.29971087299998,29.117829808000067],[-89.28995287699996,29.15158225600004],[-89.26994859899997,29.13832427400007],[-89.32237017899996,29.048999300000048],[-89.34700549999997,29.06372022000005],[-89.33455432499994,29.04144238400005],[-89.41376271699994,28.95763727800005],[-89.41468587299994,28.92047449000006],[-89.37171711299999,28.952683895000064],[-89.31584704399995,29.039227951000044],[-89.25542222199994,29.057721610000044],[-89.26032029999999,29.108300691000068],[-89.24014054399998,29.102374559000054],[-89.15115125699998,28.983901483000068],[-89.13796765999996,28.989581568000062],[-89.17708357899994,29.044129844000054],[-89.14429243199999,29.04250096800007],[-89.14982374699997,29.068322660000035],[-89.10699994199996,29.088950641000054],[-89.11425549999996,29.10884238400007],[-89.13625105199998,29.10565711000004],[-89.12025983599995,29.117694390000054],[-89.15518721399997,29.137271420000047],[-89.11694104899999,29.124503627000024],[-89.09770733899995,29.06763410800005],[-89.08469158699995,29.06688452000003],[-89.10367352699996,29.11411429700007],[-89.07928997699997,29.10944129300003],[-89.07047802099999,29.07161283800008],[-89.05836253899997,29.07592917000005],[-89.05143504799997,29.11661483300003],[-89.02663951099998,29.143580935000045],[-89.05949932099998,29.12643386600007],[-89.06318432099994,29.143035432000033],[-89.09631878999994,29.13414146200006],[-89.10894544199994,29.148646851000024],[-89.10284955399999,29.160899662000077],[-89.07951122799994,29.15578987400005],[-89.06895214599996,29.19593003600005],[-89.02448039399997,29.216481723000072],[-89.06048351499999,29.217759646000047],[-89.08270794899994,29.207706010000038],[-89.07832867499997,29.19659951600005],[-89.09934003399997,29.21037057500007],[-89.15083082999996,29.18076470300008],[-89.10964734999999,29.215186630000062],[-89.11510236799995,29.225400485000023],[-89.14430769699999,29.208608182000035],[-89.17211684899996,29.22251275600007],[-89.12682112199997,29.235749760000033],[-89.15449294299998,29.23635439000003],[-89.14902266499996,29.24495081200007],[-89.11677320599995,29.240117590000068],[-89.11876447899994,29.261720225000033],[-89.14196547399996,29.25443033600004],[-89.12718733399998,29.27795939400005],[-89.13870772299998,29.295642428000065],[-89.16785201899995,29.28159480000005],[-89.16586837799997,29.315034445000038],[-89.19184647199995,29.321094093000056],[-89.19788132499997,29.348741116000042],[-89.20324479199996,29.325006064000036],[-89.26235735299997,29.285424755000065],[-89.28003466699994,29.288999125000032],[-89.25825273999999,29.32157092700004],[-89.27377093299998,29.347573817000068],[-89.34129872399996,29.345271645000025],[-89.35580983399996,29.33042865300007],[-89.40318838899998,29.359328805000075],[-89.37864462099998,29.37811047200006],[-89.35020222999998,29.365169109000078],[-89.33025898799997,29.387698717000035],[-89.38452688799998,29.393815584000038],[-89.40075461399994,29.37303692200004],[-89.40384451799997,29.395566530000053],[-89.42163627099995,29.37481647900006],[-89.43266074999997,29.39428669600005],[-89.47122735199997,29.400975768000023],[-89.52187891299997,29.384027064000065],[-89.56433650599996,29.40359455600003]]],[[[-89.47321099399994,29.405597275000048],[-89.46929711299998,29.415612766000038],[-89.48143548299998,29.411712237000074],[-89.47321099399994,29.405597275000048]]],[[[-89.53828974599998,29.42054898400005],[-89.56354352199997,29.420149370000047],[-89.53349848499994,29.401664320000066],[-89.53828974599998,29.42054898400005]]],[[[-89.51665277699999,29.405942504000052],[-89.51932306699996,29.425706456000057],[-89.53544398099996,29.43012578300005],[-89.51665277699999,29.405942504000052]]],[[[-89.17258225199998,29.467877953000027],[-89.16496811299999,29.47780189100007],[-89.21240007199998,29.467807381000057],[-89.17258225199998,29.467877953000027]]],[[[-89.16032944199998,29.493747330000076],[-89.15906296199995,29.501512148000074],[-89.17008743999997,29.500833130000046],[-89.16032944199998,29.493747330000076]]],[[[-89.09197767699999,29.519759759000067],[-89.04549176699999,29.567309972000032],[-89.07371290399999,29.55281793200004],[-89.09197767699999,29.519759759000067]]],[[[-89.01859051499997,29.62491191400005],[-89.02797467499994,29.626958499000068],[-89.00888592399997,29.61598170600007],[-89.01859051499997,29.62491191400005]]],[[[-88.97012859099999,29.630670202000033],[-88.96312480299997,29.636466636000023],[-88.97199016299999,29.63850559100007],[-88.97012859099999,29.630670202000033]]],[[[-88.95876078999999,29.641862527000058],[-88.95285563499993,29.646308557000054],[-88.95905070599997,29.64965976900004],[-88.95876078999999,29.641862527000058]]],[[[-88.93971781599998,29.663415572000076],[-88.94012980399998,29.667091033000077],[-88.94653849599996,29.66357578900005],[-88.93971781599998,29.663415572000076]]],[[[-88.92519144499994,29.67453160200006],[-88.91814188199999,29.681695604000026],[-88.93978648099994,29.678083085000026],[-88.92519144499994,29.67453160200006]]],[[[-88.90838388599997,29.691547064000076],[-88.90978769599997,29.697080284000037],[-88.91358713399995,29.693046240000058],[-88.90838388599997,29.691547064000076]]],[[[-88.90076211799999,29.70007291400003],[-88.90063241899998,29.704194697000048],[-88.90482858699994,29.704293878000044],[-88.90495828599995,29.700172097000063],[-88.90076211799999,29.70007291400003]]],[[[-88.89424661299995,29.706788691000042],[-88.89462808499997,29.711381587000062],[-88.89888528699998,29.70964971400008],[-88.89424661299995,29.706788691000042]]],[[[-88.88767007299998,29.715339336000056],[-88.88699868599997,29.719905530000062],[-88.89227822999999,29.719115888000033],[-88.88767007299998,29.715339336000056]]],[[[-88.88161996199995,29.723901427000044],[-88.87386086799995,29.73654524400007],[-88.88465646199995,29.72763983200008],[-88.88161996199995,29.723901427000044]]],[[[-88.97631603699995,29.789367365000032],[-88.97441631699996,29.799861600000042],[-88.98806412099998,29.79615788700005],[-88.97631603699995,29.789367365000032]]],[[[-88.96307140599998,29.80967681800007],[-88.96295027699995,29.814434538000057],[-88.96813000899994,29.810666174000062],[-88.96307140599998,29.80967681800007]]],[[[-88.91647105099997,29.83653038800003],[-88.92397683299998,29.84276862100006],[-88.92591624399995,29.837213217000055],[-88.91647105099997,29.83653038800003]]],[[[-88.87545541599997,29.852044766000063],[-88.87097695899996,29.860641189000035],[-88.87730172999994,29.86033601200006],[-88.87545541599997,29.852044766000063]]],[[[-88.85613778299995,29.846997921000025],[-88.85989144899997,29.861289688000056],[-88.86185219999999,29.849425976000077],[-88.85613778299995,29.846997921000025]]],[[[-88.86619332899994,29.87839288600003],[-88.86383010099996,29.886426982000046],[-88.87287227999997,29.87986892300006],[-88.86619332899994,29.87839288600003]]],[[[-88.81793739599999,29.872636509000074],[-88.81441417599996,29.922233778000077],[-88.86706307499998,29.75196044000006],[-88.81793739599999,29.872636509000074]]],[[[-80.94950111699995,29.11805808300005],[-80.95994105699998,29.12063766400007],[-80.92031396699997,29.077287434000027],[-80.94950111699995,29.11805808300005]]],[[[-85.09468500299994,29.68592431600007],[-85.14348262599998,29.68313195500008],[-85.11446803099994,29.67289521500004],[-85.12649958799994,29.669564982000054],[-85.22115751399997,29.68045785000004],[-85.12299694599994,29.62839734000005],[-85.09923212299998,29.63273216600004],[-85.07505456699994,29.670083782000063],[-85.09468500299994,29.68592431600007]]],[[[-84.87313495399997,29.68975809400007],[-84.89008747399998,29.70382288500008],[-84.88046680299999,29.68786791100007],[-84.87313495399997,29.68975809400007]]],[[[-84.78659470799994,29.700496472000054],[-84.79240830799995,29.70412043400006],[-84.79182084599995,29.698167598000055],[-84.78659470799994,29.700496472000054]]],[[[-81.01444916199995,29.236114378000025],[-81.02546773299997,29.25310528600005],[-80.95292564799996,29.123543355000038],[-81.01444916199995,29.236114378000025]]],[[[-84.96438254099996,29.724721705000036],[-84.95441854799998,29.726182736000055],[-84.97173727899997,29.72465494900007],[-84.96438254099996,29.724721705000036]]],[[[-84.72238570699994,29.74583416100006],[-84.72819930899999,29.74946003100007],[-84.72761947299995,29.743509102000075],[-84.72238570699994,29.74583416100006]]],[[[-84.76169030199998,29.703787443000067],[-84.69781904999996,29.76111012000007],[-84.78075821899995,29.69458369000006],[-84.94749867999997,29.625911489000032],[-85.02535667299998,29.60000205600005],[-85.08813135099996,29.626428376000035],[-85.08581830299994,29.616388320000056],[-85.04008525499995,29.587741995000044],[-84.76169030199998,29.703787443000067]]],[[[-84.61971691699995,29.788146796000035],[-84.61649804599995,29.798500008000076],[-84.66807203299999,29.786487400000055],[-84.61971691699995,29.788146796000035]]],[[[-81.07951582199996,29.37439685700008],[-81.10578604299997,29.432017187000042],[-81.16683657299996,29.14581593500003],[-81.11079681699994,28.718844174000026],[-81.00397251699997,28.591429835000042],[-81.04126340799996,28.541271390000077],[-81.11940456199994,28.263140371000077],[-81.13668770799995,28.092870455000025],[-81.08442101199995,27.81664439800005],[-81.02660388099997,27.74680624100006],[-80.93924170499997,27.69058480900003],[-80.83518681799995,27.682868228000075],[-80.68568577999997,27.598169287000076],[-80.59569161299999,27.46568959700005],[-80.35467719199994,27.212378889000036],[-80.33370655199997,27.175792725000065],[-80.40824453599998,27.071401957000035],[-80.39803596599995,26.918969161000064],[-80.19443223399998,26.83170440300006],[-80.16992516299996,26.659719336000023],[-80.20294941699996,26.45330910900003],[-80.07188525399994,26.354029781000065],[-80.04211622499997,26.543958436000025],[-80.05443076099994,26.549269792000075],[-80.05666618499998,26.845120619000056],[-80.04104880699998,26.775695019000068],[-80.03070298399996,26.797543244000053],[-80.06795059099994,26.933409829000027],[-80.12338526099995,26.943682884000054],[-80.11401636199997,26.948416923000025],[-80.14717372099994,26.980578643000058],[-80.07139092199998,26.945901132000074],[-80.09681686699997,27.027360360000046],[-80.15708600699998,27.158961460000057],[-80.17058071599996,27.16377189600007],[-80.16501125499997,27.14003303000004],[-80.22537504499996,27.20543984300008],[-80.25860106699997,27.192324909000035],[-80.24967467099998,27.162934566000047],[-80.25972258599995,27.166522289000056],[-80.26981627999999,27.204259191000062],[-80.32660951099996,27.248246476000077],[-80.26536071299995,27.21286705800003],[-80.21219144699995,27.215117732000067],[-80.19240079199994,27.17794731300006],[-80.27865112699999,27.353576016000034],[-80.42472537499998,27.423980459000063],[-80.51176590899996,27.568199176000064],[-80.67948556099998,27.716749699000047],[-80.69465406299997,27.857399825000073],[-80.73625334399998,27.987249459000054],[-80.76000392899994,28.21634118700007],[-80.89986416499994,28.554763755000067],[-80.88159929499994,28.791071937000027],[-80.82953665299993,28.93692565500004],[-80.91100610299998,29.07518553600005],[-80.91002953799995,29.016856893000067],[-80.88345634799998,29.00277875100005],[-80.89683068199997,28.979291653000075],[-80.91735375799999,29.01614926700006],[-80.91979516799995,29.063043351000033],[-80.94082178599996,29.08704924600005],[-80.97608485899997,29.092633963000026],[-80.95892634599994,29.10546279400006],[-81.07891387699993,29.344152269000062],[-81.09694977099997,29.351976216000025],[-81.07701415799994,29.368411845000026],[-81.04715269599996,29.29558353300007],[-81.07951582199996,29.37439685700008]]],[[[-88.40470639999995,30.20988635100008],[-88.42519511899997,30.20230579400004],[-88.40008826499997,30.207160630000033],[-88.40470639999995,30.20988635100008]]],[[[-88.05304497599997,30.19586541700005],[-88.05443316999998,30.199783136000065],[-88.05917102599994,30.198800850000055],[-88.05304497599997,30.19586541700005]]],[[[-88.10327656799996,30.21189480000004],[-88.11469014599999,30.227744870000038],[-88.11887105599999,30.22539501700004],[-88.10327656799996,30.21189480000004]]],[[[-88.10944112199996,30.256650747000037],[-88.31406916899994,30.23195056700007],[-88.07809193299994,30.24887067000003],[-88.10944112199996,30.256650747000037]]],[[[-85.55084664599997,30.013809051000067],[-85.58641489499996,30.053586815000074],[-85.57191248599997,30.026441324000075],[-85.55084664599997,30.013809051000067]]],[[[-88.10545094899999,30.269063772000038],[-88.12406667799996,30.274280372000078],[-88.09412892299997,30.257789434000074],[-88.10545094899999,30.269063772000038]]],[[[-88.13708242799999,30.290559596000037],[-88.13928732199997,30.295102901000064],[-88.14347586199995,30.292751141000053],[-88.13708242799999,30.290559596000037]]],[[[-88.22385155699999,30.316228697000042],[-88.22769677499997,30.323030304000042],[-88.23130547699998,30.318399259000046],[-88.22385155699999,30.316228697000042]]],[[[-88.21271263799997,30.31503088200003],[-88.21391808399994,30.322330306000026],[-88.21703850599994,30.31953794800006],[-88.21271263799997,30.31503088200003]]],[[[-87.53530142099999,30.276982239000063],[-87.52732430099996,30.27889103700005],[-87.54816167099995,30.278083645000038],[-87.53530142099999,30.276982239000063]]],[[[-85.70573103199996,30.10947404600006],[-85.73074746599997,30.11856130600006],[-85.63807667699996,30.07356157600003],[-85.70573103199996,30.10947404600006]]],[[[-88.26706446099996,30.33246977300007],[-88.26878107499994,30.338390184000048],[-88.27081812499995,30.334697555000048],[-88.26706446099996,30.33246977300007]]],[[[-97.17074470399996,30.482591292000052],[-97.35817384899997,30.585569546000045],[-97.52134081499997,30.616780582000047],[-97.80146980399996,30.55739724500006],[-97.98428197199996,30.54273863800006],[-98.26789581899999,30.44388027000008],[-98.33285732099995,30.362458728000036],[-98.35092445999999,30.227050457000075],[-98.39439711599994,30.186322261000043],[-98.43916213399996,30.044948848000047],[-98.36861313999998,29.944855442000062],[-98.19021419299997,29.86269363300005],[-98.15686181199999,29.788567148000027],[-98.13370609899994,29.67388630100004],[-98.15345427499994,29.48796259100004],[-98.23608447599997,29.415249784000025],[-98.28838563599999,29.405963775000032],[-98.38459668499996,29.53898221700007],[-98.46352035599995,29.554045230000042],[-98.66902539599994,29.466382147000047],[-98.94956422799999,29.405618446000062],[-99.19101286399996,29.131138708000037],[-99.19299359099995,28.98380179700007],[-99.24903042499994,28.861584013000027],[-99.34566661399998,28.811732793000033],[-99.54407042799994,28.579739919000076],[-99.67134418399996,28.29767805700004],[-99.75322816599999,28.001399475000028],[-99.88121837199998,27.805632481000032],[-99.83714334699994,27.764145733000078],[-99.81351510799999,27.771471862000055],[-99.79924050499994,27.731854316000067],[-99.77308693599997,27.729502556000057],[-99.71945990499995,27.658007487000077],[-99.67587316299995,27.65972410100005],[-99.66674840499996,27.635289054000054],[-99.64474522499995,27.627388816000064],[-99.60369144399999,27.641518458000064],[-99.55527051099995,27.93148053500005],[-99.63585488799998,28.15859188400003],[-99.60341749199995,28.280470587000025],[-99.54158755899994,28.423394014000053],[-99.44206957999995,28.57414256100003],[-99.23608461999999,28.757783947000064],[-99.09392745999997,28.848642505000043],[-99.07337058999997,29.19991503800003],[-98.93089479299994,29.319525162000048],[-98.75966658399994,29.337397340000052],[-98.56498378999999,29.385176134000062],[-98.39259230499994,29.34922553800004],[-98.20542364799996,29.37131760500006],[-97.85368900499998,29.462553074000027],[-97.73643340899997,29.52194429900004],[-97.65412568899995,29.623265441000058],[-97.65556567499999,29.656655254000043],[-97.76019366799994,29.712024115000077],[-97.90711842499996,29.898668395000072],[-97.89073595099995,29.968245996000064],[-97.91769797099994,30.021737505000033],[-98.03325216699994,30.036588008000024],[-98.14675042099998,30.08819141500004],[-98.19241314599998,30.13233449300003],[-98.21143372999995,30.218408900000043],[-98.03493440399996,30.278790582000056],[-97.62333564999994,30.466873664000047],[-97.51186223399998,30.447145998000053],[-97.23862565799999,30.36020600200004],[-97.12128393599994,30.248043024000026],[-97.07443489799994,30.166613872000028],[-97.07227024699995,30.028583853000043],[-97.08912270099995,29.936066753000034],[-97.19491922099996,29.60662901300003],[-97.22193050499999,29.394052439000063],[-97.10638130999996,29.240353148000054],[-97.14649721899997,29.182060956000043],[-97.28729073799997,29.191008469000053],[-97.38385788699998,29.217073755000058],[-98.22796943799995,29.210089156000038],[-98.40166685099996,29.126401716000032],[-98.40931175799994,29.049378787000023],[-98.35415891099996,28.95920535500005],[-98.26375227199998,28.910209183000063],[-98.08307076499995,28.907581494000055],[-97.70911892999999,28.989566242000024],[-97.63611801299999,28.93132633400006],[-97.61360956799996,28.86836513000003],[-97.64190184099999,28.794873643000074],[-97.72690026499998,28.690606823000053],[-97.72748951799997,28.472345635000067],[-97.78264162499994,28.360764224000036],[-97.91940524099994,28.336846110000067],[-98.06503686699995,28.348496409000063],[-98.32669346599994,28.46522176800005],[-98.45643363999994,28.476685216000078],[-98.55955929499999,28.409627391000072],[-98.61276626199998,28.300579148000054],[-98.76274002499997,28.196192721000045],[-98.91456574899996,28.156208123000056],[-99.00812809599995,28.06733183500006],[-99.19720532899998,27.84148661000006],[-99.19014741299998,27.648362811000027],[-99.15535738899996,27.530471844000033],[-99.03086309499997,27.37693161900006],[-99.00371705699996,27.282429138000055],[-99.04490579299994,27.245062011000073],[-99.12432460399998,27.215350957000055],[-99.43423158099995,27.195301291000078],[-99.44316892499995,27.109440566000046],[-99.43108396099996,27.088621852000074],[-99.45213346399998,27.06105875000003],[-99.44072751499999,27.01533196500003],[-99.41832760599999,27.017515881000065],[-99.38148525099996,26.975784994000037],[-99.39134242999995,26.94815894900006],[-99.32753015699996,26.917313302000025],[-99.32479883199994,26.87668676800007],[-99.27626824299995,26.849133205000044],[-99.24311851099998,26.749190026000065],[-99.21095297499994,26.717556642000034],[-99.19593832099997,26.64217248700004],[-99.17532368999997,26.625387816000057],[-99.17157765499996,26.540365826000027],[-99.12270373999996,26.52056373000005],[-99.09824389499994,26.488936069000033],[-99.11297625699996,26.433149924000077],[-99.09201830499995,26.406628237000064],[-98.96228804799995,26.398018467000043],[-98.94544996999997,26.370115858000077],[-98.92800153999997,26.393047916000057],[-98.90216077499997,26.359037976000025],[-98.80258952199995,26.366718873000025],[-98.78742990999996,26.330950357000063],[-98.74306496999998,26.32764873600007],[-98.73325356599997,26.308113668000033],[-98.75647744799994,26.307005498000024],[-98.74954232699997,26.298140140000044],[-98.70077522499997,26.286444275000065],[-98.71856697699997,26.277416793000043],[-98.66793829999995,26.25597246800004],[-98.65750128699995,26.24566515500004],[-98.67161567099998,26.24630983800006],[-98.66722876699998,26.236078819000056],[-98.63787847899994,26.242634379000037],[-98.65173346399996,26.259924497000043],[-98.61912542399995,26.248859966000055],[-98.59474187199999,26.259630767000033],[-98.56353001099995,26.225906929000075],[-98.54658512199995,26.24416788900004],[-98.52478793599994,26.221201500000063],[-98.50259402099994,26.221808037000073],[-98.50630953799998,26.21076257900006],[-98.44060517499997,26.220430933000046],[-98.43301392399997,26.193955020000033],[-98.45224556999995,26.312862899000038],[-98.51730639099998,26.529257077000068],[-98.75523630699996,26.861444309000035],[-98.82804023399996,27.105271929000025],[-98.83756656299994,27.222719047000055],[-98.77119227499998,27.270536527000047],[-98.49660589199999,27.27229777100007],[-98.45487512799997,27.199098837000065],[-98.36670568799997,26.873521753000034],[-98.36455230299998,26.819588924000072],[-98.20720342399994,26.67938723000003],[-97.91084666099994,26.311426018000077],[-97.76647636099995,26.18316847400007],[-97.48466379299998,26.04903286600006],[-97.31355258299999,25.92889266000003],[-97.27861757599999,25.937237313000026],[-97.29106875299999,25.957008892000033],[-97.15036742099994,25.954609450000078],[-97.14781157499999,25.971121371000038],[-97.15642516599996,26.06217440000006],[-97.21970337799996,26.03519876000007],[-97.16339843499998,26.048943119000057],[-97.17459075799997,26.02980859300004],[-97.16121642399997,26.007683344000043],[-97.19828003299995,25.981382908000057],[-97.20296448199997,25.992161337000027],[-97.24542207299999,25.969690857000046],[-97.25344056999995,26.018513270000028],[-97.32475253799998,25.97363143900003],[-97.31922885499995,25.989695133000055],[-97.23120087999996,26.03782136500007],[-97.23941773999996,26.064425070000027],[-97.21768159099997,26.05134446900007],[-97.20056885399998,26.067082007000067],[-97.27147646499998,26.085640513000044],[-97.31124088199994,26.118610946000047],[-97.29298373399996,26.122761338000032],[-97.30916568499998,26.153261756000063],[-97.29908725399997,26.202040301000068],[-97.32565281299998,26.223547568000072],[-97.33448002399996,26.18260059800008],[-97.34548924299997,26.185196501000064],[-97.34775517399999,26.21023617900005],[-97.29994937699996,26.255722639000055],[-97.33251164199999,26.24685155800006],[-97.31935093299995,26.264549849000048],[-97.34409306699996,26.264261840000074],[-97.35122655099997,26.31161940900006],[-97.33399127199999,26.34395162100003],[-97.34548730299997,26.347408226000027],[-97.35437749399995,26.324186932000032],[-97.36902593499997,26.340742721000026],[-97.35610173799995,26.350588456000025],[-97.39845251799994,26.353045122000026],[-97.63872327299998,26.43810237300005],[-97.92143556999997,26.557619636000027],[-98.02330114599994,26.660042798000063],[-98.17263022399999,26.939416237000046],[-98.28095662899995,27.324172619000024],[-98.28593650299996,27.413866234000068],[-98.41156622399996,27.433828558000073],[-98.58860750699995,27.49996036300007],[-98.79792140899997,27.875075894000076],[-98.78686949399997,28.07825974600007],[-98.42585647799996,28.199725741000066],[-98.19271595499998,28.204776296000034],[-98.02036323999994,28.23500770800007],[-97.91502352799995,28.236951087000023],[-97.78338264299998,28.28982947000003],[-97.63353240699996,28.436863720000076],[-97.53590809099995,28.587556076000055],[-97.40929516099999,28.713315513000055],[-97.35840402899998,29.030229622000036],[-97.22020774099997,29.082827076000058],[-97.11437923799997,29.09986837400004],[-96.97253242399995,29.098229278000076],[-96.81259295099994,29.185783540000045],[-96.72422743099997,29.33865694700006],[-96.73875261699999,29.418978003000063],[-96.77576413699995,29.496412083000052],[-96.91255235399996,29.70906436200005],[-96.91319130099998,29.831384701000047],[-96.88282672799994,29.874054553000065],[-96.86916963799996,29.959709863000057],[-96.83150414099998,30.049836128000038],[-96.84851824299994,30.231091741000057],[-96.88743364199996,30.323311834000037],[-97.02294062999994,30.384423808000065],[-97.17074470399996,30.482591292000052]]],[[[-87.47485079899997,30.295228808000047],[-87.46271242799997,30.297622533000037],[-87.52394596599999,30.287462081000058],[-87.47485079899997,30.295228808000047]]],[[[-88.25571191899996,30.346378163000054],[-88.25990045899994,30.368728478000037],[-88.26321924399997,30.326125929000057],[-88.25571191899996,30.346378163000054]]],[[[-86.57953347599994,30.399961374000043],[-86.72956556099996,30.40274609800008],[-87.18089014699996,30.330207692000045],[-87.29643735899998,30.333211763000065],[-87.26368212899996,30.315428289000067],[-86.76011408599999,30.39084670400007],[-86.51828467799999,30.389484307000032],[-86.57953347599994,30.399961374000043]]],[[[-88.02068836899997,30.661323460000062],[-88.02202351399995,30.675933755000074],[-88.02993519799998,30.672624503000065],[-88.02068836899997,30.661323460000062]]],[[[-104.51088242199995,30.442823176000047],[-104.54320648699996,30.581828719000043],[-104.63250045099994,30.815484110000057],[-104.69165224399995,30.859642033000057],[-104.70661340299995,30.908692792000068],[-104.75781615599999,30.894566844000053],[-104.80380848999994,30.832932738000068],[-104.86690678599996,30.442344969000033],[-104.84865738499997,30.418101517000025],[-104.85692001799998,30.387511456000027],[-104.82129073799996,30.376713954000024],[-104.81197524399994,30.33544273700005],[-104.71222088199994,30.24082869500006],[-104.68737956499996,30.16721837600005],[-104.68981333799996,30.089219249000053],[-104.58260086699994,30.145618531000025],[-104.51085117899999,30.141419368000072],[-104.28251749599997,29.843983172000037],[-104.04035993799994,29.794668733000037],[-103.84733325199994,29.724903880000056],[-103.50113750999998,29.56511017100007],[-103.48876338699995,29.35080672400005],[-103.51067200399996,29.119648231000042],[-103.47413766199998,29.087788603000035],[-103.47476327299995,29.06527425400003],[-103.45153938999994,29.071068782000054],[-103.43219886899999,29.044600500000058],[-103.38391241999994,29.02408696400005],[-103.36032232599996,29.020693791000042],[-103.33777746099997,29.043431299000076],[-103.32821782799999,29.039134042000057],[-103.34394201199996,29.028088583000056],[-103.31151707999999,29.025418296000055],[-103.28799564799999,28.98389721700005],[-103.27067691899998,28.99406529500004],[-103.16036347699998,28.97026730600004],[-103.11709717099995,28.98346616200007],[-103.09912231599998,29.060650853000027],[-103.09054687499997,29.054469136000023],[-103.07163360299995,29.093110120000063],[-103.03337218099995,29.10245231600004],[-102.99789549199994,29.175036483000042],[-102.97741056299998,29.18615823500005],[-102.95253873099995,29.176743561000023],[-102.92121243099996,29.19182115800004],[-102.91676449399995,29.21396357100008],[-102.86895106899999,29.221209593000026],[-102.87334560099998,29.242655825000043],[-102.90464138499999,29.256043505000036],[-102.88387417199999,29.350638478000064],[-102.84179805199994,29.359547707000047],[-102.81593439899996,29.399209124000038],[-102.83099482999995,29.441924202000052],[-102.80362055799998,29.484360811000045],[-102.80896876799994,29.51861107600007],[-102.77478144299994,29.54654038800004],[-102.76750300199996,29.59577669600003],[-102.74179956599994,29.595969339000078],[-102.74154016799997,29.635855821000064],[-102.69496270399998,29.672768748000067],[-102.67557641299999,29.739237951000064],[-102.63231773599995,29.73433416000006],[-102.58295554199998,29.752469236000024],[-102.59042733499996,30.022679098000026],[-102.54816496799998,30.078183704000026],[-102.30916555899995,30.078851305000057],[-102.20383920099994,30.011291757000038],[-101.93970578499994,29.948064514000066],[-101.84248163399997,29.944577868000067],[-101.76348701999996,29.911446977000026],[-101.72405102899995,29.849606066000035],[-101.73478744999994,29.772553626000047],[-101.71224305999999,29.76504441800006],[-101.66345306999995,29.769923420000055],[-101.64527221699996,29.754166810000072],[-101.62977691499998,29.76814386500007],[-101.57983488599996,29.768420432000028],[-101.54277128199999,29.810174209000024],[-101.53814786399994,29.75939485600003],[-101.46454708099998,29.78835223300007],[-101.45128718499996,29.751883720000023],[-101.40378656699994,29.77082942000004],[-101.41275110599997,29.741397117000076],[-101.37474144999999,29.699279038000043],[-101.36558617199995,29.653578955000057],[-101.30625235799994,29.65293236900004],[-101.30769430899994,29.577767558000062],[-101.28663717699999,29.57251853500003],[-101.27998434499995,29.617503361000047],[-101.24913869499994,29.624737937000077],[-101.24357686199994,29.56843871600006],[-101.26022420499999,29.52516668900006],[-101.17409594699996,29.512839497000073],[-101.15210039799996,29.47595136700005],[-101.48409927499995,30.048243151000065],[-101.73249904999994,30.310539515000073],[-101.93539037299996,30.259247534000053],[-102.00052016599994,30.28802236300004],[-102.05931164499998,30.42010782400007],[-102.18643889599997,30.48801063600007],[-102.25277872699996,30.593552423000062],[-102.36277521199997,30.619411117000027],[-102.46087235299996,30.59704732000006],[-102.53886765399994,30.52937358400004],[-102.57863751899998,30.433582220000062],[-102.76752276199994,30.318377489000056],[-103.00933695199996,30.202855086000056],[-103.42361372899995,30.05738395000003],[-103.63380500399995,30.037813259000075],[-103.83468768999995,29.984048981000058],[-104.14433002399994,29.995627549000062],[-104.31570653399996,30.03576365500004],[-104.49677153599998,30.141500360000066],[-104.51338713099994,30.241179585000054],[-104.51088242199995,30.442823176000047]]],[[[-81.18437511299999,31.51457246800004],[-81.17346507499997,31.522154181000076],[-81.19245464499994,31.537525506000065],[-81.24325879699995,31.52326997800003],[-81.26200171799996,31.499321820000034],[-81.19484553699994,31.494857224000043],[-81.18437511299999,31.51457246800004]]],[[[-81.29396376699998,31.538204519000033],[-81.27754530799996,31.55255732200004],[-81.31412826399998,31.550377221000076],[-81.29396376699998,31.538204519000033]]],[[[-81.22269757899994,31.67719495600005],[-81.26738295599995,31.676071526000044],[-81.20890363099994,31.668308617000037],[-81.22269757899994,31.67719495600005]]],[[[-81.05472878799998,31.858728816000053],[-81.07678537399994,31.86092989800005],[-81.06476144399994,31.845217155000057],[-81.05472878799998,31.858728816000053]]],[[[-80.88994145099997,31.952000098000042],[-80.93077398299994,31.96005292500007],[-80.92741704799994,31.943573429000025],[-80.88994145099997,31.952000098000042]]],[[[-80.93320013199997,31.970589121000046],[-80.99821594299993,31.992046103000064],[-81.00255134699995,31.961807683000075],[-80.97281958799994,31.941664170000024],[-80.94866491799996,31.957189992000053],[-80.96087195399997,31.965620476000026],[-80.93320013199997,31.970589121000046]]],[[[-110.82779839499995,31.73095206000005],[-110.77981021999994,31.742260455000064],[-110.70443086999995,31.87038462000004],[-110.59012545999997,32.019980700000076],[-110.57266410999995,32.100370879000025],[-110.62160564399994,32.14625205500005],[-110.68102779899999,32.153670403000035],[-110.88965339599997,32.05973575200005],[-111.02432959299995,31.987039432000074],[-111.07065229699998,31.93758153300007],[-111.07399495799996,31.76088887700007],[-111.03102852899997,31.713111171000037],[-110.82779839499995,31.73095206000005]]],[[[-94.62367366199999,33.32449138000004],[-94.87376969299999,33.531690609000066],[-95.05138889999995,33.498888890000046],[-95.15908171699994,33.38092666600005],[-95.30912197199996,33.33931768100007],[-95.51885086499999,33.28572647000004],[-95.69661269799997,33.31412893000004],[-95.77124592399997,32.876025553000034],[-95.86534029799998,32.74099816900008],[-95.96889802299995,32.66327182100002],[-96.13849257999999,32.48311047200008],[-96.17894939599995,32.36460879900005],[-96.19129161299998,32.25156682200003],[-96.08259009299996,32.06781854400003],[-95.85367315799994,31.893704256000035],[-95.48684261299996,31.849142440000037],[-95.13279604299998,31.919679229000053],[-94.74444432299998,32.20927518600007],[-94.47946146299995,32.481416832000036],[-94.31000892099996,32.69620092700006],[-94.30295103099996,32.75502205600003],[-94.34316362399994,32.82804834800004],[-94.42118128099997,32.908011610000074],[-94.38994942699998,32.96742456800007],[-94.41934675699997,33.103940987000044],[-94.62367366199999,33.32449138000004]],[[-95.87951853699997,32.29894765100005],[-95.91588131599997,32.37350498500007],[-95.93691642699997,32.469078823000075],[-95.92583689899999,32.51865222600003],[-95.86841184199994,32.582176109000045],[-95.73228554799994,32.629702415000054],[-95.62038464999995,32.74225306500006],[-95.54739369799995,32.841574044000026],[-95.53702730599997,32.93179398500007],[-95.48067488399994,32.99991636100003],[-95.29186969799997,33.06238276100004],[-95.16006208799996,33.06587318700008],[-95.01106781799996,33.10769339400008],[-94.91785383599995,33.07088926500006],[-94.96278943399994,32.91850132800005],[-95.20287597899994,32.67942654700005],[-95.29016354999999,32.660312857000065],[-95.36271859899995,32.673679691000075],[-95.52855123299997,32.646888991000026],[-95.54983882499994,32.52866044500007],[-95.48363462099996,32.42513568800007],[-95.59969802699999,32.32120558200006],[-95.68146018999994,32.27656637800004],[-95.80468247699997,32.270053318000066],[-95.87951853699997,32.29894765100005]]],[[[-109.70118619699997,32.60358997600002],[-109.75787682999999,32.63139761600007],[-109.98854979799995,32.663695027000074],[-110.13231501899998,32.70068039000006],[-110.43067907899996,32.735464628000045],[-110.57112967099994,32.79872992700007],[-110.65070464799999,32.816956608000055],[-110.74405385399996,32.78404638000006],[-110.87712816799996,32.662174202000074],[-110.89829319699999,32.51219434600006],[-111.02848616999995,32.32646909500005],[-111.25299141199997,32.18531806800007],[-111.32739682099998,32.111824813000055],[-111.38381068199999,32.01855327200008],[-111.46337867899996,31.712024033000034],[-111.52944822599994,31.57678844800006],[-111.59509564799998,31.49744516900006],[-111.08889974299996,31.334425142000043],[-111.21714637699995,31.701935130000038],[-111.26734950299999,31.755540049000047],[-111.30422562099994,31.833050601000025],[-111.30284207099999,31.963735046000068],[-111.25025069999998,32.06142540400003],[-111.06707951099997,32.245505008000066],[-110.67415071299996,32.38839212900007],[-110.47092910599997,32.497669219000045],[-110.31646566499995,32.510878665000064],[-110.15991828099999,32.494531632000076],[-109.94458255699999,32.41701036300003],[-109.85566502999995,32.37066057100003],[-109.69897007199995,32.21445105000004],[-109.63032279399994,32.076646442000026],[-109.59429720899999,31.949076302000037],[-109.56371791199996,31.723689868000065],[-109.43798432299997,31.332281842000043],[-109.05714963899999,31.331927438000037],[-109.09299328499998,31.772274292000077],[-109.02688141699997,32.01468740800004],[-108.92045664399996,32.163505402000055],[-108.92824828299996,32.272951112000044],[-109.00270486399995,32.37213487200006],[-109.13260299199999,32.448193305000075],[-109.33552802199995,32.445004605000065],[-109.39153489299997,32.45862436900006],[-109.70118619699997,32.60358997600002]]],[[[-87.54565107799993,34.820079071000066],[-87.66110671499996,34.790861852000035],[-87.81167797199998,34.79001151400007],[-87.88844564099998,34.76156679800005],[-87.95126765499998,34.72606236000007],[-87.97558130799996,34.63792507900007],[-87.95302546499994,34.60693388100003],[-87.77653403699998,34.585408236000035],[-87.53406788799998,34.59891662700005],[-87.37233569499995,34.664229273000046],[-87.29711473599997,34.74222173000004],[-87.35672275899998,34.799484488000076],[-87.54565107799993,34.820079071000066]],[[-87.86441985999994,34.60462709900003],[-87.94588505799999,34.620066731000065],[-87.96037325499998,34.67834149400005],[-87.94667783299997,34.71645380700005],[-87.81730152599994,34.77868071600005],[-87.65359156699998,34.77795568300007],[-87.53398388399995,34.80083808300003],[-87.36695992499995,34.79118820200006],[-87.32608974399994,34.752398355000025],[-87.32846966799997,34.72794848600006],[-87.37683158099998,34.67856072100005],[-87.51843001899994,34.61836530000005],[-87.61583083199997,34.60117992200003],[-87.86441985999994,34.60462709900003]]],[[[-100.55882120899997,34.74081492400006],[-100.46993319399996,34.78230930400008],[-100.33333304899998,34.81148450500007],[-100.22756079199996,34.89644749900003],[-100.16035195799998,34.99199746700003],[-100.19283050999996,35.042907970000044],[-100.67238273899994,35.032675733000076],[-100.79631757799996,34.86956305100006],[-100.74823645299995,34.731273729000065],[-100.71367408799995,34.69059447200004],[-100.55882120899997,34.74081492400006]]],[[[-81.01289687799994,34.54293821700003],[-80.74128214799998,34.553381709000064],[-80.61454176399997,34.669347807000065],[-80.60678292599994,34.770420709000064],[-80.78725606199998,34.827379552000025],[-80.84835719099993,34.947610078000025],[-80.95173846799997,35.011706254000046],[-81.15727581999994,34.995047242000055],[-81.34509211799997,34.919416323000064],[-81.36411762299997,34.85299004600006],[-81.35969461399998,34.67908559500006],[-81.32192876499994,34.597820917000035],[-81.17937727699996,34.56016581400007],[-81.01289687799994,34.54293821700003]]],[[[-116.90536468399995,33.427233632000025],[-116.85639977399995,33.73503909300007],[-116.81288730699998,33.83330755600008],[-116.79216032199997,34.06766487900006],[-116.92798227399999,34.11708125500007],[-117.04505290999998,34.13885835700006],[-117.12601534499998,34.07767014600006],[-117.12856994199996,33.79690567200004],[-117.16733694699997,33.57978963900007],[-117.46612720899998,33.345485617000065],[-117.47287575399997,33.30068232100007],[-117.34115270999996,33.14045813800004],[-117.28375675599995,33.017804167000065],[-117.25914431799998,32.920792590000076],[-117.21941026199994,32.93405022500008],[-117.05395299999998,32.89226922700004],[-116.84505791299995,32.64425859100004],[-116.73178285899996,32.61538210800006],[-116.59541052699996,32.62630618600008],[-116.48581342699998,32.671579536000024],[-116.50881798499995,32.81252756900005],[-116.89637565299995,33.30952255700004],[-116.90536468399995,33.427233632000025]]],[[[-76.60061075899995,34.67455219300007],[-76.65144543099996,34.68874668300003],[-76.53481483899998,34.63307879800004],[-76.52828407599998,34.64152072500008],[-76.60061075899995,34.67455219300007]]],[[[-76.56503488299995,34.66987537500006],[-76.56093789699997,34.67384647400007],[-76.56648446799994,34.67491840500003],[-76.56503488299995,34.66987537500006]]],[[[-76.58043100599997,34.67578052700003],[-76.58080484599998,34.679885142000046],[-76.58858683099999,34.68101810700006],[-76.58043100599997,34.67578052700003]]],[[[-76.68337445799995,34.70055698800007],[-76.81842241199996,34.708400004000055],[-77.08837212399999,34.661983371000076],[-77.08930861199997,34.64587889000006],[-76.93248189399998,34.68191073500003],[-76.68337445799995,34.70055698800007]]],[[[-76.68024640599998,34.70819782800004],[-76.68601422999996,34.71744847100007],[-76.68948560599995,34.71482014400004],[-76.68024640599998,34.70819782800004]]],[[[-76.56323434699993,34.710273028000074],[-76.58532908099994,34.70410465900005],[-76.53724862099995,34.69087147400006],[-76.56323434699993,34.710273028000074]]],[[[-76.52937508199994,34.70427250900008],[-76.53026772199996,34.70930028200007],[-76.54370308999995,34.70924306000006],[-76.52937508199994,34.70427250900008]]],[[[-76.67926221599998,34.74407124900006],[-76.67855268199997,34.74768758300007],[-76.68256574399999,34.745528464000074],[-76.67926221599998,34.74407124900006]]],[[[-76.47145270399994,34.71071935000003],[-76.47744940899997,34.71408391400007],[-76.47767828999997,34.70909047400005],[-76.47145270399994,34.71071935000003]]],[[[-76.69750410299997,34.74958348800004],[-76.69677168199996,34.75365377000003],[-76.70128065599994,34.75287175700004],[-76.69750410299997,34.74958348800004]]],[[[-76.43028921799998,34.74603127300003],[-76.50331306199996,34.67440723800007],[-76.53799629699995,34.611808041000074],[-76.55011177999995,34.615802029000065],[-76.53862953599997,34.58500978500007],[-76.43028921799998,34.74603127300003]]],[[[-76.48517035999998,34.753402007000034],[-76.49223518099996,34.75815893400005],[-76.48968696299994,34.75262762300002],[-76.48517035999998,34.753402007000034]]],[[[-76.44271276799998,34.75166632100007],[-76.44703863399997,34.75497747700007],[-76.44612310799994,34.75040365600006],[-76.44271276799998,34.75166632100007]]],[[[-76.43160436399995,34.76177908500006],[-76.43523595799996,34.755980745000045],[-76.42940926199998,34.753173950000075],[-76.43160436399995,34.76177908500006]]],[[[-85.80503436299995,36.02828927300004],[-85.88111971099994,36.052512180000065],[-85.97166070099996,36.03994996200004],[-86.12509765299995,35.97956293300007],[-86.17232233999994,35.92334615200008],[-86.19401388099999,35.82934082300005],[-86.17750141299996,35.795485488000054],[-86.13569509499996,35.76465739200006],[-86.00699507299998,35.76431365800005],[-85.90683518799995,35.78898264400004],[-85.79815506299997,35.84547150700007],[-85.76171819699994,35.90307410500003],[-85.76264654399995,35.966430106000075],[-85.80503436299995,36.02828927300004]],[[-86.05654420299999,35.80389609700006],[-86.07263694699998,35.83221322700007],[-86.04847538899998,35.95511053300004],[-85.95395459799994,36.02181958500006],[-85.86532680299996,36.00034892100007],[-85.81354467399996,35.95569486100004],[-85.80710537099998,35.91943369100005],[-85.88818411999995,35.84712625800006],[-86.00676557299994,35.793353969000066],[-86.05654420299999,35.80389609700006]]],[[[-76.43882095299995,34.94729817700005],[-76.44751166599997,34.93904047700005],[-76.43828524899999,34.92674731000005],[-76.43882095299995,34.94729817700005]]],[[[-76.51080514399996,35.003638573000046],[-76.58110240699995,34.988894764000065],[-76.56255534199994,34.95154886700004],[-76.51739693999997,34.93249826700003],[-76.54329874299998,34.93053751200006],[-76.51816750599994,34.89071587900003],[-76.54463388599999,34.91331033500006],[-76.56938364999996,34.911765382000056],[-76.55221750699997,34.93170862300008],[-76.58814433799995,34.94411783600003],[-76.59128002099999,34.974650679000035],[-76.62600140799998,34.98928385900007],[-76.67701918199998,34.96529703600004],[-76.64123731099994,34.93610696700006],[-76.66019635899994,34.91302422800004],[-76.63872723699996,34.90377740200006],[-76.68381697299998,34.898700037000026],[-76.66179090499998,34.928061770000056],[-76.69925124499997,34.95729380000006],[-76.75235947499993,34.92242745800007],[-76.76119431399997,34.85905769200008],[-76.76496323699996,34.902781762000075],[-76.77652940199994,34.89446953400005],[-76.76183518499994,34.91041878800007],[-76.78855333399997,34.92887429600006],[-76.84885608899998,34.93596200400003],[-76.84077655499993,34.913935937000076],[-76.85067951299999,34.91874627000004],[-76.86229145299995,34.89543083500007],[-76.85591327999998,34.927974025000026],[-76.86912739499996,34.94786386000004],[-76.89045155899998,34.94797448600008],[-76.91234029699996,34.90584877400005],[-76.91095937799997,34.94033746000008],[-76.92447866999998,34.93887642900006],[-76.89626516199996,34.95675973500005],[-76.96110740599994,34.99162225900005],[-76.99260421499997,34.98134962700004],[-77.11131258999995,34.854276165000044],[-77.08745517699998,34.677745016000074],[-76.95081533599995,34.71329044100003],[-76.94856466399995,34.727771035000046],[-76.69312482799995,34.72128605700004],[-76.72102553399998,34.73615956500004],[-76.70660597399996,34.74620747900008],[-76.71990401299996,34.762484796000024],[-76.75242813199998,34.74794316600003],[-76.77221115799995,34.75666738100006],[-76.73822982499996,34.779357204000064],[-76.69851881399995,34.778243314000065],[-76.69019514299998,34.80254675700007],[-76.65873150799996,34.75302816100003],[-76.67606549499999,34.714438674000064],[-76.62427715099994,34.70886921600004],[-76.62595562099995,34.81116416100008],[-76.59551432699999,34.77756430100004],[-76.56988718399998,34.77454306100003],[-76.58928873899998,34.75375295600003],[-76.56937601199996,34.72317815100007],[-76.50539588999999,34.727195031000065],[-76.51963997499996,34.75897146500006],[-76.50157356499994,34.76207281400008],[-76.50779915199996,34.785434026000075],[-76.48103522999997,34.807360912000036],[-76.47428321399997,34.79579474700006],[-76.49358558599994,34.77774359500006],[-76.47672461799993,34.76678396800003],[-76.45304297199993,34.80696800000004],[-76.46229743199996,34.824973374000024],[-76.43516729599997,34.83005836700005],[-76.43819280199995,34.92319965400003],[-76.44211004999994,34.910247136000066],[-76.47704472299995,34.979749954000056],[-76.49444771499998,34.955893812000056],[-76.49327278799996,34.98176128000006],[-76.52213479699998,34.97671061900007],[-76.51080514399996,35.003638573000046]]],[[[-76.71660716999997,35.348910154000066],[-76.78405963799997,35.31805361100004],[-76.77166266199998,35.19074694200003],[-76.79519214699997,35.12000246700006],[-76.83680881699996,35.05035297500007],[-76.89991468099998,35.02244314200004],[-76.87123311099998,35.006522473000075],[-76.86922658099996,35.028273883000054],[-76.85322773499996,34.99377756800004],[-76.80391131199997,34.96427850800006],[-76.75953874199996,34.99168330100008],[-76.78537950999998,35.01828700400006],[-76.73625382299997,34.997851669000056],[-76.70405013899995,35.01557857200004],[-76.73850449499997,35.024264638000034],[-76.71358688499998,35.02902538300003],[-76.71162613099995,35.048507046000054],[-76.69532210899996,35.02260524600007],[-76.68221480599993,35.03995830800005],[-76.66783339199998,35.034552881000025],[-76.67521864899999,35.04566509700004],[-76.64122968699996,35.05196697900004],[-76.64756971599996,35.061232880000034],[-76.59931378299996,35.07211621600004],[-76.62002759499995,35.08679517300004],[-76.65560347199994,35.08327039100004],[-76.63807111899996,35.111388531000046],[-76.62586408399994,35.09468396900007],[-76.66841533599995,35.15765796100004],[-76.66752059299995,35.14539275000004],[-76.72817429699995,35.13482984800004],[-76.72307785999999,35.12242445000004],[-76.73586472999995,35.125960675000044],[-76.72383317199996,35.14424833900006],[-76.75931749499995,35.14341291900007],[-76.67621047699998,35.16562590700005],[-76.71676756799997,35.274389314000075],[-76.71660716999997,35.348910154000066]]],[[[-76.80466664299996,35.391734504000055],[-76.81453145299997,35.39881076900008],[-76.81600392599995,35.37705173100005],[-76.85167898499998,35.37392367700005],[-76.79456383699994,35.342912073000036],[-76.79138067599996,35.32179950300008],[-76.71658451399998,35.35942385000004],[-76.71655789799996,35.371771694000074],[-76.80466664299996,35.391734504000055]]],[[[-76.92329613699997,35.44528523200006],[-76.96267908299995,35.43495121300003],[-76.85666272199995,35.375871517000064],[-76.82353414099998,35.38588275700005],[-76.83908285399997,35.419448285000044],[-76.92329613699997,35.44528523200006]]],[[[-76.97047632799996,35.43787708600007],[-76.99279231399998,35.47341099800008],[-77.00322862999997,35.454630431000055],[-76.97047632799996,35.43787708600007]]],[[[-86.27177116599995,36.37887370900006],[-86.01053618599997,36.388381899000024],[-85.96688840299998,36.437816991000034],[-85.98580518399996,36.53443027700007],[-86.16149750599999,36.61934849200003],[-86.38920846399998,36.64522285100003],[-86.55495162099999,36.63677587300003],[-86.63219545499999,36.59409091600003],[-86.67123044499994,36.510135296000044],[-86.62844568899999,36.460525637000046],[-86.52075075799996,36.39873673300008],[-86.27177116599995,36.37887370900006]]],[[[-89.71756770599995,37.01881368700003],[-89.78376569299996,37.12579843900005],[-89.99857096899996,37.19045168200006],[-90.13055055999996,37.122409692000076],[-90.17859552299996,37.01550922000007],[-90.33847140499995,37.09556566900005],[-90.81285641799997,37.16841100000005],[-90.98028132699994,37.22034670100004],[-91.11189065899998,37.213958122000065],[-91.13372595699997,37.04106220600005],[-91.17667058999996,36.864861989000076],[-91.34299824599998,36.72244576200006],[-91.51617562099995,36.62972210300006],[-91.66378625099998,36.61031430500003],[-91.79229490599994,36.556962042000066],[-92.45554242799994,36.45428016400007],[-93.33408857299997,36.39431335000006],[-93.50375355699998,36.30699140200005],[-93.55216658799998,36.16967444100004],[-93.59002386399999,35.886907043000065],[-93.63372731399994,35.81332655500006],[-93.75947783499998,35.75784925800008],[-94.16416687099996,35.690330854000024],[-94.26832240799996,35.65052944000007],[-94.31141740999999,35.56841651800005],[-94.16081939099996,35.436087290000046],[-93.96477859199996,35.42400726500006],[-93.90966423099997,35.30816267400007],[-93.84743335199994,35.07360025100007],[-93.80286188599996,34.80045841300006],[-93.64676511499994,34.48708936700007],[-93.58259709299995,34.20550183300003],[-93.61771822799994,34.03397441800007],[-93.59219602799999,33.963673569000036],[-93.65095638099996,33.91503125200006],[-93.71985676599996,33.92896443700005],[-93.82258896399998,34.07904025800008],[-93.91565601799994,34.30602268200005],[-93.98430158399998,34.38450445400008],[-94.19394769399997,34.46225591500007],[-94.52376221099996,34.438796817000025],[-94.69374328099997,34.306686970000044],[-95.14085903899996,34.21971379800004],[-95.31375708699994,34.13801359200005],[-95.42571378999997,34.04747987200005],[-95.47632331899996,33.965577791000044],[-95.32275498299998,33.887928601000056],[-94.89383829499997,33.86402756000007],[-94.77633658799994,33.827080798000054],[-94.54862989699996,33.71203254400007],[-94.44353945499995,33.596627210000065],[-94.34405398499996,33.412823642000035],[-94.02373406899994,33.371968905000074],[-93.91015933099999,33.46198699000007],[-93.90743687099996,33.56417874700003],[-93.58751768599996,33.496568953000065],[-93.56658562999996,33.37341433100005],[-93.70550107399998,33.229275364000046],[-93.82157062499994,33.137062753000066],[-93.87108825599995,33.02057638000008],[-93.78443085399994,32.87654820300003],[-93.77694522099995,32.81721637000004],[-93.60147539299999,32.72273644400008],[-93.42729849799997,32.68444568800004],[-93.01463570999994,32.54931707600008],[-92.64167960699996,32.35772547200003],[-92.53098375499997,32.186105386000065],[-92.44831522499999,32.020048376000034],[-92.64903725999994,32.060200430000066],[-93.06276098099994,32.195713967000074],[-93.19886093499997,32.25735557300004],[-93.51254729199997,32.33948647300008],[-93.96171912999995,32.606476126000075],[-94.01771120899997,32.524749050000025],[-94.01255109299996,32.31179016200008],[-94.02630278199996,32.17812647100004],[-94.06585609999996,32.107787565000024],[-94.03538080699997,32.058279248000076],[-94.17393737599997,31.907411100000047],[-94.30265896499998,31.798961837000036],[-94.32142906099995,31.70657021100004],[-94.23114350699996,31.638131895000072],[-94.10864518999995,31.63899082000006],[-93.88970930099998,31.869637235000027],[-93.78573523899996,31.925346906000073],[-93.70127200699994,31.930771881000055],[-93.63533531299998,31.879502564000063],[-93.63407168399999,31.779670017000058],[-93.72283278199995,31.617512266000062],[-93.74182352099996,31.539445517000047],[-93.64684984599995,31.48754647100003],[-93.53834759499995,31.470931200000052],[-93.48103911699997,31.42684222300005],[-93.38768546499995,31.410916748000034],[-93.22148230699997,31.420659697000076],[-93.05667287299997,31.459232649000057],[-92.93752213199997,31.505963489000067],[-92.82521339999994,31.58843295300005],[-92.45608863499996,31.769925702000023],[-92.37541447699994,31.86005823000005],[-92.07867209099999,31.86993392900007],[-91.89428324699998,32.26476416200006],[-91.70746474599997,32.48704083700005],[-91.58712904899994,32.51092396900003],[-91.34606778099999,32.415763698000035],[-91.27401673699995,32.34149759100006],[-91.23805109699998,32.23304752900003],[-91.16712412999999,32.144463734000055],[-91.03290099599997,32.124368849000064],[-90.92000228899997,32.16926624400003],[-90.79389585399997,32.284761262000075],[-90.69235993299998,32.40839471700008],[-90.65633551699995,32.52326960000005],[-90.65732645399999,32.65637560000005],[-90.60100353999997,32.75349222300002],[-90.42414802899998,32.86136363600008],[-90.27211060099995,32.89539195000003],[-90.10753143999995,32.96183230400004],[-89.97730999399994,32.985794835000036],[-89.87002185799997,33.04422359300003],[-89.74774506599994,33.07322868400007],[-89.25709073999997,33.095214344000055],[-88.93028290299998,33.13249744400002],[-88.83701882499997,33.119557307000036],[-88.75036328699997,33.12835400600005],[-88.29001082399998,33.26941462800005],[-88.19902587599995,33.40590427600006],[-88.24084005699996,33.49743075200007],[-88.23482965999995,33.47964932300005],[-88.36438563999997,33.56676859800007],[-88.48835872699999,33.62483621200005],[-88.65256759799996,33.66665341700008],[-89.08731330399996,33.91361816800003],[-89.29598786999998,34.165472443000056],[-89.42550059599995,34.27888590400005],[-89.67553379299994,34.454730409000035],[-89.83862807599996,34.51524615100004],[-90.07594961899997,34.649467644000026],[-90.26238211299994,34.729868012000054],[-90.40280042299997,34.90872260200007],[-90.69661462799996,34.915345638000076],[-90.80975751899996,34.93388754000006],[-90.92178627499999,35.01606654400007],[-90.97598941199999,35.14831189500006],[-90.94863712699998,35.31288533800006],[-90.91016538199995,35.42722963400007],[-90.82182230799998,35.514526482000065],[-90.48263238199996,35.640044491000026],[-90.09808691399996,35.73955091800008],[-89.80262300399994,35.57316375900007],[-89.56938555599999,35.558227292000026],[-89.06045352399997,35.43153193400008],[-88.84166847799997,35.411007030000064],[-88.77483737499995,35.47363758400007],[-89.05889193599995,35.66833008400005],[-89.28401950099999,35.789205363000065],[-89.65567990299996,35.87024296200008],[-89.69564100599996,35.940769541000066],[-89.69065430399996,36.003625132000025],[-89.63252106999994,36.16983669800004],[-89.59670965599997,36.209068254000044],[-89.51029322499994,36.241844628000024],[-89.41185046599998,36.30647898800004],[-89.38844548099996,36.45435934000005],[-89.41561878599998,36.62158674800003],[-89.58356834699998,36.862653211000065],[-89.71756770599995,37.01881368700003]],[[-91.65387244799996,35.53240372500005],[-91.61960958899994,35.67924147800005],[-91.83702728799994,35.70478709500003],[-91.88380823599994,36.112193269000045],[-91.77353348099996,36.18117428200003],[-91.68092841099997,36.459619333000035],[-91.24189330499996,36.55058668400005],[-90.38398519899994,36.836403576000066],[-90.06504535399995,36.769486217000065],[-90.06723095599995,36.527197615000034],[-89.96992359799998,36.50163209900006],[-89.90305303699995,36.42369110200008],[-89.62023900399998,36.382756132000054],[-89.60703543599999,36.30914404500004],[-89.70301379199998,36.02005846000003],[-89.74000528799996,35.75893440900006],[-90.27155868699998,35.807178890000046],[-90.64933744399997,35.728004508000026],[-90.97364169999997,35.768378418000054],[-91.10761234699999,35.531936416000065],[-91.21224663399994,35.387492859000076],[-91.21881286999997,35.256061498000065],[-91.48967522399994,35.08406572000007],[-91.53536114099995,34.908383585000024],[-91.51351811399996,34.81246413200006],[-91.38804270699995,34.831196342000055],[-91.31865268399997,34.88424385500008],[-91.15112518199999,34.97015249400005],[-91.15782337699994,34.83048754400005],[-90.78948254199997,34.83940462700008],[-90.70249212499994,34.79840047300007],[-90.73366912899996,34.52991630300005],[-90.60194402799999,34.417224316000045],[-90.32060522699999,34.33268143300006],[-90.13740705599997,34.33779223800008],[-89.88006349499994,34.25340379200003],[-89.76176386599997,34.23859478500003],[-89.62536718399997,34.16217798800005],[-89.52737002899994,34.074133053000025],[-89.41455528299997,33.92841717700003],[-89.37034295999996,33.83725970300003],[-89.39426972299998,33.75943627000004],[-89.50797166099994,33.65232358800006],[-89.60845073999997,33.50043811000006],[-89.79063121499996,33.330106632000025],[-90.17302767099994,33.157895332000066],[-90.53070606399996,32.92063252000003],[-91.46010737599994,33.051003069000046],[-91.74718930999995,33.06387110400004],[-92.07953595599997,32.869054936000055],[-92.26528337499997,32.92597678800007],[-92.38642883299997,33.01231384100004],[-92.45617525099999,33.123673557000075],[-92.47733695999995,33.23374131400004],[-92.53421139399995,33.341676654000025],[-92.64059592599995,33.46893206400006],[-92.72611232699995,33.63755682800007],[-92.84264428099999,33.745208810000065],[-93.13304315899995,33.965085345000034],[-93.18560376899995,34.105831290000026],[-93.28852020999994,34.22477103600005],[-93.40887409399994,34.30576385300003],[-93.61978738099998,34.70986113500004],[-93.65702594199996,34.826549887000056],[-93.65425469299998,34.917577839000046],[-93.62939128799997,34.988126280000074],[-93.75085994599999,35.10988454200003],[-93.79803711999995,35.25149388700004],[-93.79398701999997,35.392116470000076],[-93.72788147799997,35.53982098300003],[-93.61329120999994,35.57894031300003],[-93.37885727899999,35.499507031000064],[-93.23906074599995,35.514599718000056],[-93.03663080899997,35.48488141400003],[-92.85238210999995,35.405036092000046],[-92.65904196099996,35.35984178100006],[-92.39212592299998,35.311937759000045],[-92.27775975499998,35.31568086900006],[-91.74583329999996,35.438055560000066],[-91.65387244799996,35.53240372500005]],[[-94.14708860999997,33.84588223900005],[-94.18837247799996,33.80614335000007],[-94.29540880699994,33.780095939000034],[-94.45589252199994,33.814241579000054],[-94.79737816899996,33.95866069400006],[-94.85297178499997,34.08564523200005],[-94.82348854499998,34.22874999700008],[-94.53373641699994,34.30214446000008],[-94.41434398899997,34.24294560800007],[-94.29492736799995,34.061502450000035],[-94.19054225799994,33.94062966900003],[-94.14708860999997,33.84588223900005]]],[[[-76.68989483299998,36.07702177500005],[-76.69170582599997,36.07192188200003],[-76.68842476099996,36.061814964000064],[-76.68989483299998,36.07702177500005]]],[[[-76.69135760199998,36.09214679400003],[-76.69258320799997,36.09101063000003],[-76.69080449799998,36.08642843800004],[-76.69135760199998,36.09214679400003]]],[[[-76.69577229799995,36.10925633100004],[-76.67915454299998,36.22785374600005],[-76.68873084099994,36.24938657900003],[-76.72188772699997,36.163981989000035],[-76.69577229799995,36.10925633100004]]],[[[-155.77512207899997,20.106557490000057],[-155.86555889199997,20.092160657000022],[-155.82083052399997,20.023034692000067],[-155.83134383099997,19.97197115700004],[-155.88528364999996,19.93176997300003],[-155.92764499499998,19.85335972200005],[-155.97515373199997,19.846149978000028],[-156.04722517799996,19.77245487400006],[-156.05375593999997,19.72875370400004],[-156.02088851099998,19.65169872900003],[-155.97241133999998,19.604943895000076],[-155.94705123699998,19.492047934000027],[-155.92010421599997,19.480392126000027],[-155.90557785099998,19.414050729000053],[-155.74122973799996,19.46022240700006],[-155.61983701199998,19.516794094000034],[-155.56011734699996,19.516794093000044],[-155.36497641699998,19.595054188000063],[-155.27998667099996,19.644322293000073],[-155.25171894899998,19.718438049000042],[-155.29291241599998,19.842995133000045],[-155.41757413399998,19.921796992000054],[-155.51784905099998,20.047494287000063],[-155.59637126399997,20.08080674100006],[-155.77512207899997,20.106557490000057]]],[[[-88.55329980799996,37.81694652500005],[-88.58710506299997,38.08012434500006],[-88.79150141299993,38.17788765500006],[-89.35853099699995,38.21667119600005],[-89.46328183999998,38.11882879400008],[-89.34996455199996,37.95295172800007],[-89.23971068599997,37.86514492100008],[-89.21639101599999,37.78895308800003],[-89.15328042799996,37.730386484000064],[-88.94021051399994,37.71361338300005],[-88.81121573799999,37.79486164000008],[-88.63585123999997,37.73516562100008],[-88.55329980799996,37.81694652500005]]],[[[-76.41385849699998,36.96437813600005],[-76.44561116899996,36.98889114000008],[-76.42981156799993,36.96886803500007],[-76.41385849699998,36.96437813600005]]],[[[-76.64901177299998,37.03865411400005],[-76.67040460299995,37.06772974100005],[-76.70110824499994,37.06597788000005],[-76.76902141799997,37.022361584000066],[-76.80448316399998,36.97630649400003],[-76.80402835299998,36.884124790000044],[-76.84927271799995,36.786600975000056],[-77.07479936899995,36.52462664300003],[-77.03479195299997,36.32587552600006],[-76.76279951399994,35.96903251200007],[-76.78670278499999,35.72872919400004],[-76.82132174699996,35.65283082900004],[-76.84985460799999,35.60228654900004],[-76.99101441499994,35.495279495000034],[-76.83168233799995,35.448314105000065],[-76.80540669999993,35.50936453600008],[-76.81221974999994,35.48139516800006],[-76.78977406499996,35.477607173000024],[-76.81211293699994,35.44324818700005],[-76.75847827599995,35.42953053400004],[-76.75893603899993,35.41864338600004],[-76.71528827899994,35.42776116300007],[-76.70531932999995,35.49533082200003],[-76.72455798199996,35.52259391000007],[-76.71013079199997,35.503119877000074],[-76.64907340499997,35.74122661000007],[-76.25748441799993,35.85927122500004],[-76.09445216499995,35.93316456800005],[-76.12159150999997,35.94894366300008],[-76.06699373999999,35.94557341500007],[-76.12144006199998,35.991427583000075],[-76.14992709199998,35.995719490000056],[-76.27172278099994,35.97236208900006],[-76.31382179299999,35.94870333000006],[-76.25556371799996,35.91918519800004],[-76.34994698699995,35.94255022100003],[-76.38337137499997,35.93312791500006],[-76.37327005499998,35.954162162000046],[-76.40089610099994,35.98314623600004],[-76.53585249999998,35.94311479100003],[-76.73522389999994,35.93422272200007],[-76.68277942799995,35.98951677300005],[-76.69560444499996,36.00848345000003],[-76.70895588999997,36.00249819000004],[-76.70800984599998,36.03742175100007],[-76.75532737199995,36.15536458500003],[-76.75010123699997,36.210593784000025],[-76.70603384399999,36.26612053000008],[-76.71068103199997,36.29869248400007],[-76.77467553199995,36.35693704500005],[-76.91885587599995,36.39567530000005],[-76.78403680299994,36.365359900000044],[-76.71907594999993,36.31753118900008],[-76.78764765399995,36.53135245100003],[-76.74359884599994,36.58536790900007],[-76.63571073699995,36.65027239500006],[-76.49277604699995,36.808939922000036],[-75.97327584899995,36.84580886500004],[-76.00975985999997,36.92977502300005],[-76.08946416899994,36.91254402900006],[-76.04961582499999,36.85243201800006],[-76.07414433599996,36.857211833000065],[-76.07548711299995,36.878120194000076],[-76.09669683599998,36.89278770800007],[-76.09896276599994,36.86835075100004],[-76.11786841099996,36.85753989600005],[-76.10768316699995,36.87903190500003],[-76.12021063699996,36.88210655300003],[-76.09928320199998,36.91191460300007],[-76.16880989699996,36.92837502200007],[-76.14191627099996,36.885890731000075],[-76.15135383399996,36.88070655700005],[-76.17844582399994,36.90595604300006],[-76.20955850499996,36.90544868500007],[-76.18745614199997,36.91120888100005],[-76.18537331799996,36.93155266600007],[-76.27878765499997,36.96946694700006],[-76.29546551699997,36.97036721500007],[-76.27392772899998,36.96207787700007],[-76.28946880999996,36.94888283700004],[-76.32952314499994,36.96899773800004],[-76.33345990999999,36.91693092300005],[-76.28372387199994,36.90835548500007],[-76.27129558399997,36.88942313800004],[-76.30703930799996,36.901717907000034],[-76.31580548399995,36.87155127600005],[-76.28236583799998,36.84616827600007],[-76.23997690699997,36.841850039000064],[-76.28669933299994,36.83902334600003],[-76.32387738499995,36.85770010700003],[-76.40094192099997,36.81706594000008],[-76.38768966099997,36.84530233600003],[-76.34029584699994,36.86403250600006],[-76.34780317599996,36.91821266200003],[-76.37397963799998,36.92569709700007],[-76.38778884499999,36.898383859000035],[-76.44682511799994,36.90488410300003],[-76.45856675899995,36.885219334000055],[-76.48570452399997,36.88317846900003],[-76.51830493399996,36.84497808300006],[-76.54979145499993,36.83441136700003],[-76.55565083199997,36.80234501500007],[-76.55999195899994,36.83829091600006],[-76.48436175199998,36.90219855300006],[-76.49107562099994,36.921417003000045],[-76.51001178199994,36.908733131000076],[-76.51359760199995,36.94874168500007],[-76.49431811599999,36.94100547700003],[-76.49452410999999,36.96459938400005],[-76.55585683399994,37.00194527700006],[-76.62076011399995,36.99353005200004],[-76.58153738499993,37.023433469000054],[-76.64901177299998,37.03865411400005]]],[[[-75.96503634299995,37.09588223700007],[-75.97710605099996,37.10938626900003],[-75.98266025099997,37.101836981000076],[-75.96503634299995,37.09588223700007]]],[[[-77.12710031399996,37.312011546000065],[-77.12237008799997,37.31509382300004],[-77.13261507499999,37.31283138400005],[-77.12710031399996,37.312011546000065]]],[[[-77.09796364799996,37.318240950000074],[-77.08802254299997,37.32121641400005],[-77.11190139699994,37.31783397800007],[-77.09796364799996,37.318240950000074]]],[[[-75.91806977899995,37.112193888000036],[-75.86666290299996,37.14785750300007],[-75.90945618999996,37.135070633000055],[-75.91806977899995,37.112193888000036]]],[[[-75.83967772799997,37.16791518600007],[-75.82751646999998,37.18024810500003],[-75.85889617599997,37.153068380000036],[-75.83967772799997,37.16791518600007]]],[[[-156.46811485599997,20.898728057000028],[-156.47093266899998,20.900405568000053],[-156.46721934199996,20.89740183400005],[-156.46811485599997,20.898728057000028]]],[[[-75.81596556299996,37.19169601400006],[-75.81298247199999,37.205215304000035],[-75.82158079999994,37.19504150400007],[-75.81596556299996,37.19169601400006]]],[[[-75.83479491599996,37.19680389400003],[-75.82513609999995,37.20513138000007],[-75.85591308599999,37.20243057300007],[-75.86913482999995,37.180145106000055],[-75.83479491599996,37.19680389400003]]],[[[-75.79242124599995,37.23498520800007],[-75.84331695299994,37.22337326600007],[-75.79829588199993,37.22155365700007],[-75.79242124599995,37.23498520800007]]],[[[-75.90201753299993,37.27729783400008],[-75.90080446199994,37.29042039700005],[-75.90887636399998,37.291110858000025],[-75.90201753299993,37.27729783400008]]],[[[-75.83396331499995,37.27254090900004],[-75.84113494899998,37.291358814000034],[-75.84918396199998,37.28071199300007],[-75.83396331499995,37.27254090900004]]],[[[-75.88981049799997,37.23066696600006],[-75.88054078199997,37.25488648600003],[-75.85402862699993,37.26452622800008],[-75.86145966199996,37.290157185000055],[-75.88162415799997,37.292117939000036],[-75.92090792099998,37.24565110000003],[-75.90040010199994,37.21510299800008],[-75.91096681199997,37.16369994200005],[-75.90155976699998,37.19109328900004],[-75.87809936999997,37.16226561700006],[-75.87188141499996,37.21878799800004],[-75.88981049799997,37.23066696600006]]],[[[-75.79687681599995,37.250091412000074],[-75.78893461599995,37.293403494000074],[-75.80928984699995,37.26816163700005],[-75.79687681599995,37.250091412000074]]],[[[-75.90722078399995,37.30149827900004],[-75.89998048699994,37.319427361000066],[-75.91456026499998,37.305343495000045],[-75.90722078399995,37.30149827900004]]],[[[-156.55562722799996,20.82742209500003],[-156.65668320699996,20.902326801000072],[-156.67792326299997,20.901531583000065],[-156.66435160399996,20.85908469700007],[-156.62084879899996,20.810954664000064],[-156.53509440699997,20.777900312000043],[-156.50110039499998,20.79612043800006],[-156.46519389699998,20.78686675600005],[-156.43899455799996,20.672813036000036],[-156.38974528999998,20.687183581000056],[-156.38249442299997,20.798501316000056],[-156.33377087299996,20.850022809000052],[-156.32566666099996,20.899327553000035],[-156.33953849899996,20.93842415100005],[-156.47871683599996,20.89569906400004],[-156.50866688899998,20.94556725900003],[-156.52400225599996,20.92204708500003],[-156.52227120599997,20.827969047000067],[-156.55562722799996,20.82742209500003]]],[[[-75.84336273499997,37.32862460000007],[-75.83672516099995,37.345661043000064],[-75.84945099299995,37.334251280000046],[-75.84336273499997,37.32862460000007]]],[[[-75.77588834899996,37.334285616000045],[-75.77657499599997,37.34382998900003],[-75.78926268299995,37.33333194000005],[-75.77588834899996,37.334285616000045]]],[[[-75.75833310599995,37.33782947000003],[-75.76132383099997,37.34744632400003],[-75.76793851799994,37.342658878000066],[-75.75833310599995,37.33782947000003]]],[[[-75.86035340399997,37.348186371000054],[-75.85215180199998,37.373798255000054],[-75.89781373899996,37.30439363600004],[-75.86548035599998,37.30252062100004],[-75.86035340399997,37.348186371000054]]],[[[-75.72283352399995,37.36394489400004],[-75.78474607599998,37.307788721000065],[-75.72120846399997,37.350288275000025],[-75.72283352399995,37.36394489400004]]],[[[-75.80227843199998,37.32783114500006],[-75.78410521199999,37.37853992700008],[-75.80809966199996,37.33889758300006],[-75.80227843199998,37.32783114500006]]],[[[-75.77819242999993,37.39242161300007],[-75.79947844799995,37.39579380500004],[-75.79999724599998,37.38537586500007],[-75.77819242999993,37.39242161300007]]],[[[-75.82808105699996,37.403468977000045],[-75.82525055099995,37.413818253000045],[-75.84427063799995,37.40441120700007],[-75.82872955699997,37.39033115700005],[-75.82808105699996,37.403468977000045]]],[[[-75.72985257099998,37.38548649200004],[-75.72939480799994,37.39454640200006],[-75.73772610799995,37.39026631000007],[-75.72985257099998,37.38548649200004]]],[[[-76.25966392799995,37.48703817300003],[-76.29665573199998,37.52104940000004],[-76.30340774899997,37.49900425900006],[-76.25966392799995,37.48703817300003]]],[[[-75.73223294599995,37.43001927900008],[-75.73017300799995,37.43630590200007],[-75.73607816199996,37.43422307600008],[-75.73223294599995,37.43001927900008]]],[[[-75.71734798899996,37.38056171900007],[-75.66759669599998,37.457485106000036],[-75.70379055399997,37.44183721500008],[-75.71734798899996,37.38056171900007]]],[[[-75.69474971899996,37.45970144700004],[-75.68684566599995,37.466712861000076],[-75.70997799699995,37.46834173600007],[-75.69474971899996,37.45970144700004]]],[[[-75.72040738199996,37.46866980000004],[-75.72393216499995,37.47920981100003],[-75.72993649899996,37.47531500400004],[-75.72040738199996,37.46866980000004]]],[[[-75.68202388599997,37.48153296300006],[-75.68512905199998,37.488887702000056],[-75.70928372099996,37.48192969100006],[-75.68202388599997,37.48153296300006]]],[[[-75.66143214499994,37.49812308600008],[-75.65794551299996,37.52069465300008],[-75.68879116399995,37.50805656000006],[-75.67395198599996,37.49171439200006],[-75.66143214499994,37.49812308600008]]],[[[-76.27868850799996,37.61400596300007],[-76.29436691999996,37.64117805600006],[-76.29088028499996,37.61433021100004],[-76.27868850799996,37.61400596300007]]],[[[-75.60022912799997,37.58010094900004],[-75.61466394799999,37.58192437500003],[-75.65946376199997,37.536163255000076],[-75.71019925399997,37.55499260300007],[-75.71766843299997,37.54524604900007],[-75.69729794299997,37.53463356000003],[-75.71995725099998,37.523090283000045],[-75.70137966999994,37.51162711600006],[-75.65949427999993,37.52437202300007],[-75.66491877999994,37.48688879900004],[-75.65390955999999,37.48654166400007],[-75.60022912799997,37.58010094900004]]],[[[-75.62673365299997,37.584575588000064],[-75.67162502599996,37.59325402600007],[-75.67139614299998,37.57510369200003],[-75.63459193099999,37.56758873900003],[-75.62673365299997,37.584575588000064]]],[[[-75.85750002799995,37.690586041000074],[-75.86675448599993,37.69176859700008],[-75.86373324399995,37.68215174200003],[-75.85750002799995,37.690586041000074]]],[[[-75.85518068999994,37.70230860600003],[-75.85251803199998,37.70903392200006],[-75.85898013099995,37.70786662300003],[-75.85518068999994,37.70230860600003]]],[[[-75.58483300999995,37.66262431400003],[-75.58832727299995,37.67362208800006],[-75.63812434599998,37.64482111600006],[-75.61316858699996,37.61045450100005],[-75.63739192199995,37.60306161600005],[-75.65319240399998,37.62352365500004],[-75.66641414699995,37.603977142000076],[-75.61073480899995,37.590415894000046],[-75.58483300999995,37.66262431400003]]],[[[-76.85226658399995,37.92710110100006],[-77.14572089999996,37.96567634200005],[-77.32082692099993,37.944445477000045],[-77.46052764999996,37.84887471900004],[-77.44115307799996,37.70843768100008],[-77.51545401799996,37.59797376000006],[-77.63323807299997,37.51974784500004],[-77.83912828299998,37.298067658000036],[-78.06518815799996,37.22630829600007],[-78.33876423899994,37.17459978100004],[-78.37912607599998,37.14842533500007],[-78.37419259999996,37.10486616900005],[-78.34222019099997,37.07471475800003],[-77.82237985699999,37.03614508100003],[-77.67029847099997,37.03132781100004],[-77.58849225399996,37.069426736000025],[-77.52195813099996,37.00819267300005],[-77.15745268299997,36.92739200200003],[-77.15686794499999,36.99229999600004],[-77.24345676099995,37.10238692000007],[-77.21572723099996,37.16930339900006],[-76.99160222199998,37.24489193800008],[-77.00241307999994,37.30179960300006],[-77.06743079799998,37.260494050000034],[-77.09491188799996,37.30503064900006],[-77.18403087199994,37.286811648000025],[-77.20298141799998,37.295923825000045],[-77.39124211899997,37.24985662000006],[-77.45843241899996,37.25944427700006],[-77.49448843699997,37.278761591000034],[-77.52506408099998,37.32232242900005],[-77.44433238499994,37.40852793800008],[-77.26364672199998,37.48544618400007],[-77.16802421899996,37.491485632000035],[-76.89812201799998,37.454063322000025],[-76.81486457999995,37.42289766700003],[-76.81372559499994,37.396434543000055],[-77.08053047599998,37.32015974300003],[-77.06791908199995,37.28091031500003],[-77.00999670099998,37.31737501500004],[-76.96013095899997,37.25194531600005],[-76.88368731099996,37.276284503000056],[-76.87735963699998,37.319568471000025],[-76.85503601999994,37.29595549000004],[-76.87108196799994,37.28103156100008],[-76.65839836599997,37.356237658000055],[-76.74427244399999,37.44268785600008],[-76.76705382599994,37.48537814100007],[-76.80087494199995,37.49701678400004],[-76.82219148099995,37.54963672700006],[-76.85739351599995,37.523197054000036],[-76.88035037099996,37.53049838700008],[-76.86130739999999,37.57633961300007],[-76.88150241199997,37.54730213100004],[-76.92453221299996,37.56227481900004],[-76.95343236499997,37.53250110000005],[-76.97829657099999,37.552520635000064],[-76.96478491099998,37.57400501500007],[-76.97324591099994,37.58143604600008],[-76.98269110299998,37.55986392800003],[-77.01729041899995,37.56737888200007],[-77.01983100899997,37.595542797000064],[-77.00648719399999,37.594818006000025],[-77.00314551699995,37.57343662200003],[-76.97064428699997,37.58954227900006],[-76.95530156799998,37.54569232500006],[-76.91366032099995,37.57428730400005],[-76.88639285499994,37.55692661300003],[-76.88727023599995,37.58143223400003],[-76.86033846599997,37.587200059000054],[-76.84953523999997,37.564292798000054],[-76.86113191999993,37.532348515000024],[-76.81331849199995,37.55397785500003],[-76.62486474899998,37.36645111900003],[-76.52608259599998,37.37961500800003],[-76.48172055399993,37.39756469500003],[-76.49146474599996,37.41310106700007],[-76.47004099999998,37.40228630200005],[-76.43925659699994,37.41472299800006],[-76.45990956199995,37.41912066100008],[-76.44822132699994,37.449664950000056],[-76.40798474799993,37.427344324000046],[-76.41275226099998,37.437881349000065],[-76.28111518599997,37.478421995000076],[-76.34629258699994,37.48696888600006],[-76.32167252399995,37.49267948900007],[-76.36048326699995,37.52180852200007],[-76.39730273699996,37.530013936000046],[-76.42021381499995,37.50973118500008],[-76.44565022399996,37.51218785200007],[-76.52205100799995,37.546737568000026],[-76.51699271699994,37.557041068000046],[-76.44975484199995,37.525443927000026],[-76.37234698099996,37.543434045000026],[-76.33402451899997,37.52973928000006],[-76.32982835199994,37.546409511000036],[-76.30034836099998,37.556522277000056],[-76.41195881299996,37.582542328000045],[-76.44030965199994,37.61364356000007],[-76.53904930599998,37.615634829000044],[-76.59963434999997,37.65699759800003],[-76.57741754599994,37.65964499900008],[-76.62214870099996,37.676128308000045],[-76.61769313399998,37.68599693200008],[-76.57746332299996,37.67324821100004],[-76.60557002199994,37.69840996100004],[-76.60243434199998,37.719192434000036],[-76.62539882699997,37.72744744100004],[-76.63382168199996,37.750320370000054],[-76.67955991699995,37.75727837800008],[-76.68102476299998,37.77998346100003],[-76.73562072799996,37.79982370400006],[-76.79560305199993,37.89638896800005],[-76.85226658399995,37.92710110100006]]],[[[-76.80525646099994,37.929557482000064],[-76.81455296599995,37.929898853000054],[-76.80960299699996,37.92843624600005],[-76.80525646099994,37.929557482000064]]],[[[-75.77776520399993,37.77164074800004],[-75.80147736899994,37.77508541900005],[-75.80027955399999,37.76416394000006],[-75.77776520399993,37.77164074800004]]],[[[-75.88453098499997,37.79253766000005],[-75.88819309699994,37.813056921000054],[-75.89755436699994,37.812427495000065],[-75.88453098499997,37.79253766000005]]],[[[-75.56486688099994,37.742732973000045],[-75.55803857299998,37.761566138000035],[-75.56601129299997,37.76499936500005],[-75.56486688099994,37.742732973000045]]],[[[-75.98713874799995,37.84089277000004],[-75.99483680799995,37.85063932200006],[-75.99940681599998,37.81584546100004],[-75.98017310699998,37.80349728300007],[-75.98713874799995,37.84089277000004]]],[[[-75.73544494099997,37.801643349000074],[-75.73488799599994,37.81251523800006],[-75.74147979299994,37.809089640000025],[-75.73544494099997,37.801643349000074]]],[[[-76.40035451899996,37.94368742300003],[-76.39182485399994,37.95208738900004],[-76.41120352299998,37.963459003000025],[-76.57928471199995,37.92996225700006],[-76.80223295299999,37.929446306000045],[-76.75831818799998,37.87923427100003],[-76.72551178299994,37.898441278000064],[-76.74807953799996,37.87220378400008],[-76.73069213999997,37.83825297200008],[-76.69629118999995,37.82295984900003],[-76.66412565199994,37.84080882200004],[-76.67705747899998,37.82297129300008],[-76.65239163699994,37.797454780000066],[-76.64396878499997,37.81948084600003],[-76.62042446499999,37.81031031200007],[-76.62825985399996,37.78873056500004],[-76.60215205699996,37.78584665400007],[-76.60611934299999,37.77370065500003],[-76.57597559699997,37.78476709600005],[-76.58532923699994,37.76912301900006],[-76.57261865999999,37.73707574000008],[-76.51059928699993,37.64350882900004],[-76.47760977699994,37.682601857000066],[-76.51787773799998,37.75162118500003],[-76.47186484199995,37.70921700400004],[-76.42433370099997,37.73251336800007],[-76.45805563399995,37.70524208900008],[-76.45205129799996,37.68151085200003],[-76.46994986199996,37.67061989000007],[-76.44928945399994,37.649696273000075],[-76.42777455599997,37.67772667200006],[-76.40896046299997,37.654575270000066],[-76.43602193299995,37.64709464800006],[-76.36024676099998,37.60978690300004],[-76.35547075899996,37.626445690000025],[-76.31733903399999,37.62091819400007],[-76.30895432699998,37.640201492000074],[-76.34170732799998,37.63561241000008],[-76.33286485899998,37.65216438500005],[-76.35881243799997,37.65737144700006],[-76.34409532999996,37.66152565400006],[-76.36093341099996,37.67602150600004],[-76.32619676599995,37.67194741000003],[-76.35672961299997,37.69269173600003],[-76.34578905899997,37.71735376000004],[-76.31503495899995,37.68798058600004],[-76.29875382599994,37.701160368000046],[-76.33061418999995,37.73192590700006],[-76.32270250599998,37.73988336800005],[-76.34655962899996,37.740501348000066],[-76.34152422999995,37.776653241000076],[-76.30872544999994,37.73997110600004],[-76.32095537399994,37.76704783200006],[-76.28956040799994,37.79253001700005],[-76.35846149199995,37.802940326000055],[-76.31093035099997,37.810325582000075],[-76.33210955999994,37.84670254200006],[-76.39562428899995,37.84788128200006],[-76.38963521199997,37.86541744900006],[-76.44173636399995,37.87489315700003],[-76.38603413699997,37.88164898900004],[-76.35322009999999,37.857677428000045],[-76.31994829999996,37.85817715400003],[-76.29338273999997,37.825283014000036],[-76.29081926399994,37.85741421600005],[-76.27749833599995,37.85525128100005],[-76.27040299599997,37.81742092200005],[-76.23636825699998,37.888626077000026],[-76.26130875699994,37.89200971400004],[-76.27781877099994,37.874759648000065],[-76.27668199199996,37.887428260000036],[-76.29653368199996,37.88704297500004],[-76.32386981399998,37.91632841200004],[-76.28434190699994,37.898967722000066],[-76.25940903899993,37.90874097900007],[-76.37465871099994,37.957546222000076],[-76.37880147099997,37.92862699600005],[-76.40035451899996,37.94368742300003]]],[[[-75.50273307799995,37.814655293000044],[-75.50618919499993,37.82611083000006],[-75.52761254099994,37.81819151700006],[-75.54034600199998,37.76552579500003],[-75.59121881599998,37.69594570000004],[-75.57126794299995,37.69893261100003],[-75.50273307799995,37.814655293000044]]],[[[-75.89401433199998,37.884899129000075],[-75.90711400699996,37.903427116000046],[-75.91174504999998,37.89222334900006],[-75.89401433199998,37.884899129000075]]],[[[-75.49568351599999,37.83710860600007],[-75.50488456899996,37.82878874900007],[-75.49575980999998,37.824863425000046],[-75.49568351599999,37.83710860600007]]],[[[-75.90239140999995,37.90464782000004],[-75.90158269499995,37.909160609000025],[-75.90743444199995,37.90887832100003],[-75.90239140999995,37.90464782000004]]],[[[-75.90653417199997,37.911838526000054],[-75.90583989799995,37.916816708000056],[-75.91169164399997,37.915985103000025],[-75.90653417199997,37.911838526000054]]],[[[-157.24623468999997,21.22092714200005],[-157.24400246099998,21.184850296000036],[-157.29093682499996,21.140261202000033],[-157.29948341799997,21.097154226000043],[-157.23438892399997,21.09247957200006],[-157.18172726099996,21.141819087000044],[-157.14275998199997,21.15116260600007],[-157.11237572499996,21.13305467600003],[-157.10260106999996,21.105729363000023],[-157.04685891299997,21.103770815000075],[-156.95108316599996,21.06566566300006],[-156.97728809099996,21.135579748000055],[-157.05000892599998,21.185833030000026],[-157.24623468999997,21.22092714200005]]],[[[-75.88775059799997,37.91703414600005],[-75.89445683899999,37.930721282000036],[-75.90153691899997,37.927188873000034],[-75.88775059799997,37.91703414600005]]],[[[-76.02414132699994,37.934474941000076],[-76.01587106199997,37.94875717000008],[-76.02803232199994,37.96277237100003],[-76.02414132699994,37.934474941000076]]],[[[-76.04049875499999,37.94673156500005],[-76.04126169699998,37.972904208000045],[-76.04771616699998,37.971164706000025],[-76.04049875499999,37.94673156500005]]],[[[-75.98899269799995,37.959121707000065],[-76.00589944199999,37.98879242600003],[-76.00190163599996,37.94790267900004],[-75.98899269799995,37.959121707000065]]],[[[-75.44410116699999,37.89483643300008],[-75.49235709799996,37.833824150000055],[-75.42894155499994,37.883899693000046],[-75.44410116699999,37.89483643300008]]],[[[-76.01942636299998,37.98442459700004],[-76.03301432099994,38.00589371600006],[-76.05023386699997,37.99159622800005],[-76.03418161599996,37.976444248000064],[-76.01942636299998,37.98442459700004]]],[[[-75.43181783999995,37.93752290500004],[-75.44477255599998,37.93568422000004],[-75.43438131599999,37.91220856800004],[-75.41208821799995,37.92461778200004],[-75.43181783999995,37.93752290500004]]],[[[-76.00544168099998,38.04046251300008],[-76.03643229299996,38.03947831800008],[-76.04619028999997,38.01874162000007],[-76.01297189499996,38.01471711600004],[-75.99606515099998,37.98459244500003],[-75.98169899599998,38.00164033100003],[-76.00544168099998,38.04046251300008]]],[[[-75.38335591099997,37.947696706000045],[-75.40949422599994,37.950389882000024],[-75.41073018699996,37.93863298200006],[-75.38335591099997,37.947696706000045]]],[[[-75.31470659999997,37.983932526000046],[-75.41549855699998,37.90522767200008],[-75.35185413099998,37.926216142000044],[-75.31470659999997,37.983932526000046]]],[[[-76.01289560599997,38.10537341400004],[-76.03064158199999,38.095615416000044],[-76.00651742799994,38.07402041000006],[-76.01289560599997,38.10537341400004]]],[[[-76.02615549899997,38.115055117000054],[-76.02595713499994,38.125022923000074],[-76.04193309099998,38.11614993500007],[-76.02615549899997,38.115055117000054]]],[[[-76.01265146499998,38.11761096600003],[-76.00760843499995,38.13568119000007],[-76.01758005799996,38.13444141200006],[-76.01265146499998,38.11761096600003]]],[[[-75.94252204899993,38.114021337000054],[-75.93421363699997,38.11980823400006],[-75.94226265199995,38.12625888900004],[-75.94252204899993,38.114021337000054]]],[[[-75.32792071899996,38.04483417900008],[-75.34207325099999,38.06049732900004],[-75.35371571099995,38.04211429900005],[-75.32792071899996,38.04483417900008]]],[[[-75.32986621699996,38.07796101800005],[-75.33841877099997,38.085369161000074],[-75.34319477299994,38.08227925500006],[-75.32986621699996,38.07796101800005]]],[[[-75.28888109599995,38.07949834200008],[-75.29046801199996,38.08496480400004],[-75.30467394799996,38.079326680000065],[-75.28888109599995,38.07949834200008]]],[[[-75.89083289299998,38.23075872900006],[-75.88144873299996,38.231090608000045],[-75.88361282599999,38.23721999800006],[-75.89083289299998,38.23075872900006]]],[[[-75.85172460499996,38.25018698700006],[-75.84907972399998,38.25314226100005],[-75.85583189999994,38.25003032600006],[-75.85172460499996,38.25018698700006]]],[[[-75.19550490899996,38.09182744900005],[-75.09222577499997,38.31653224200005],[-75.18099379899996,38.18132408100007],[-75.22010208299997,38.07189183600008],[-75.30605486399998,37.99225619500004],[-75.33358172599998,37.92922594000004],[-75.38192921199999,37.900016795000056],[-75.34722308399995,37.90473939200007],[-75.35366229499994,37.88363648300003],[-75.38579731499993,37.872474674000046],[-75.34254626399996,37.88416672500006],[-75.19550490899996,38.09182744900005]]],[[[-86.24440252299996,39.53197049000005],[-86.24102944999998,39.57181821000006],[-86.27627141899995,39.61159734700004],[-86.43542167499999,39.72879120300007],[-86.48880330799994,39.74057817100004],[-86.55106307999995,39.73141952100008],[-86.59654624899997,39.679328671000064],[-86.60814200799996,39.60617516600007],[-86.57350244499997,39.55203724900008],[-86.42215943299999,39.43161909000003],[-86.31794134599994,39.39270239800004],[-86.26550044999999,39.42100445400007],[-86.24440252299996,39.53197049000005]]],[[[-75.14623427899994,38.37062084400003],[-75.29636211399998,38.36972781800006],[-75.69246142699996,38.32388340700004],[-75.86132238599998,38.240341251000075],[-75.82021519399996,38.21802908400008],[-75.94507790199998,38.18703465800007],[-75.95497322699998,38.13412479500005],[-75.92112159199996,38.130065958000046],[-75.92302894199997,38.15003590200007],[-75.75591463299997,38.16273503700006],[-75.78421206499996,38.129135176000034],[-75.83569523499995,38.129844708000064],[-75.83442875499998,38.10806659700006],[-75.87512395799996,38.09320071700006],[-75.86422154699994,38.08353808700008],[-75.87889287599995,38.08146670600007],[-75.87288854099995,38.061893489000056],[-75.79072756699998,38.075283082000055],[-75.79514498799995,38.08667377200004],[-75.77135652999993,38.10356907000005],[-75.75284761199998,38.094692268000074],[-75.76988405499998,38.09130863000007],[-75.76252931599998,38.08078006300008],[-75.79362673599996,38.05129626200005],[-75.82885166099999,38.044528985000056],[-75.82044406499995,38.02899935100004],[-75.86867711299999,38.040985130000024],[-75.86156651299996,38.01913072700006],[-75.89982030799996,37.97929764700007],[-75.85845371799996,38.00141145300006],[-75.86798283299999,37.96663666500007],[-75.84801670199994,37.97180939700007],[-75.87948033199996,37.94820404400008],[-75.89253423299994,37.96514893300008],[-75.88450047599997,37.932403564000026],[-75.86889835799997,37.925395965000064],[-75.81997103799995,37.946949010000026],[-75.81817813099997,37.97457505400007],[-75.81440157899993,37.96092225000007],[-75.75009339399998,37.98903276200008],[-75.73011200099995,37.96970750200006],[-75.70733062499994,37.99430467600007],[-75.71051208299997,37.98347474700006],[-75.66140165399997,37.96234895300006],[-75.65123166799998,37.97216417000004],[-75.63765133999993,37.95508958100004],[-75.64183987799998,37.942066203000024],[-75.71220580599999,37.936553960000026],[-75.75981324099996,37.907627106000064],[-75.67280759899995,37.90810775800003],[-75.69732847899996,37.896625518000064],[-75.66475095499999,37.88336181300008],[-75.68903532399997,37.86507033600003],[-75.65292538799997,37.863937372000066],[-75.67189206799998,37.84683989400003],[-75.66062344799997,37.83922957100003],[-75.68380155499995,37.83088301200007],[-75.70564451999996,37.84835051300007],[-75.72226897299998,37.808494549000045],[-75.69952574099995,37.80869672600005],[-75.70292082299994,37.787937140000054],[-75.72207823799994,37.80077741200006],[-75.72898284099995,37.779670689000056],[-75.75253478999997,37.77495190700006],[-75.75432006899996,37.79723355800007],[-75.77762787599994,37.79749295600004],[-75.77877991599996,37.80932233400006],[-75.81037324799996,37.795310948000065],[-75.81781190999999,37.78646466300006],[-75.76272766399995,37.76936718800005],[-75.75514404199998,37.74645611200003],[-75.78115265499997,37.76221844300005],[-75.81310456899996,37.75230404200005],[-75.83075899299996,37.72516628000005],[-75.79596131399995,37.73409267400007],[-75.75795165699998,37.713878590000036],[-75.76894561799998,37.70378489900003],[-75.79301636599996,37.723117788000025],[-75.81227296299994,37.71054454400007],[-75.81117432999997,37.72094722400004],[-75.83519167199995,37.71804042300005],[-75.82193177999994,37.70357890400004],[-75.84585756799999,37.70248408400005],[-75.84811586999996,37.680324503000065],[-75.79232971799996,37.678642223000054],[-75.79870789299997,37.667495675000055],[-75.82954591499998,37.65572733000005],[-75.86849398599998,37.66823191100008],[-75.89207645199997,37.64988321100003],[-75.88623233299995,37.62657540600003],[-75.83040040599997,37.63851541400004],[-75.87796206499996,37.60546868100005],[-75.90461917999994,37.63120263400003],[-75.92378422199994,37.59547798600005],[-75.89348788599995,37.58506004700007],[-75.94207188599995,37.56562415900004],[-75.84816163799997,37.55514137100005],[-75.92363163299996,37.55057136100004],[-75.95462223999994,37.521991642000046],[-75.96457097199993,37.48372259000007],[-75.89566226199997,37.52842322500004],[-75.91474338199998,37.494060424000054],[-75.89061922799993,37.488807585000075],[-75.93441196499998,37.48329915800008],[-75.91830630799996,37.468307397000046],[-75.97704503399996,37.45323933700007],[-75.98598668499994,37.41131199100005],[-75.94675632799994,37.44374074000007],[-75.93949314099996,37.42583454800007],[-75.97093388499997,37.41087711600005],[-75.95089145799994,37.39351261100006],[-75.98290440599999,37.39081561800003],[-75.97912785599993,37.37255847200004],[-76.01912878099995,37.335155358000065],[-76.02549169699995,37.310386522000044],[-75.99674413099996,37.34313189200003],[-75.98076054399996,37.338130824000075],[-75.98291966199997,37.316871511000045],[-76.01317784899999,37.30141435300004],[-75.99107548699999,37.291251998000064],[-76.01561162699994,37.28651414300003],[-76.02756689099994,37.26599106700007],[-76.01289555899996,37.24560913500005],[-76.00087162999995,37.242996067000036],[-76.00136754099998,37.257072304000076],[-75.97938724799997,37.24464020200003],[-76.01249882899998,37.21702178800007],[-75.96656985499999,37.12450391700003],[-75.93105501299993,37.14251692300007],[-75.93950075699996,37.171348410000064],[-75.92209047499995,37.20894226000007],[-75.92115969299994,37.30054842100003],[-75.89708132099997,37.36743152300005],[-75.83551971999998,37.41730488700006],[-75.79740325199998,37.402538192000065],[-75.79111662999998,37.412326707000034],[-75.82229797799994,37.45001973800004],[-75.79273406399994,37.484504609000055],[-75.75560942099997,37.49561682600006],[-75.74432554199996,37.47757330400003],[-75.70520199599997,37.49359885200005],[-75.75086393699996,37.50907508100005],[-75.72987546799999,37.556514667000044],[-75.68175686199999,37.543216631000064],[-75.67889583699997,37.56490319000005],[-75.64696681399994,37.56435006000004],[-75.70043362599995,37.58689873700007],[-75.64508998599996,37.656383464000044],[-75.58929620699996,37.67728419900004],[-75.61359583799998,37.702106438000044],[-75.55576501399997,37.78235624200005],[-75.54139122999999,37.767826058000026],[-75.51180443199996,37.851699824000036],[-75.49999412599993,37.843601222000075],[-75.47719748899993,37.865989685000045],[-75.49929985199998,37.87805557400003],[-75.47265800099996,37.91709901000007],[-75.45162375299998,37.91731263300005],[-75.47413810199998,37.88993073000006],[-75.46270926599993,37.885471349000056],[-75.44201071299995,37.91155244000004],[-75.44709952199997,37.93576432900005],[-75.42158681799998,37.94308092000006],[-75.42980368199994,37.98463824100003],[-75.40040761499995,37.987739591000036],[-75.37563496699994,38.03207019800004],[-75.36104755999997,38.03136066500008],[-75.35644703499997,38.06890873800006],[-75.37153798199995,38.07279972900005],[-75.32827930299999,38.11193090300003],[-75.28982714399996,38.10625844900005],[-75.24669053999997,38.23513420900008],[-75.18647934199998,38.26756296000008],[-75.17971969599995,38.25882348700003],[-75.19957901499998,38.24242409800007],[-75.18982864399999,38.21685036400004],[-75.10196088599997,38.323974717000056],[-75.09597943999995,38.34516536500007],[-75.11609815899999,38.35825359300003],[-75.16035629199996,38.35139476400008],[-75.12805342599995,38.36981975800006],[-75.14623427899994,38.37062084400003]]],[[[-75.13081526799994,38.375312922000035],[-75.12978503899996,38.377283386000045],[-75.13797273199998,38.376917314000025],[-75.13081526799994,38.375312922000035]]],[[[-75.07899640099998,38.32624446300008],[-75.06292668599997,38.38025210500007],[-75.08931897599996,38.333702198000026],[-75.07899640099998,38.32624446300008]]],[[[-92.75340306599998,40.25129219000007],[-92.93687813499997,40.265114605000065],[-93.01760852699994,40.19316095200003],[-93.25370429499998,40.12218662500004],[-93.33347552799995,39.94167809800007],[-93.25435603999995,39.56141989400004],[-93.48252614799998,39.52313974300006],[-93.68520219599998,39.38859281200007],[-94.27870151999997,39.23633514900007],[-94.28961285599996,39.168448014000035],[-94.22976980299995,39.09749771500003],[-93.55065821799997,39.06602550900004],[-93.03214914499995,39.347252197000046],[-92.12277308299997,39.282079417000034],[-91.97588827899995,39.237397318000035],[-91.79296836799995,39.15390591600004],[-91.57735120199999,39.156129976000045],[-91.11888772699996,39.23015459100003],[-91.21798503999997,39.40985969400003],[-91.32270462799994,39.47941456400008],[-91.59620433799995,39.44316929000007],[-91.83975756899997,39.42997201400004],[-92.08192809799999,39.51477768400008],[-92.24972094299994,39.870901547000074],[-92.39570136499998,39.88133465900006],[-92.54441005599995,39.936625165000066],[-92.70953860399999,39.88771903400004],[-92.72481356399999,39.97123209800003],[-92.49991822499999,40.08132549000004],[-92.15670122199998,40.05873980500007],[-92.06809470599995,40.12585831700005],[-92.29603802199995,40.23561680600005],[-92.61215793699995,40.210630938000065],[-92.75340306599998,40.25129219000007]]],[[[-85.80707901799997,40.16844981400004],[-85.63104584399997,40.223533211000074],[-85.60274406999997,40.26289281700008],[-85.60640165499996,40.29408253200006],[-85.66349508799999,40.325038531000075],[-86.01473519499996,40.38271151400005],[-86.30197032999996,40.460698197000056],[-86.37508936199998,40.43697585700005],[-86.38859449099994,40.397883560000025],[-86.35352287399996,40.35353918100003],[-86.24204803499998,40.314207159000034],[-86.02629638999997,40.27093841400006],[-85.90960635399995,40.19679441000005],[-85.80707901799997,40.16844981400004]]],[[[-91.11122141199996,40.70673258100004],[-91.24656556199994,40.76003855000005],[-91.40814494299997,40.914036692000025],[-91.65336605499994,41.044662523000056],[-91.92312556099995,41.13228916400004],[-92.01926872699994,41.210106377000045],[-92.08255404399995,41.31046609600003],[-92.33021847399999,41.34142289400006],[-92.66096566399995,41.30324836900007],[-92.79699708399994,41.109980938000035],[-92.79883450699998,40.952656028000035],[-92.63994356999996,40.867198323000025],[-92.50233963699998,40.759955313000034],[-92.40727015999994,40.66288966900004],[-92.22004365899994,40.62597839600005],[-92.11730367999996,40.583534032000045],[-91.71022630499994,40.506706809000036],[-91.57495613299994,40.24989597000007],[-91.46220746999995,40.15256547300004],[-91.25208985899997,40.093673041000045],[-91.02345425999994,40.08090628300005],[-90.68741816599999,40.110460577000026],[-90.50813833099994,40.13425593900007],[-90.38476512499994,40.17605302700008],[-90.20215876899994,40.30164544300004],[-90.07801893299995,40.53609415900007],[-90.08851858899999,40.66261300700006],[-90.21969184299996,40.73167369000004],[-90.46754641199999,40.726967642000034],[-90.68623163999996,40.68906415200007],[-91.11122141199996,40.70673258100004]]],[[[-75.67631949499997,39.505062139000074],[-75.63985302399993,39.542409734000046],[-75.28685799599998,39.594384879000074],[-75.17532960799997,39.68178178000005],[-74.91274784399997,39.99450691000004],[-74.89801335499999,40.05405470900007],[-74.91509303899994,40.108871703000034],[-74.99260381099998,40.14555669600003],[-75.27773673599995,40.09701353600008],[-75.50005973999998,39.76128606800006],[-75.64222566399997,39.70143735800008],[-75.79953459399997,39.61276365900005],[-75.82817810499995,39.58014534200004],[-75.82555722699993,39.530220163000024],[-75.73344771599994,39.502626418000034],[-75.67631949499997,39.505062139000074]]],[[[-83.84208988099994,41.42647663500003],[-83.78005083599999,41.537925477000044],[-83.86459295799995,41.59115031300007],[-83.96645035399996,41.608207794000066],[-84.44196427399999,41.51608551100003],[-84.67618759599998,41.49359533400008],[-84.80135882399998,41.49979705800007],[-84.87779626199995,41.52977391500008],[-85.04177817299995,41.50637185000005],[-85.36161027899999,41.425798056000076],[-85.65340740999994,41.33083069400004],[-85.70075044899994,41.29891947300007],[-85.72758550099996,41.23023025300006],[-85.72686126199994,41.05014242100003],[-85.68589364899998,40.99739487700003],[-85.64405592099996,40.99583426600003],[-85.39358244499994,41.007416188000036],[-85.24022947399999,41.052321009000025],[-84.86717444099997,41.11185352900003],[-84.48465648299998,41.07764343100007],[-84.08362194999995,41.203752800000075],[-83.91010650699997,41.33877894900007],[-83.84208988099994,41.42647663500003]],[[-84.27054630099997,41.460357497000075],[-84.11679936499996,41.42019885900004],[-84.08177815099998,41.37599940800004],[-84.10601031599998,41.32620172700007],[-84.18649204499997,41.29138402600006],[-84.42370555599996,41.238587316000064],[-84.57782881499998,41.28219621400007],[-84.59181778999994,41.370604455000034],[-84.39194196899996,41.454167264000034],[-84.27054630099997,41.460357497000075]]],[[[-81.04446630899997,41.298980647000064],[-80.84446919199996,41.318600794000076],[-80.68035598699998,41.39326267700005],[-80.61612729999996,41.51304324900008],[-80.66898880599996,41.570437696000056],[-80.91491238499998,41.597239857000034],[-81.32074966699997,41.55286643300008],[-81.52876846999999,41.51297167900003],[-81.55276313699994,41.44692824200007],[-81.50547291399994,41.39315995700008],[-81.39841811599996,41.32996918900005],[-81.19660489999995,41.29387374400005],[-81.04446630899997,41.298980647000064]]],[[[-96.07492189599998,41.989016079000066],[-96.07250816199996,42.08495541000008],[-96.00315524999996,42.21209250100003],[-95.85914438399999,42.35217622300007],[-95.94050072999994,42.471509480000066],[-95.99946906899999,42.51458554300007],[-96.21584292899996,42.570623176000026],[-96.30292635799998,42.56691416100006],[-96.41770187099996,42.443492614000036],[-96.37770848499997,42.30209226900007],[-96.29826642599994,42.12836948200004],[-96.12419047099996,41.97737918100006],[-96.07492189599998,41.989016079000066]]],[[[-73.17720913999995,40.91467354800005],[-73.15757870299996,40.919762355000046],[-73.19971586199995,40.91463158500005],[-73.17720913999995,40.91467354800005]]],[[[-72.66646084099995,40.97879756100008],[-73.03463860199997,40.95647119900008],[-73.07608148699995,40.97269510700005],[-73.08830378099998,40.971112007000045],[-73.06930658199997,40.957134954000026],[-73.09954188299997,40.94500421300006],[-73.11154292399993,40.96791910400003],[-73.15599179099996,40.96783517800003],[-73.14445614199997,40.93040917700006],[-73.16090511999994,40.91120217200006],[-73.12199270899998,40.89151888500004],[-72.88985540099998,40.90348828900005],[-72.74419117999997,40.93607794800005],[-72.66646084099995,40.97879756100008]]],[[[-71.93480000699998,41.28051075700006],[-71.93483815699994,41.29186329700008],[-72.02745140599995,41.27443012500004],[-72.03693474499994,41.25561603500006],[-71.93480000699998,41.28051075700006]]],[[[-71.96426474299994,41.34097372000008],[-71.97596823799995,41.33013234600003],[-71.96684347799999,41.32328496500003],[-71.96426474299994,41.34097372000008]]],[[[-71.61240683299997,41.36498067500003],[-71.63835295099994,41.361387913000044],[-71.63849821999997,41.355735941000034],[-71.61240683299997,41.36498067500003]]],[[[-71.60586887499994,41.375016035000044],[-71.61024181199997,41.372981794000054],[-71.60897792699996,41.36988235200005],[-71.60586887499994,41.375016035000044]]],[[[-71.60572131499998,41.37573450300005],[-71.60576237399994,41.375659564000046],[-71.60577071899996,41.37551123800006],[-71.60572131499998,41.37573450300005]]],[[[-95.60610349399997,43.69553622300003],[-95.62318697399996,43.63053527500006],[-95.79843742199995,43.64493463800005],[-96.00414383899994,43.62477742100003],[-96.42621644799999,43.481797243000074],[-96.64307344499997,43.48091712100006],[-96.78253021299997,43.40081926600004],[-96.76442957499995,43.28766791000004],[-96.59278172399996,43.142377397000075],[-96.49305012199994,43.108089076000056],[-96.51428825899995,43.03689585300003],[-96.58780786399996,43.01263148100003],[-96.61471337999996,42.97241128300004],[-96.59905619999995,42.913787178000064],[-96.45433467699996,42.91922169700007],[-96.34306082999996,42.88706263900008],[-96.10848623899994,42.92927307300005],[-95.02251290899994,43.01237238400006],[-94.71079611599998,43.127933849000044],[-94.62071103599999,43.20508795400008],[-94.60579507399996,43.24673451500007],[-94.51055731499997,43.34386658000005],[-94.52759033999996,43.38089517000003],[-94.71636653799999,43.47037519000003],[-95.07255118999996,43.471382952000056],[-95.43665797399996,43.53297593000008],[-95.60610349399997,43.69553622300003]]],[[[-124.16816572699997,40.81576659700005],[-124.17736677799996,40.80770995600005],[-124.15782789599996,40.81569411900006],[-124.16816572699997,40.81576659700005]]],[[[-84.91110558699995,43.39712099700006],[-84.91369022599997,43.44896155200007],[-84.73732033099998,43.517338659000075],[-84.48237265799997,43.558776488000035],[-84.21627983899998,43.66236522100007],[-84.13872259199997,43.72696551800004],[-84.13389404999998,43.81800835300004],[-84.16796020199996,43.88206788400004],[-84.53074674599998,43.992349173000036],[-84.77013790199999,44.02088645300006],[-84.89312213299996,44.01538699400004],[-85.23248830399996,43.904422871000065],[-85.50465512499994,43.86281402100008],[-85.70417095199997,43.78723086200006],[-85.82148334899995,43.593950231000065],[-85.69419818599994,43.306312899000034],[-85.36404089999996,43.029979586000024],[-85.16346418799998,42.94999558500007],[-84.93486723399997,42.77107084100004],[-84.70474625799994,42.71657471300006],[-84.48873453899995,42.70553398000004],[-84.00518621199996,42.72922906000008],[-83.86114235399998,42.834999605000064],[-83.47582169699996,43.00114224300006],[-83.27608900499996,43.132898270000055],[-83.19486860799998,43.24429712800003],[-83.16672896299997,43.36489346700006],[-83.18450474699995,43.44623588300004],[-83.28793659699994,43.57174464000008],[-83.41745942599994,43.58821786500005],[-83.54506922099995,43.52479663200006],[-83.67338570199996,43.42555068200005],[-84.02918038599995,43.406877810000026],[-84.16467260599995,43.38739909900005],[-84.36093292599998,43.33347431900006],[-84.86102719199994,43.33331059400007],[-84.91110558699995,43.39712099700006]]],[[[-82.86446003499998,43.73312959800006],[-82.76531773199997,43.78693112800005],[-82.71738425899997,43.861805987000025],[-82.74087692699999,43.91200792200004],[-82.89908267899995,43.955747399000074],[-83.11853077599994,43.94153077100003],[-83.27255179799994,43.86090975600007],[-83.25339609799994,43.81524677800007],[-83.19617958999999,43.76587982700005],[-83.03673125999995,43.73032961400003],[-82.86446003499998,43.73312959800006]]],[[[-98.64936249199997,44.43052108900008],[-98.86988076499995,44.51644762700005],[-99.97312920299998,44.589023576000045],[-100.23253906899998,44.59196470400008],[-100.64346884399998,44.55158433500003],[-101.00592632499996,44.38167054100006],[-101.11076332099998,44.231192219000036],[-101.01322318799998,44.05881883400008],[-100.77459364699996,43.90764055500006],[-100.60249191599996,43.86985494100003],[-100.26113093599997,43.86208871500003],[-99.73094398099994,43.96356731900005],[-99.35817320699994,43.99124881100005],[-98.75854217599999,44.17872562900004],[-98.52430813399997,44.27693195300003],[-98.51400579699998,44.346445181000036],[-98.64936249199997,44.43052108900008]],[[-100.30536881799998,44.01010945100006],[-100.41100619699995,44.07857874000007],[-100.41365395399998,44.167263555000034],[-100.36969123299997,44.28927393400005],[-100.15651740499999,44.373060860000066],[-99.80695321899998,44.372078258000045],[-99.43587918899999,44.325008515000036],[-99.25199480299995,44.23133499900007],[-99.14902318799994,44.14925444100004],[-99.41705998699996,44.043266868000046],[-99.79175269599995,44.04332349800006],[-99.97238736999998,44.02203764700005],[-100.20485650399996,43.966509967000036],[-100.30536881799998,44.01010945100006]]],[[[-121.16979810199996,42.30661520000007],[-121.43824623499995,42.272558788000026],[-121.94014533799998,42.017117763000044],[-122.29582319399998,41.890113831000065],[-122.68724887299999,41.81494293800006],[-122.93603842499999,41.74427015100008],[-123.06287500899998,41.677169681000066],[-123.06471949299998,41.51179186400003],[-123.402061662,41.16089717600005],[-123.53504797999994,40.90033352700004],[-124.02005767699995,40.859891642000036],[-124.13170579799998,40.949274167000056],[-124.22867445699995,40.765843646000064],[-124.22149519399994,40.758389728000054],[-124.19487623699996,40.787537833000044],[-124.15370039999999,40.86398819000004],[-124.09715894799996,40.855145727000036],[-124.08835462199994,40.831849369000054],[-124.12855390299995,40.80495956300007],[-124.18298201099998,40.80069091200005],[-124.21838239799996,40.738976732000026],[-124.22373059599994,40.68246961700004],[-124.26614240799995,40.69949842200003],[-124.22958998099995,40.743100420000076],[-124.23583082999994,40.75467802500003],[-124.31693128499995,40.634003877000055],[-124.29297498799997,40.665337805000036],[-124.29737714299995,40.62293744200008],[-124.32791761399994,40.61723828100003],[-124.41120006899996,40.43602106800006],[-124.36804056899996,40.379567363000035],[-124.35127877899998,40.31982157200008],[-124.36380623899998,40.26440164600007],[-124.34985207099999,40.24541589700004],[-124.19489140099995,40.13596460800005],[-124.10875551899994,40.09829066200007],[-124.07244721399996,40.019723155000065],[-124.02305450399996,39.999268752000035],[-123.90516506499995,39.860493881000025],[-123.85433039699996,39.83322261100005],[-123.82893212399995,39.72019693900006],[-123.79579002399998,39.68639490700008],[-123.79028158999995,39.60399744100005],[-123.76879720499994,39.553914279000026],[-123.81411580199995,39.452988822000066],[-123.82649829699994,39.35091895900007],[-123.73704360499994,39.14529150900006],[-123.48655990799995,39.03455966700005],[-122.60506381099998,38.870536419000075],[-122.38567868499996,38.77140570300003],[-122.18980836299994,38.63010974800005],[-121.97559693299996,38.51469813800003],[-121.74880139399994,38.467907242000024],[-121.35160957399995,38.48079727100003],[-121.15204219199995,38.45345625500005],[-121.06432697999998,38.310930893000034],[-121.038715535,38.15441392500003],[-120.84183411999999,37.86547568200007],[-120.56555334299998,37.57209390300005],[-120.42519204099995,37.461833272000035],[-120.28011004899997,37.37752118100008],[-120.23064539099994,37.23043424600007],[-120.08616726199995,37.079735149000044],[-119.99197919299996,36.99432108800005],[-119.50116508899998,36.85103120700006],[-119.38494837499996,36.774401399000055],[-119.20042432799994,36.36084076700007],[-119.08861766099994,36.22954066900007],[-118.94220223399998,35.89873592500004],[-118.97676223799999,35.739851362000024],[-119.04889716499997,35.64953157600007],[-119.01223064099997,35.49646245100007],[-118.89545273899995,35.35450889200007],[-118.59198742599995,35.09527037300006],[-118.21322326699999,35.114840478000076],[-118.10007356999995,35.15768043300005],[-117.97504128899999,35.26595924900005],[-117.94343730499997,35.38975248700007],[-117.61078846799995,35.653789894000056],[-117.50671453399997,35.72761537900004],[-117.36232439899999,35.73375226300004],[-117.13391187699995,35.45618335300003],[-116.78850397399998,35.27843966700004],[-116.40273879799997,34.843681513000035],[-116.25655944399995,34.51718736400005],[-116.12891549899996,34.074650801000075],[-116.19754997199999,33.70880903300008],[-116.07566617499998,33.11720849000005],[-116.08538220899999,32.818984586000056],[-115.94916517699994,32.628562346000024],[-114.93339840199997,32.703283406000025],[-114.93723152299998,32.836100473000045],[-114.78965346899997,33.39804727200004],[-114.72779134599995,33.71826691600006],[-114.66936531399995,33.89477483100006],[-114.58675377099996,34.031043613000065],[-114.63573168799996,34.208878912000046],[-114.74691100599995,34.416273498000066],[-114.87326674499997,34.73906687400006],[-114.90983104299994,35.11977969000003],[-114.99046291899998,35.20311439100004],[-115.36894106199998,35.45444345200008],[-115.53178408499997,35.590241207000076],[-115.70050802099996,35.80338851400006],[-115.80845503499995,36.068949098000076],[-115.80718861099996,36.29251991900003],[-115.70994008999998,36.441580352000074],[-115.30191321299998,36.77414753200003],[-115.27150987499999,36.83333152200004],[-115.26890435499996,36.881971314000054],[-115.28983269699995,36.932824261000064],[-115.57120190299997,37.03324012500008],[-116.02386806799996,37.528133266000054],[-116.37979576199996,37.96721169800003],[-116.44722173699995,38.228802872000074],[-116.61156326099996,38.40789124100007],[-116.85188238599994,38.47493452200007],[-117.05818605899998,38.56164360100007],[-117.30391221599996,39.04458239100006],[-117.50408029799996,39.28619528100006],[-117.67641756399996,39.750016869000035],[-117.79076740099998,39.98481247700005],[-118.02478994999996,39.95811306400003],[-118.16647916,39.860113685000044],[-118.76415811599998,39.57449693900003],[-119.16562016899996,39.84086731200006],[-119.50396928799995,39.848243567000054],[-119.69499273899999,39.743252133000055],[-119.80624616799997,39.71563430000003],[-120.08202656399999,39.72276554200005],[-120.11811279699998,39.77863058100007],[-120.11846860099996,39.88721202500005],[-120.16571679699996,40.007994566000036],[-120.12844355099998,40.40361405800007],[-120.20602825799995,40.68229281600003],[-120.30574994399996,40.809495999000035],[-120.54442019799995,40.98645525000006],[-120.71167935299997,41.032684517000064],[-120.78715315999995,41.09570982400004],[-120.79298759399995,41.26013478700003],[-120.24875142999997,41.42366412900003],[-120.43829729899994,41.668216476000055],[-121.16979810199996,42.30661520000007]]],[[[-87.49334559699997,45.053330222000056],[-87.48869166699996,45.05782775100005],[-87.49771724399994,45.05841903000004],[-87.49334559699997,45.053330222000056]]],[[[-87.57031095399998,45.071812427000054],[-87.57339323199994,45.07687834700005],[-87.57481229999996,45.07233122700006],[-87.57031095399998,45.071812427000054]]],[[[-87.34635763899996,45.06566696400006],[-87.34235220599999,45.069714359000045],[-87.35008841499996,45.07029419300005],[-87.34635763899996,45.06566696400006]]],[[[-87.60525359499997,45.09240035100004],[-87.61119973099994,45.07800929700005],[-87.58810271099998,45.08210829700005],[-87.60525359499997,45.09240035100004]]],[[[-87.59913481999996,45.101239005000025],[-87.60218098599995,45.10334154200007],[-87.60337876799997,45.09997820700005],[-87.59913481999996,45.101239005000025]]],[[[-87.31108694199997,45.097527323000065],[-87.30707387899997,45.10157090300004],[-87.31545858699997,45.102165995000064],[-87.31108694199997,45.097527323000065]]],[[[-106.78126448599994,44.784977635000075],[-106.72049780699996,44.85052931900003],[-106.75153304299994,44.92554909800003],[-107.19404032799997,44.917652058000044],[-107.33682172199997,44.88389960400008],[-107.10682022699996,44.748336229000074],[-106.87253510099998,44.64607070900007],[-106.78126448599994,44.784977635000075]]],[[[-87.18180789799999,45.10977650800004],[-87.26113908099995,45.12439559300003],[-87.28950337099997,45.04647903700004],[-87.31136922299999,45.04912262100004],[-87.36426382399998,44.99015120400003],[-87.41124564099994,44.91053845600004],[-87.39008931999996,44.88646771600003],[-87.38664082699995,44.83209301100004],[-87.31707598199995,44.79400707100007],[-87.26771378999996,44.847054264000064],[-87.20958541799996,44.87117841600008],[-87.21412491399997,44.908234392000054],[-87.17592452599996,44.932236474000035],[-87.19077133799999,44.96947555300005],[-87.13857863999993,45.022908028000074],[-87.12472366099996,45.067875687000026],[-87.08370802199994,45.05892259400008],[-87.10211013099996,45.08620149800004],[-87.06679365299999,45.08008272400008],[-87.06119367599996,45.09185869700008],[-87.18180789799999,45.10977650800004]]],[[[-87.34020073299996,45.197117639000055],[-87.33852989599995,45.20896990400007],[-87.36912377699997,45.20351869900003],[-87.38138421499997,45.18406755500007],[-87.33499747899998,45.157753772000035],[-87.34020073299996,45.197117639000055]]],[[[-102.70268386299995,45.72317765200006],[-102.82032981999998,45.72374651700005],[-102.95518520999997,45.68699980000008],[-103.27821701699997,45.66487990600007],[-103.58618466699994,45.62119138700007],[-103.71325856199996,45.54268736900008],[-103.82957254499996,45.41079595100007],[-103.81651204699995,45.27982405500006],[-103.68506138999999,45.138138826000045],[-103.17140105499999,45.13378441100008],[-103.00059754499995,44.923006851000025],[-102.75494712599999,44.690301039000076],[-102.50583777099996,44.68371701800004],[-102.19801264099999,44.78314949000003],[-102.17672012299994,44.778572464000035],[-102.16607503599994,44.85807380400007],[-102.21123576799994,44.94293584300004],[-102.31187382099995,44.99117104700008],[-102.41474067099995,45.005198105000034],[-102.51029376799994,45.05354599300006],[-102.54774768099998,45.10846737900005],[-102.54407350599996,45.180533033000074],[-102.62259625399997,45.32428935100006],[-102.70268386299995,45.72317765200006]]],[[[-84.03245293199996,46.13690298500006],[-84.03513966099996,46.137639956000044],[-84.02930118699999,46.135605988000066],[-84.03245293199996,46.13690298500006]]],[[[-84.05835473399998,46.14653128200007],[-84.05972288399994,46.14620011100004],[-84.05272163199999,46.143762852000066],[-84.05835473399998,46.14653128200007]]],[[[-84.08170832099995,46.154275117000054],[-84.08485926199995,46.157998262000035],[-84.09012354399994,46.157632050000075],[-84.08170832099995,46.154275117000054]]],[[[-84.14395657199998,46.17643850800005],[-84.14512386999996,46.18058126900007],[-84.15344550499998,46.17877636400004],[-84.14395657199998,46.17643850800005]]],[[[-84.11501064099997,46.17776602400005],[-84.12620296699998,46.177045047000036],[-84.11129714999998,46.16413793700008],[-84.11501064099997,46.17776602400005]]],[[[-84.13933315999998,46.19559591900003],[-84.14242306599994,46.201146305000066],[-84.14713040499998,46.19802206700007],[-84.13933315999998,46.19559591900003]]],[[[-84.20869963799998,46.203648745000066],[-84.21178191499996,46.209656892000055],[-84.21725219199999,46.203335939000056],[-84.20869963799998,46.203648745000066]]],[[[-84.23140472399996,46.21227758900005],[-84.23992676099994,46.21287649700008],[-84.23480743499994,46.208668885000066],[-84.23140472399996,46.21227758900005]]],[[[-84.14419308799995,46.20667380300006],[-84.15340176999996,46.206376255000066],[-84.14496365599996,46.203480901000034],[-84.14419308799995,46.20667380300006]]],[[[-84.22154754399998,46.212113557000066],[-84.22533172499999,46.21675604500007],[-84.22746032699996,46.21221273900005],[-84.22154754399998,46.212113557000066]]],[[[-84.15803281399997,46.205537022000044],[-84.15583554699998,46.21191519800004],[-84.16501371199996,46.212529363000044],[-84.15803281399997,46.205537022000044]]],[[[-84.17221586299996,46.21357077400006],[-84.16880552199996,46.217175663000035],[-84.17538206299997,46.216828528000065],[-84.17221586299996,46.21357077400006]]],[[[-84.19893401199994,46.21997946600004],[-84.19159453199995,46.22306174200003],[-84.19736998599996,46.22728461200006],[-84.19893401199994,46.21997946600004]]],[[[-84.16514341399994,46.22765082500007],[-84.16567747199997,46.23132437900006],[-84.17361967599999,46.22962683800006],[-84.16514341399994,46.22765082500007]]],[[[-94.76013069699997,45.697652101000074],[-95.00258125699997,45.87116618200008],[-95.19422263899997,46.06871300000006],[-95.39799066199998,46.41279088400006],[-95.54095190799995,46.71918531800003],[-95.79154536899995,46.75384844400003],[-96.15050415699994,46.75370857400003],[-96.22307337999996,46.70978013700005],[-96.29525161399994,46.63081718600006],[-96.30668547099998,46.40543726100003],[-96.34410077899997,46.35011743200005],[-96.45514041499996,46.06834430600003],[-96.50247127299997,45.879042741000035],[-96.37732377699996,45.586841615000026],[-96.28944135499995,45.58789374500003],[-95.72143834099995,45.27320666400004],[-95.53573964399999,45.20931387400003],[-95.40428494399998,45.09827368200007],[-95.27022123199998,44.90813325500005],[-95.36081126399995,44.64489935900008],[-95.28987210699995,44.54760002100005],[-94.82834240399995,44.25747626000003],[-94.60874210899999,43.99794788400004],[-94.42238883599998,43.83014674000003],[-94.24019685999997,43.69182411600008],[-94.00345737999999,43.62987733700004],[-93.68036411299994,43.63777558900006],[-93.42385041999995,43.62590192400006],[-93.28702291599996,43.58758209000007],[-93.32844221399995,43.475559513000064],[-93.33323683199995,43.28190892600003],[-93.45710260499999,43.11044593400004],[-93.57780546999999,43.089020197000025],[-93.53243745099996,42.91122996000007],[-93.63871796799998,42.84067333400003],[-94.03114208899996,42.87695223800006],[-94.56711739899998,42.712618957000075],[-94.61726931199996,42.638305538000054],[-94.70749917299997,42.43440851300005],[-94.70753402899999,42.14302514800005],[-94.66847138799994,42.007718913000076],[-94.57290278999994,41.86165524200004],[-94.52424725099996,41.610384414000066],[-94.46350518699995,41.53426739200006],[-94.45015908599999,41.416082526000025],[-94.47615188299994,41.19611810400005],[-94.57249070699999,41.14216877600006],[-94.68379791599995,41.12763291200008],[-95.21730169599994,41.16347642800008],[-95.41225290099999,41.251041403000045],[-95.81666673999996,41.33016046500006],[-95.86233560299996,41.30362506500006],[-95.91244341399994,41.244210364000025],[-95.93146624299999,41.189147641000034],[-95.99771385599996,41.16671688100007],[-96.67427892199998,41.070857541000066],[-97.30701383799999,41.04075490300005],[-97.48062092899994,40.99534350300007],[-97.60120991699995,40.943323701000054],[-97.67007369899994,40.89034488100003],[-97.71303132099996,40.893923432000065],[-97.72878027399997,41.06128428400007],[-97.87300576699994,41.12642765900006],[-98.06689722999994,41.034768245000066],[-98.21618780199998,40.91503924800003],[-98.36234667399998,40.82381686900004],[-98.32206149999996,40.74894735000004],[-98.35088964599998,40.649368571000025],[-98.34240728999998,40.535515187000044],[-98.25558341199996,40.48038517200007],[-98.22527203499999,40.41713099300006],[-98.26011842399998,40.38683036600003],[-98.31571624099996,40.43839054100005],[-98.38000614699996,40.453164539000056],[-98.50744978499995,40.44804268300004],[-98.57830769899994,40.40524881600004],[-98.72452251499999,40.376962340000034],[-98.89675699899999,40.31928031900003],[-98.91548001199999,40.28069481000006],[-98.88426598099994,40.243262454000046],[-98.78648114799995,40.23298461600007],[-98.76922020099994,40.19891134100004],[-98.85762970999997,40.062598980000075],[-99.19263354099996,39.96151561100004],[-99.49108624299998,39.82953179200007],[-99.77138783699996,39.77003408200005],[-100.07033490499998,39.57067256900007],[-100.08736227099996,39.54175950800004],[-99.99651169499998,39.446746218000044],[-99.87985093999998,39.369151755000075],[-99.85128787999997,39.26962164400004],[-99.86108399099999,39.162998354000024],[-100.13395023899994,39.135817829000075],[-100.28165943299996,39.13825175200003],[-100.38404915899997,39.191148362000035],[-100.51904207999996,39.42029731100007],[-100.61612108199995,39.48174336500006],[-100.69900159899998,39.56138475300003],[-100.78094623499999,39.74148817100007],[-100.83012643299998,39.893276849000074],[-100.91776075199999,40.03174420700003],[-101.06012957199994,40.12564774500004],[-101.09081414599996,40.206311225000036],[-101.03927461899997,40.23153056800004],[-101.04212163999995,40.24627791100005],[-101.17311815899996,40.314769341000044],[-101.29127887499999,40.406210316000056],[-101.51487958599995,40.36180955700007],[-101.67137832599997,40.449522916000035],[-101.86659271699995,40.52344348500003],[-102.01938754899999,40.55768754800005],[-103.14086841099999,40.57147779500008],[-103.40681618399998,40.43434389500004],[-103.49043705599996,40.21719189700008],[-103.70798939699995,40.04257898700007],[-103.97929321899994,39.86268381600007],[-104.12647123899995,39.70922090800008],[-104.34260751999994,39.596475818000044],[-104.52078295399997,39.46435267500004],[-104.56342540499998,39.392971302000035],[-104.51283140899994,39.32092851900006],[-104.36345395499995,39.27478824700006],[-103.89132496199994,39.218963802000076],[-103.81378626299994,39.248369954000054],[-103.78217850599998,39.31649428500003],[-103.72403912999994,39.35414150100007],[-103.44952770299994,39.35506541400008],[-103.29925453799996,39.37815207300008],[-103.19967277099994,39.34571182600007],[-103.13030788399999,39.199756501000024],[-102.95242748899994,39.11713940000004],[-102.68937947599994,39.03014970400005],[-102.42380348399996,39.003034368000044],[-102.28323667699999,39.03518550300004],[-102.26182012299995,39.12860569000003],[-102.26758788199999,39.261617933000025],[-102.25321698699997,39.364535809000074],[-102.14868996999996,39.40378615100008],[-102.07349703799997,39.39565268300004],[-101.62528518099998,39.26710310800007],[-101.55761140599998,39.19328858700004],[-101.56535332799996,39.09244098200003],[-101.61924251999994,38.989510892000055],[-101.84010626099996,38.855136980000054],[-101.82629870799997,38.77892509900005],[-101.75747954499997,38.68755402800008],[-101.64473434999996,38.62181871400003],[-101.46422500099999,38.57083483800005],[-101.29417291999994,38.55461219500006],[-101.15687114599996,38.56634250600007],[-100.91158288999998,38.28503280800004],[-100.74080118999996,38.18538566400008],[-100.39767435199997,38.19107564700005],[-100.36423390999994,38.142054751000046],[-100.36004058099996,38.071311931000025],[-100.31268913699995,38.04345035700004],[-100.22681692799995,38.06331559300003],[-100.14910152199997,38.11408049500005],[-99.98488068899997,38.17859523000004],[-99.85550444999996,38.18272899800007],[-99.62694123899996,38.13200042900007],[-99.53624034199999,38.05061203400004],[-99.52581306999997,37.991856823000035],[-99.66809261299994,37.79277558500007],[-99.68060522599995,37.739242896000064],[-99.60315797399994,37.70611895800005],[-99.50559531799996,37.72668107900006],[-99.30111026099996,37.91515624500005],[-99.22455514199999,37.929278613000065],[-99.15168412599996,37.901950475000035],[-99.05849656599997,37.77218057600004],[-98.85082618999996,37.57743350800007],[-98.72356300499996,37.24345427000003],[-98.57741701099997,37.194807602000026],[-98.43530747299997,37.22136810300003],[-98.31457381799999,37.211926221000056],[-98.22254828899997,37.15460527000005],[-98.16591727999997,37.063875188000054],[-98.24639400099994,36.94749609400003],[-98.08226619599998,36.81143481500004],[-97.93052527099996,36.62227510500003],[-97.83140993899997,36.53819487100003],[-97.78401719599998,36.426695961000064],[-97.61769812399996,36.31093368400008],[-97.40058997099999,36.23098412400003],[-96.93957835399999,36.18824848500003],[-96.80535210199997,36.130165702000056],[-96.73802840199994,36.07153565200008],[-96.70755799199998,35.983117796000045],[-96.70656735999995,35.876792960000046],[-96.71285010999998,35.758599985000046],[-96.75613287799996,35.65789091400006],[-96.81446422799996,35.598417211000026],[-97.09980142399996,35.466104820000055],[-97.21718622099996,35.37505374800003],[-97.64527754599999,35.18786687200003],[-97.72790276899997,35.07648123800004],[-97.82388180799995,34.996036444000026],[-98.01304357099997,34.90164084700007],[-98.27545703199996,34.80062198400003],[-98.41415769799994,34.70739066800007],[-98.52272926099994,34.621152245000076],[-98.61095061799995,34.449686016000044],[-98.73648448299997,34.30476397900003],[-98.99032744699997,34.084339115000034],[-99.45578560599995,33.85394311500005],[-99.68431438799996,33.69831756900004],[-100.08429841199995,33.295467518000066],[-100.61752136399997,33.12465938400004],[-100.55442529699997,33.06571729700005],[-100.09882874599998,32.95416991500008],[-100.02522242799995,32.78160891700003],[-100.03628882599997,32.61980921600008],[-100.07295472699997,32.563375257000075],[-100.23902257199995,32.535278823000056],[-100.33141651599999,32.53865882200006],[-100.43215549399997,32.56566651600008],[-100.65248710999998,32.57718416400007],[-100.82494022699996,32.654980941000076],[-100.93611290199999,32.81941732400003],[-101.24829168299999,32.95833041700007],[-101.41787752699997,33.01157232200006],[-101.50894444899996,33.10810619400007],[-101.62247400599995,33.44232218500008],[-101.75874088599994,33.56093529100008],[-101.90376577999996,33.45604838400004],[-101.95932316399995,33.31239485300006],[-102.29634806199999,33.294870451000065],[-102.69432227799996,33.18122630700003],[-103.01449726599998,32.959317928000075],[-103.15279883799997,32.505232840000076],[-103.83837684399998,32.091277914000045],[-104.07370480499998,32.11552899800006],[-104.12428999499997,32.26715730600006],[-104.31313481299998,32.31675951400007],[-104.67228999799994,32.21603450900005],[-104.95590658299994,32.30330384000007],[-105.22751485799995,32.424114485000075],[-105.45889674599994,32.57745265900007],[-105.62908789699998,32.62220895000007],[-105.87470702899998,32.55576796300005],[-105.88909785699997,32.397056676000034],[-105.93310557399997,32.271486706000076],[-105.98673162899996,32.22378049300005],[-106.07000142099997,32.20919782900006],[-106.13340517799998,32.23931448700006],[-106.36356640099996,32.63371296300005],[-106.50166077599994,32.70689680100003],[-106.66160187599996,32.74923569900005],[-106.77261458699996,32.74589666300005],[-107.02918097199995,32.55642067500003],[-107.26947945999996,32.26025648700005],[-107.40964705799996,32.167218787000024],[-107.52862727099995,32.04743454000004],[-107.55233538299996,31.784184246000052],[-107.36305467999995,31.784303040000054],[-107.33218721599997,31.89226984800007],[-107.26144255799994,31.99268814100003],[-107.06757248399998,32.126748924000026],[-106.98240088099999,32.249822917000074],[-106.75392452899996,32.45102807300003],[-106.61525681599994,32.499971327000026],[-106.48958936499997,32.454418962000034],[-106.31686556499994,32.17668488500004],[-106.22005312699997,32.085233198000026],[-106.04309650299996,32.02956386900007],[-105.87951975699997,32.079891359000044],[-105.79170683699999,32.19498493900005],[-105.74115657999994,32.42635857700003],[-105.65566902799998,32.50241869100006],[-105.44066426599994,32.49208513800005],[-105.20419433899997,32.31418603700007],[-104.83030979999995,32.18865493200008],[-104.69929705499999,32.15594372700008],[-104.54595720699996,32.15018330000004],[-104.28568625899999,32.185605991000045],[-103.83062427399994,31.91219342200003],[-103.59403699199999,32.03417193400003],[-103.02458070699998,32.618736056000046],[-102.91762191199996,32.91460125400005],[-102.69508721199998,33.07049718800005],[-102.38128433999998,33.16212115700006],[-101.89559149699994,33.277281068000036],[-101.74162968699994,33.28516437400003],[-101.69637421899995,33.20275651500003],[-101.73054711999998,32.853433480000035],[-101.78245572099996,32.56420666900004],[-101.74997805799995,32.42272515700006],[-101.59230188899994,32.29362801000008],[-101.25947408199994,32.13559468900007],[-101.18108698699996,32.15668790800004],[-101.09863301199994,32.23559574600006],[-100.80339054999996,32.35351970500005],[-100.33309789599997,32.33403695800007],[-100.21254461399997,32.38453489800003],[-100.08257439799996,32.41279058500004],[-99.97242666399995,32.49953412200006],[-99.93164253399999,32.91787758300006],[-99.90460443299997,32.99250519100008],[-99.84484981299994,33.14605750900006],[-99.76590633799998,33.25141640900006],[-99.66066291699997,33.30948362500004],[-99.33627608599994,33.33123391500004],[-98.98330626399996,33.50984267600006],[-98.75564979299998,33.682882214000074],[-98.51725829399999,33.76269401400003],[-98.31394768299998,33.76547218800005],[-98.11341091599996,33.84848569700006],[-97.95728103699997,33.881557170000065],[-97.78012443399996,33.957563580000055],[-97.55064962999995,34.16684576800003],[-97.40434259199998,34.232620430000054],[-97.27365209199996,34.20572197900003],[-97.13303168499999,34.08645148000005],[-96.91546950999998,34.010247881000055],[-96.82934933299998,34.05351074500004],[-96.62304414199997,34.25363648900003],[-96.52767882699999,34.385098425000024],[-96.41634732299997,34.44352393400004],[-96.12186964899996,34.49389251500003],[-96.02024132599996,34.527078611000036],[-95.95918933499996,34.60987828400005],[-95.99990505399995,34.659564776000025],[-96.02029996999994,34.750634845000036],[-95.98146809899998,35.03957977300007],[-96.03368815799996,35.23808693500007],[-96.02646636999998,35.36508067800003],[-96.07532946499998,35.449336463000066],[-96.19440088299996,35.54693318000005],[-96.24722865799998,35.61465764700006],[-96.35791294099994,35.64083567000006],[-96.47803458699997,35.71066085100006],[-96.51134729199998,35.76953441100005],[-96.53837048999998,35.887516911000034],[-96.50445762799995,36.05681115500005],[-96.40512622599994,36.181223310000064],[-96.38489284799994,36.28877709300008],[-96.33330557299996,36.388143727000056],[-96.04166975199996,36.55393865100007],[-96.01035695499996,36.644874747000074],[-96.03129675599996,36.71926444200005],[-96.08371276099996,36.801895244000036],[-96.18857952699994,36.84310340800005],[-96.32484558199997,36.84281315900006],[-96.48207394999997,36.84228681400003],[-96.60751974999994,36.80039226200006],[-96.68002592499994,36.70908071500003],[-96.67920333299998,36.61815696000008],[-96.70930652199996,36.48571491400003],[-96.82306380999995,36.39404689400004],[-97.02091353699996,36.38425602700005],[-97.30260936199994,36.40632737800007],[-97.53285744499999,36.453211442000054],[-97.66070535799997,36.57552782700003],[-97.77929305099997,36.73091160900003],[-97.92897889299996,36.852612288000046],[-97.96840322399999,36.912358245000064],[-97.96174397699997,36.97650727700005],[-97.97620527799995,37.03124112000006],[-97.90966512699998,37.18070479900007],[-97.97531381499994,37.48144764800003],[-97.96532131999999,37.94635763800005],[-97.92665040899999,37.98497116900006],[-97.71418291099997,38.00465759900004],[-97.47664403799996,37.97854571500005],[-96.96660892299997,37.845176380000055],[-96.85684215399999,37.88292644500007],[-96.82037156499996,37.981849416000045],[-96.84208513899995,38.11114532000005],[-96.87578209299994,38.24073824300007],[-96.99108576899994,38.418643581000026],[-97.63746560599998,38.72820755200007],[-97.88272368699995,38.76655975700004],[-98.17099243499996,38.775162151000075],[-98.48522361999994,38.84878976300007],[-98.61131815599998,39.02546663700008],[-98.82474585499995,39.058601071000055],[-99.12600851399998,39.02488219300005],[-99.38273371399998,38.75830722400008],[-99.52151651799994,38.759644381000044],[-99.65644479499997,38.802574296000046],[-99.73228901299996,38.91072862400006],[-99.70877706499999,38.95570388400006],[-99.72876324199996,38.99244744900005],[-99.77810123699999,39.01962296500005],[-99.80773978599996,39.106370361000074],[-99.76975023599994,39.18345051000006],[-99.76094276799995,39.27383966100007],[-99.78607892999997,39.35424087400003],[-99.82481540799995,39.40762255800007],[-99.91778846599999,39.409381145000054],[-99.95575934699997,39.44959276000003],[-99.95498855999995,39.51724702200005],[-99.93731050799994,39.566935595000075],[-99.77436585199996,39.68451634000007],[-99.58425281699999,39.66328898000006],[-99.41594384999996,39.67126655900006],[-98.83075185799999,39.62471758100003],[-98.58421379099997,39.55642645300003],[-98.37737698799998,39.52293271000008],[-98.01271562499994,39.498269065000045],[-97.78092503299996,39.42306737900003],[-97.56769010799997,39.32864815000005],[-97.48623323299995,39.33229222600005],[-97.29225930399997,39.39484868300008],[-97.23066479899995,39.38121941400004],[-97.20548360299995,39.443214812000065],[-97.34136629399995,39.56775872600008],[-97.46591141199997,39.61483347300003],[-97.82690262599999,39.63685851100007],[-98.28463900799994,39.84709711200003],[-98.30745738899998,39.922128841000074],[-98.25959694899996,39.99403171900008],[-98.00099259999996,40.06900413400007],[-97.97027508199994,40.12517075000005],[-97.97793067499998,40.176812796000036],[-97.94298744899999,40.244951710000066],[-97.94202401299998,40.308952472000044],[-97.91001873099998,40.34512986800007],[-97.46804748999995,40.32890410400006],[-97.35824470499995,40.35316223700005],[-97.30504441699998,40.507632089000026],[-96.93500024599996,40.84720100700008],[-96.83385886699995,40.87694751200007],[-96.38723268899997,40.879947180000045],[-96.31550554699999,40.84018155800004],[-96.29734825199995,40.760264723000034],[-96.46129702199994,40.74761756100003],[-96.60133703399998,40.70579232700004],[-96.92555759699997,40.67336537800003],[-96.95031729999994,40.62230833000007],[-96.88069922699998,40.37169784100007],[-96.81181050899994,40.21765667400007],[-96.73386339599995,40.10687107100006],[-96.66373639799997,40.05101395100007],[-96.42352007699998,40.02786795800006],[-95.58027037999994,39.99703218700006],[-95.48144826899994,40.059422029000075],[-95.48215413199995,40.14616561400004],[-95.58583726299997,40.403266020000046],[-95.75172056499997,40.67261888100006],[-95.71601657699995,40.76843968900005],[-95.27317815599997,40.87282961100004],[-94.75700138999997,40.872767913000075],[-94.55584448799999,40.92176168100008],[-94.40608227699994,41.01828560900003],[-94.33796071899997,41.221928938000076],[-94.35150242499998,41.306968410000025],[-94.33443843599997,41.35020078500003],[-94.33396026099996,41.53545604300007],[-94.36339567099998,41.67955895700004],[-94.34310332899997,41.89273056400003],[-94.00801067499998,42.40981285200007],[-93.64788595199997,42.54954962900007],[-93.35143733199999,42.621833181000056],[-93.16819845899994,42.74547537400008],[-93.12468484799996,42.84473782500004],[-93.26697129399997,42.98194248000004],[-93.20539249599994,43.212192266000045],[-93.03630907899998,43.44700274100006],[-93.15034877299996,43.54912310200007],[-93.11465993499996,43.62281765100005],[-93.03489844099994,43.67336704000007],[-92.98778949999996,43.72507170000006],[-92.88314261699998,43.921504914000025],[-92.80350570099995,43.920705758000054],[-92.61258971599995,43.87748935700006],[-92.38184167799994,43.893346516000065],[-91.83861799899995,43.84275959400003],[-91.40869149999997,43.90189620000007],[-90.92487020499999,43.99514149700008],[-90.53127502099994,43.93899598000007],[-90.08984881899994,43.917730498000026],[-90.09973830299998,43.84040887800006],[-90.37228542999998,43.72864805900008],[-90.55237497099995,43.72551381400007],[-90.60745259399994,43.674325949000036],[-90.36156964299994,43.53048333500004],[-90.14778288599996,43.46700842000007],[-90.11342672299998,43.43486223200006],[-90.29454198699995,43.04385700500006],[-90.46548929899996,42.88754662600007],[-90.81809833199998,42.687765617000025],[-90.84845984699996,42.586158116000036],[-90.80380071999997,42.33967824100006],[-90.64000601099997,42.19945764200003],[-90.52544721199996,41.93834720900003],[-90.40242519299994,41.80665813400003],[-90.25078719599998,41.604244393000045],[-90.19153447899998,41.49563596400003],[-89.88818110499994,41.41846439300008],[-89.63173359499996,41.393351454000026],[-89.12743857899994,41.29407150800006],[-88.88389649499999,41.14697013400007],[-88.82973401499999,41.04550739300004],[-88.61617026699997,40.85157953600003],[-88.30483689899995,40.512536468000064],[-88.13769048799998,40.44167219700006],[-87.97829091699998,40.42407370800004],[-87.50204020499996,40.52675773100003],[-87.36693037199996,40.69959618200005],[-87.26528728499994,40.71604730000007],[-87.02726867399997,40.59298606600004],[-86.83237454699997,40.603686983000046],[-86.74519989699996,40.640534725000066],[-86.26059437999999,40.74769958400003],[-86.24433817599999,40.77577979800003],[-86.26942250599996,40.84872233700003],[-86.42627310899996,40.927033325000025],[-86.99315972699998,40.95923546400007],[-87.54414983699996,41.022152531000074],[-87.98578987199994,41.13407465100005],[-88.05992795699996,41.199329447000025],[-88.21926253599997,41.295011557000066],[-88.30191229699994,41.44144951800007],[-88.39791111099998,41.71998142100006],[-88.35403607599994,41.80832964500007],[-88.22298423599995,41.96978539100007],[-88.16604111799995,42.072301665000055],[-88.21392761099997,42.23184972400003],[-88.23788527899995,42.38627233500006],[-88.22078869999996,42.444176920000075],[-87.81684583599997,42.59767956400003],[-87.77732674199996,42.72117650700005],[-87.77953164099995,42.75803411800007],[-88.29193205199994,42.894658728000024],[-88.37330852899998,42.894797882000034],[-88.56196472399995,42.89459147400004],[-88.97975112999995,42.733308340000065],[-89.24526456699994,42.66174672300008],[-89.47427879099996,42.64727261200005],[-89.55966378399995,42.66179980100003],[-89.63827834699998,42.69919348700006],[-89.69312739499998,42.758680156000025],[-89.71182907299999,42.82239684500007],[-89.67530392399999,42.89695399400006],[-89.50002856299994,43.173366334000036],[-89.41014261199996,43.286821677000034],[-89.05462062399994,43.45307068100004],[-88.43389698099998,43.69407712200007],[-88.37768168899998,43.756885786000055],[-88.38763127699997,43.818608718000064],[-88.31016878099996,43.905863545000045],[-88.22230008799994,43.93783089300007],[-88.13809357199995,44.060399809000046],[-88.04361570299994,44.11094352100008],[-87.95379810899999,44.151944882000066],[-87.65696361399995,44.05338777400004],[-87.64222553499997,44.10662519700003],[-87.53493333499995,44.16113723800004],[-87.51026750099999,44.220024730000034],[-87.54770496199995,44.315861383000026],[-87.50457599899994,44.45749348800007],[-87.46644428499997,44.554985722000026],[-87.35474993199995,44.701515905000065],[-87.32284380299996,44.77447581800004],[-87.33735491999994,44.80346752200006],[-87.38931874499997,44.82893825700006],[-87.42266684199996,44.87464977900004],[-87.44645530299994,44.87593151600004],[-87.43009787699998,44.884350555000026],[-87.44147330899995,44.89137341300005],[-87.48698265699994,44.856003531000056],[-87.51622613599994,44.86876369400005],[-87.51873620499998,44.84917140400006],[-87.56070551399995,44.822399853000036],[-87.55418238299995,44.847866777000036],[-87.61175381099997,44.83818888500008],[-87.72347868399999,44.72653648600004],[-87.72163999699995,44.69868156300004],[-87.76277769799998,44.64765997500007],[-87.86950532599997,44.61387700500006],[-87.91721956999999,44.57613438000004],[-87.90791170399996,44.562794385000075],[-87.94010775499999,44.52896564100007],[-88.02447362599997,44.53859011800006],[-88.03562780599998,44.55650393900004],[-88.02468725099999,44.558209110000064],[-88.04507299999995,44.56436221600006],[-88.01897283499994,44.58505695300005],[-88.01749273799999,44.62335652000007],[-87.98485417399996,44.59105747600006],[-88.01853796599994,44.63431614700005],[-88.00881811899995,44.66751165000005],[-87.98879858199996,44.67276449000008],[-87.99326941199996,44.70246954100003],[-87.90632481999995,44.821018912000056],[-87.83076328099997,44.88354181400007],[-87.84454197699995,44.926163433000056],[-87.82008213399996,44.950512651000054],[-87.63352812599999,44.98183514700003],[-87.62727202899998,45.044304640000064],[-88.26196656899998,45.12717813200004],[-88.63322038199999,45.14437047200005],[-89.32417226799998,45.209794902000056],[-90.42079374299999,45.177748360000066],[-90.78054994899998,45.138833426000076],[-91.31096861599997,45.04595801800008],[-91.65100088299994,45.07573321500007],[-91.73459116199996,45.30455727700007],[-91.91483743299995,45.70565848800004],[-91.99784955799998,45.83857423500007],[-92.23040407699995,45.880284361000065],[-92.37501471199994,45.88015395600007],[-92.77466384199994,45.75149367400007],[-92.93393151899994,45.595383672000025],[-92.79679199399999,45.41019552200004],[-92.64201890399994,45.32429041300003],[-92.48944393699998,45.08856671800004],[-92.56024005499995,45.05520009500003],[-92.39373938899996,45.03000518600004],[-92.34006719599995,44.95355713300006],[-92.30858333899994,44.87427523700006],[-92.32811491499996,44.77621503200004],[-92.37200987899996,44.723824990000026],[-92.33486909599998,44.63060494600006],[-92.25814504499994,44.55241898300005],[-92.21488082599996,44.48346961000004],[-92.17031493099995,44.47886142500005],[-91.99364858799999,44.39062105700003],[-91.86072435199998,44.29622687800003],[-91.84927503699998,44.23692842600008],[-91.86765580899998,44.20318391300003],[-91.94066278199995,44.17751763200005],[-92.30669418599996,44.137792594000075],[-92.61595148599997,44.06609898900007],[-92.74140395599994,44.05223287600006],[-92.93832685299998,44.18356926100006],[-92.98011058799995,44.27251227200003],[-93.05282358299996,44.364115380000044],[-93.41995525599998,44.49927290200003],[-93.72099758599995,44.63582333100004],[-93.80482384599998,44.78820088900005],[-94.19368652699995,45.26650417700006],[-94.76013069699997,45.697652101000074]],[[-94.89633536499997,44.852429639000036],[-95.03210485599999,44.910229204000075],[-95.09052452599997,45.058056803000056],[-95.22229944499998,45.248728905000064],[-95.20743143499999,45.368381284000066],[-95.03310459299996,45.42353618200008],[-94.71583289599994,45.41826268500006],[-94.59227854299996,45.363743413000066],[-94.46494080799994,45.10476991100006],[-94.48786383399994,44.98795391200008],[-94.52188828699997,44.921293467000055],[-94.72035567399996,44.83906972500006],[-94.89633536499997,44.852429639000036]],[[-98.70143632799994,40.206673264000074],[-98.75336800699995,40.223149430000035],[-98.68133061399999,40.33306766900006],[-98.39997140899999,40.352284705000045],[-98.39545179799995,40.28608047900008],[-98.48945479099996,40.22295513600005],[-98.58256842399999,40.202350832000036],[-98.70143632799994,40.206673264000074]],[[-101.06992184999996,39.70294212500005],[-100.91079711699996,39.60998785900006],[-100.81776952599995,39.52259236300006],[-100.60862187499998,39.31539291800004],[-100.59095134899997,39.26706154400006],[-100.51601127799995,39.17707376900006],[-100.29897137499995,39.06683806800004],[-100.18788089499998,38.982885973000066],[-100.12808460499997,38.84222593100003],[-100.22588515599995,38.75628840100006],[-100.25624178199996,38.674558158000025],[-100.18379680499999,38.536445479000065],[-99.98321355699994,38.31291479300006],[-100.00840021599998,38.286186143000066],[-100.25128212499999,38.219871203000025],[-100.72723666299999,38.225413401000026],[-100.76664369099996,38.262953553000045],[-100.85251786299995,38.490060140000026],[-101.00363460299997,38.626289659000065],[-101.15174892299996,38.86383906700007],[-101.16297700199999,38.94611397800003],[-101.25740926299994,39.04335799900008],[-101.34062223299998,39.058271485000034],[-101.36694490999997,39.134199995000074],[-101.30604408799996,39.20891885000003],[-101.31999654999998,39.39462026800004],[-101.66617525299995,39.449126138000054],[-101.96909260799998,39.44295179200003],[-101.99091347799998,39.48080845100003],[-102.01498372999998,39.610658718000025],[-101.99183847499995,39.71711499500003],[-101.91243541999995,39.72573566500006],[-101.59486984199998,39.56923547300005],[-101.49944504899997,39.61031272200006],[-101.44172216699997,39.71216448100006],[-101.28090340399996,39.752156651000064],[-101.06992184999996,39.70294212500005]],[[-99.89446987299999,38.54591705900003],[-100.09891794299995,38.74602901700007],[-100.11448122699994,38.809101869000074],[-100.05489397399998,38.82372366900006],[-99.93714871399999,38.91548591900005],[-99.89915056599995,38.91113844800003],[-99.89960217399994,38.87237537200008],[-99.83412159899996,38.73751364200007],[-99.69943145499997,38.62822533000008],[-99.68052861999996,38.56075604600005],[-99.75387168599997,38.525472396000055],[-99.89446987299999,38.54591705900003]],[[-98.13487828099994,38.65809655700008],[-97.98835771899996,38.68887418500003],[-97.78452767099998,38.64240503700006],[-97.55378881199994,38.61426527400005],[-97.35563811599997,38.51041397800003],[-97.28036838699995,38.42903194100006],[-96.98597278399996,38.34061335900003],[-96.95080215399997,38.227841107000074],[-97.07182837199997,38.15091423400003],[-97.24779595299998,38.107812583000054],[-97.37726145199997,38.110101179000026],[-97.64732908399998,38.067706273000056],[-97.89694646599997,38.07219781900005],[-99.04829628599998,38.33001546100007],[-99.08383205999996,38.41179155800006],[-99.03326606599995,38.49008369400008],[-98.88760682199995,38.55062465100008],[-98.56447469599999,38.62565549900006],[-98.31200166599996,38.63407798500003],[-98.13487828099994,38.65809655700008]],[[-103.08694910199995,39.46202847100005],[-103.18832863899996,39.51229186300003],[-103.20963354399998,39.56568546300008],[-103.10842881599996,39.72834397200006],[-103.14114989199999,39.82115721800005],[-103.25413924299994,39.86954822700005],[-103.30939484299995,40.135453926000025],[-103.29311833199995,40.25624103500007],[-103.15535322799997,40.39744114300004],[-102.92046077999998,40.389217762000044],[-102.72366601599998,40.33237841600004],[-102.66166588299996,40.237989767000045],[-102.48853114899998,40.08457520300004],[-102.24647465999999,39.83208675900005],[-102.20863723799994,39.73978018100007],[-102.24583402399998,39.632094049000045],[-102.48614393799994,39.50715921400007],[-103.08694910199995,39.46202847100005]],[[-96.95214800999997,34.23743598200008],[-96.87255733399996,34.23806082500005],[-96.81411454999994,34.185228994000056],[-96.94695624699995,34.047579658000075],[-97.01861862299995,34.09498293300004],[-97.00226175999995,34.19559274200003],[-96.95214800999997,34.23743598200008]],[[-89.30082741399997,41.928480431000025],[-89.51733176599998,41.96321928800006],[-89.67068259099995,42.045784379000054],[-89.76273158999999,42.15677439900003],[-89.82617598699994,42.29001251300008],[-89.80529877999999,42.40344748500007],[-89.73121554999994,42.44724676300007],[-89.49256300299999,42.459183170000074],[-89.05814757299999,42.42877406200006],[-88.80733621099995,42.34797394700007],[-88.67331609699994,42.23779050100006],[-88.61906906099995,42.13993921400004],[-88.62328690599998,42.04937177800008],[-88.79404184899994,41.95639059300004],[-88.98131459999996,41.90752759000003],[-89.30082741399997,41.928480431000025]]],[[[-84.15456145199994,46.322312553000074],[-84.21012634799996,46.31454964000005],[-84.15577451199994,46.21374625200008],[-84.10903683199996,46.25233192200005],[-84.15456145199994,46.322312553000074]]],[[[-84.20709747899997,46.325955588000056],[-84.20040649899994,46.32904930700005],[-84.20760864899995,46.33008690400004],[-84.20709747899997,46.325955588000056]]],[[[-84.20477051399996,46.33599968600004],[-84.20148224599996,46.33594246600006],[-84.20735688099995,46.33741493900004],[-84.20477051399996,46.33599968600004]]],[[[-84.18631500699996,46.355389796000054],[-84.18877167199997,46.36047478800003],[-84.19222778799997,46.35595055700003],[-84.18631500699996,46.355389796000054]]],[[[-84.23701235599998,46.41353341800004],[-84.24278780899994,46.41821405200005],[-84.24290987799998,46.41454812600006],[-84.23701235599998,46.41353341800004]]],[[[-84.51573711799995,46.43849297000003],[-84.51166301999996,46.442559438000046],[-84.51888805899995,46.44358177700008],[-84.51573711799995,46.43849297000003]]],[[[-84.95903560299996,46.48591726700005],[-84.96621486499998,46.48920553700003],[-84.96500179099996,46.484608826000056],[-84.95903560299996,46.48591726700005]]],[[[-84.67315447099998,46.492486195000026],[-84.66969072499995,46.49839897700008],[-84.68294298699999,46.49628181800006],[-84.67315447099998,46.492486195000026]]],[[[-84.95010921399995,46.528908913000066],[-84.95004817899996,46.531659311000055],[-84.95470973899995,46.52987784700008],[-84.95010921399995,46.528908913000066]]],[[[-85.02062010099996,46.535187902000075],[-85.02780699299996,46.53847617100007],[-85.02856993199998,46.53389853400006],[-85.02062010099996,46.535187902000075]]],[[[-84.12238067899995,46.52161525900004],[-84.20846316599994,46.53363155100004],[-84.28565739799996,46.476674295000066],[-84.26521061199998,46.45708963800007],[-84.24915836099996,46.46324656200005],[-84.22585054599995,46.39317819100006],[-84.17609161499996,46.365300382000044],[-84.16733306399999,46.333531579000066],[-84.11773435199996,46.32121773600005],[-84.18960328499998,46.43107340100005],[-84.12238067899995,46.52161525900004]]],[[[-84.97056365599997,46.75753138400006],[-84.95232176899998,46.77246592600005],[-85.24885353799993,46.75622292400004],[-85.52034561799996,46.675851040000055],[-85.88872342099995,46.692181739000034],[-86.07887850199995,46.65665925800005],[-86.08308870699994,46.40201978500005],[-85.63379942299997,46.353778618000035],[-85.49853536299997,46.30730740400003],[-84.67667301499995,46.25818850100006],[-84.37130691899995,46.254140551000035],[-84.26060192099999,46.21590757400003],[-84.17948668399998,46.24988669800007],[-84.21925873499998,46.29774970900007],[-84.22063966299999,46.35321923200007],[-84.25886294999998,46.429936618000056],[-84.29921483699997,46.48560450100007],[-84.34281684399997,46.50417826300003],[-84.45408396399995,46.47058984200004],[-84.47632365299995,46.43378945000006],[-84.49703746699998,46.44646950500004],[-84.57581098499998,46.41368217300004],[-84.59354933199995,46.415764996000064],[-84.59743269999996,46.441029739000044],[-84.57792433199995,46.43159217800007],[-84.62458572899999,46.48311730100005],[-84.69121325199995,46.483555987000045],[-84.82681051899993,46.44448584200006],[-84.93397303499995,46.48563498100003],[-85.03095792599999,46.485791378000044],[-85.05725646299999,46.520451722000075],[-85.02622770899995,46.54992407900005],[-85.02845551099995,46.68706246600004],[-85.00627685999996,46.731316777000075],[-84.97056365599997,46.75753138400006]]],[[[-68.12937900299994,44.436151117000065],[-68.13240024599997,44.450303645000076],[-68.13873599899995,44.438776749000056],[-68.12937900299994,44.436151117000065]]],[[[-88.63506319399994,47.17604244300003],[-88.63937283899998,47.17168144900006],[-88.63583761599995,47.16611291900006],[-88.63506319399994,47.17604244300003]]],[[[-68.21226477899995,44.516461949000075],[-68.21597253099998,44.518609523000066],[-68.21278857099998,44.51532287100008],[-68.21226477899995,44.516461949000075]]],[[[-67.86450159599997,44.43598327600006],[-67.87312281399994,44.45611725100008],[-67.87795985299994,44.43472824000003],[-67.85834467199999,44.42179260000006],[-67.86450159599997,44.43598327600006]]],[[[-88.63184621199997,47.21726142700004],[-88.68150237499998,47.21558480500005],[-88.77007203499994,47.153054273000066],[-88.88828953199999,47.10419561500004],[-88.96779546299996,47.00450611200006],[-89.14665401099995,46.98366347000007],[-89.01808945599998,46.80579000400007],[-89.09697987599998,46.681236125000055],[-89.68397040499997,46.36518904500008],[-89.71717088999998,46.33920795900008],[-89.70374833399995,46.25982498600007],[-89.56455023299998,46.17776674300006],[-88.90359155599998,45.918236697000054],[-88.64774040999998,45.791311034000046],[-88.45369057099998,45.73747508900004],[-88.42548051199998,45.664111827000056],[-88.11839286599997,45.47707342600006],[-87.94167924299995,45.31750313900005],[-87.61221259199993,45.131476699000075],[-87.58602752499996,45.16984634900007],[-87.44093929999997,45.29244311700006],[-87.39401088999995,45.36906514100008],[-87.33689723099997,45.41832815300006],[-87.32786801999998,45.454028348000065],[-87.60992497699993,45.43727413000005],[-87.99599096999998,45.60803260100005],[-88.16923529499996,45.70651572600008],[-88.45111626899995,45.79481431200003],[-88.64235120399997,45.878953299000045],[-88.90640854399999,46.08982674300006],[-89.09757132899995,46.273244145000035],[-89.13351247599996,46.42875053500006],[-88.81686589199995,46.48029998700008],[-88.61636247199993,46.41902249900005],[-88.46132557699997,46.52069217800005],[-88.49240577799998,46.594776886000034],[-88.76011458099998,46.71915449100004],[-88.80539293999999,46.889523170000075],[-88.58273261299996,46.96522168900003],[-88.44689532299998,46.985355405000064],[-88.59025249499996,47.04775110300005],[-88.64995481299997,47.169220970000026],[-88.63184621199997,47.21726142700004]],[[-88.67307195699999,47.21884664900006],[-88.67306749099998,47.21884577800006],[-88.67306983299994,47.21884339400003],[-88.67307195699999,47.21884664900006]],[[-88.67541309799998,47.217393377000064],[-88.67540991499999,47.21739348500006],[-88.67541316999996,47.217391716000066],[-88.67541309799998,47.217393377000064]],[[-88.68450826299994,47.21318187900005],[-88.68450168299995,47.21318119500006],[-88.68450885999994,47.21317698400003],[-88.68450826299994,47.21318187900005]],[[-88.68829053799999,47.21112685500003],[-88.68828801399997,47.21112709600004],[-88.68829029699998,47.211126113000034],[-88.68829053799999,47.21112685500003]],[[-88.72630006599996,47.18812928300008],[-88.72629635299995,47.18812862400006],[-88.72629964199996,47.18812664700005],[-88.72630006599996,47.18812928300008]],[[-88.72833549199999,47.186701751000044],[-88.72832988799996,47.18670272600008],[-88.72833510599997,47.18669940800004],[-88.72833549199999,47.186701751000044]],[[-88.74335449299997,47.17424834800005],[-88.74335181699996,47.174248101000046],[-88.74335395299994,47.174246399000026],[-88.74335449299997,47.17424834800005]],[[-88.74466842799995,47.17302861400003],[-88.74466419699996,47.173027852000075],[-88.74466884799995,47.17302367100007],[-88.74466842799995,47.17302861400003]],[[-88.74812622799999,47.16985834700006],[-88.74812077799999,47.16985813900004],[-88.74812547099998,47.169854618000045],[-88.74812622799999,47.16985834700006]],[[-88.75439202899997,47.16311574700006],[-88.75438340799997,47.16311789200006],[-88.75439198199996,47.16310944500003],[-88.75439202899997,47.16311574700006]],[[-88.76578989899997,47.15511774200007],[-88.76578691499998,47.15511575900007],[-88.76580115399997,47.155107920000034],[-88.76578989899997,47.15511774200007]],[[-88.77719097599999,47.15056419600006],[-88.77718826299997,47.15056337100003],[-88.77719293999996,47.150562087000026],[-88.77719097599999,47.15056419600006]],[[-88.80035315999999,47.146745933000034],[-88.80034495499996,47.146746420000056],[-88.80034644199998,47.14674542800003],[-88.80035315999999,47.146745933000034]],[[-88.80643944299999,47.14353574000006],[-88.80643556599995,47.14353549200007],[-88.80643911999994,47.143534343000056],[-88.80643944299999,47.14353574000006]],[[-88.81138088999995,47.14256234100003],[-88.81137424799994,47.14256235300007],[-88.81138525599994,47.142550235000044],[-88.81138088999995,47.14256234100003]],[[-88.81655091299996,47.139988938000045],[-88.81654648199998,47.13999671000005],[-88.81656101399994,47.13998203500006],[-88.81655091299996,47.139988938000045]],[[-88.82040851399995,47.13804700500003],[-88.82040292199997,47.138045944000055],[-88.82040850499999,47.138044093000076],[-88.82040851399995,47.13804700500003]],[[-88.82318394799995,47.13573364800004],[-88.82317994699997,47.135733180000045],[-88.82318529599996,47.135730753000075],[-88.82318394799995,47.13573364800004]],[[-88.82541206699995,47.133582164000074],[-88.82540633799994,47.13358334000003],[-88.82540767599994,47.13357522100006],[-88.82541206699995,47.133582164000074]],[[-88.82600613299996,47.132616564000045],[-88.82600082699997,47.132617277000065],[-88.82600304999994,47.13261333100007],[-88.82600613299996,47.132616564000045]],[[-88.82898168799994,47.129672209000034],[-88.82897759099995,47.129672062000054],[-88.82898004299994,47.129668019000064],[-88.82898168799994,47.129672209000034]],[[-88.83007231399995,47.12843753400006],[-88.83006708099998,47.128438079000034],[-88.83007049299994,47.12843217100004],[-88.83007231399995,47.12843753400006]],[[-88.83065678499997,47.12753729100007],[-88.83064992999994,47.127540175000036],[-88.83065541499997,47.12753362500007],[-88.83065678499997,47.12753729100007]],[[-88.83324331299997,47.125443002000054],[-88.83324142699996,47.12544302200007],[-88.83324290499996,47.125442073000045],[-88.83324331299997,47.125443002000054]],[[-88.83434843899994,47.123358653000025],[-88.83434658099998,47.123358858000074],[-88.83434764399999,47.12335803800005],[-88.83434843899994,47.123358653000025]],[[-88.83559431499998,47.12179020100007],[-88.83558897499995,47.12179000100008],[-88.83559659799994,47.12178405700007],[-88.83559431499998,47.12179020100007]],[[-88.83852364999996,47.11937620100008],[-88.83851923199995,47.11937567900003],[-88.83852630099994,47.119371416000035],[-88.83852364999996,47.11937620100008]],[[-88.84052937199993,47.11776615600007],[-88.84052518199996,47.11776460400006],[-88.84052972299997,47.11776212800004],[-88.84052937199993,47.11776615600007]],[[-88.84128600199995,47.11719104300005],[-88.84127534699996,47.11719466800008],[-88.84128335699995,47.11718764900007],[-88.84128600199995,47.11719104300005]],[[-88.84254096699999,47.11626039200007],[-88.84253681399997,47.11626067900005],[-88.84254110999996,47.11625795500004],[-88.84254096699999,47.11626039200007]],[[-88.85494045299998,47.11432999900006],[-88.85493341499995,47.114328786000044],[-88.85494137799998,47.11432761200007],[-88.85494045299998,47.11432999900006]],[[-88.86020842599999,47.11098982100003],[-88.86020487899998,47.11098965000008],[-88.86020892699997,47.11098701100008],[-88.86020842599999,47.11098982100003]],[[-88.86327319699996,47.10977308500003],[-88.86326818299995,47.109771556000055],[-88.86327188299998,47.10976873300007],[-88.86327319699996,47.10977308500003]],[[-88.86649385599998,47.10866839800008],[-88.86649204299994,47.10866737600003],[-88.86649355699996,47.10866650600008],[-88.86649385599998,47.10866839800008]],[[-88.87708865899998,47.10605673100008],[-88.87708762999995,47.10605587600003],[-88.87708974299994,47.10605506300004],[-88.87708865899998,47.10605673100008]],[[-88.89005092899998,47.09951019300007],[-88.89004755599996,47.099511680000035],[-88.89004552299997,47.099509004000026],[-88.89005092899998,47.09951019300007]],[[-88.89226799399995,47.095820598000046],[-88.89226455699998,47.09582089100007],[-88.89226622299998,47.09581921500006],[-88.89226799399995,47.095820598000046]],[[-88.89307158399998,47.095322156000066],[-88.89306715699996,47.09532093900003],[-88.89306967999994,47.09531924700008],[-88.89307158399998,47.095322156000066]],[[-88.89397311199997,47.09447905500008],[-88.89396783199999,47.09447877400004],[-88.89397131099997,47.094475921000026],[-88.89397311199997,47.09447905500008]],[[-88.89560986299995,47.09289152700006],[-88.89560560099994,47.09289156800003],[-88.89560820599996,47.09288810900006],[-88.89560986299995,47.09289152700006]],[[-88.89699939899998,47.091504126000075],[-88.89699492199998,47.09150333000008],[-88.89699730999996,47.091501176000065],[-88.89699939899998,47.091504126000075]],[[-88.89788325499995,47.09093381000008],[-88.89787797999998,47.09093250700005],[-88.89788241099996,47.09092993200005],[-88.89788325499995,47.09093381000008]],[[-88.90014820999994,47.08990139700006],[-88.90014773099995,47.08990619200006],[-88.90014318099998,47.089905292000026],[-88.90014820999994,47.08990139700006]],[[-88.90272503799997,47.08240747600007],[-88.90271477799996,47.08241574200008],[-88.90272019499997,47.08240547200006],[-88.90272503799997,47.08240747600007]],[[-88.90441324999995,47.079125238000074],[-88.90440962699995,47.07912401600004],[-88.90441123099998,47.07912152400007],[-88.90441324999995,47.079125238000074]],[[-88.90676366299994,47.07558372400007],[-88.90675560599999,47.07558632900003],[-88.90676222999997,47.07557908900003],[-88.90676366299994,47.07558372400007]],[[-88.91148709299995,47.067376255000056],[-88.91148176999997,47.06737683000006],[-88.91148314099996,47.067365850000044],[-88.91148709299995,47.067376255000056]],[[-88.92223452999997,47.04588411900005],[-88.92222738899994,47.04588915000005],[-88.92222818899995,47.045882032000065],[-88.92223452999997,47.04588411900005]],[[-88.92492531399995,47.041829920000055],[-88.92491734899994,47.041833032000056],[-88.92492163099996,47.04182786300004],[-88.92492531399995,47.041829920000055]],[[-88.92907273199995,47.03637798400007],[-88.92906698999997,47.036378496000054],[-88.92907038099997,47.03637504500006],[-88.92907273199995,47.03637798400007]],[[-88.95030373299994,47.01449557900003],[-88.95029940199998,47.01449611000004],[-88.95030429699995,47.01449242700005],[-88.95030373299994,47.01449557900003]],[[-88.96139853899996,47.007504710000035],[-88.96139174799998,47.007504770000025],[-88.96139792399998,47.00750146900003],[-88.96139853899996,47.007504710000035]],[[-88.96804373899994,47.004171976000066],[-88.96804123999999,47.00417203200004],[-88.96804349699994,47.00417134200006],[-88.96804373899994,47.004171976000066]],[[-88.96923947199997,47.00364497600003],[-88.96923625399995,47.00364245700007],[-88.96924085299997,47.00363941100005],[-88.96923947199997,47.00364497600003]],[[-88.97195173899996,47.002360175000035],[-88.97194849899995,47.00235892400008],[-88.97195296699994,47.00235694100007],[-88.97195173899996,47.002360175000035]],[[-89.04450249999996,46.99644321200003],[-89.04450815399997,46.99644096500003],[-89.04450618499999,46.99644348600003],[-89.04450249999996,46.99644321200003]],[[-89.04101344399999,46.99829753500006],[-89.04101726399995,46.99829553600006],[-89.04101669299996,46.998298369000054],[-89.04101344399999,46.99829753500006]],[[-89.04906188599995,46.99513875100007],[-89.04906159799998,46.995138447000045],[-89.04906259199998,46.995138128000065],[-89.04906188599995,46.99513875100007]],[[-89.04989444499995,46.994968732000075],[-89.04989395399997,46.994968276000066],[-89.04989480899997,46.994968146000076],[-89.04989444499995,46.994968732000075]],[[-89.05046980699996,46.99488167000004],[-89.05046798499995,46.99488028700006],[-89.05047005999995,46.994879970000056],[-89.05046980699996,46.99488167000004]],[[-89.05282974099998,46.99374881700004],[-89.05282780599998,46.99374853200004],[-89.05282980299995,46.99374734100007],[-89.05282974099998,46.99374881700004]],[[-89.05590376399994,46.99209657000006],[-89.05590015399997,46.99209626000004],[-89.05590538399997,46.99209366600007],[-89.05590376399994,46.99209657000006]],[[-89.05868193599997,46.99054088200006],[-89.05867928199996,46.99054034800008],[-89.05868258799995,46.99053800400003],[-89.05868193599997,46.99054088200006]],[[-89.06062697799996,46.989401179000026],[-89.06062247699998,46.98940025400003],[-89.06062896999998,46.98939697600008],[-89.06062697799996,46.989401179000026]],[[-89.06327649799994,46.98844836600006],[-89.06327332099994,46.988447551000036],[-89.06327671199995,46.98844651400003],[-89.06327649799994,46.98844836600006]],[[-89.06888299399998,46.98688005500003],[-89.06872049999998,46.986948366000036],[-89.06860464599998,46.98694202100006],[-89.06888299399998,46.98688005500003]],[[-89.12348869099998,46.99318661500007],[-89.12349149199997,46.99318639300003],[-89.12349002499997,46.99318730600004],[-89.12348869099998,46.99318661500007]],[[-89.13804630799996,46.986878768000054],[-89.13804020399994,46.98687896400003],[-89.13804673499999,46.98687625800005],[-89.13804630799996,46.986878768000054]],[[-89.14284898799997,46.984545093000065],[-89.14284315899994,46.984547932000055],[-89.14284703199996,46.98454413800005],[-89.14284898799997,46.984545093000065]]],[[[-67.83993493699995,44.450818637000054],[-67.83715783699995,44.46356354300008],[-67.84545862199997,44.46500168500006],[-67.83993493699995,44.450818637000054]]],[[[-67.70798451499996,44.45735703300005],[-67.70786244499993,44.46374283700004],[-67.71491963599993,44.46289597400005],[-67.70798451499996,44.45735703300005]]],[[[-67.78308830099996,44.480409251000026],[-67.79715690899997,44.48145066300003],[-67.78769645799997,44.47361145900004],[-67.78308830099996,44.480409251000026]]],[[[-67.83428918499999,44.48132096200004],[-67.82772027499993,44.49129639700004],[-67.83997308699998,44.485932931000036],[-67.83428918499999,44.48132096200004]]],[[[-67.60016587299998,44.440309151000065],[-67.60003617499996,44.44669114000004],[-67.60709336599996,44.445855721000044],[-67.60016587299998,44.440309151000065]]],[[[-67.61158708199997,44.444989785000075],[-67.61146501199994,44.45091782500003],[-67.61852220299994,44.45007859100008],[-67.61158708199997,44.444989785000075]]],[[[-67.67272907099994,44.45974884900005],[-67.67261462899995,44.465676890000054],[-67.67967182199993,44.46483384100003],[-67.67272907099994,44.45974884900005]]],[[[-67.62024644799993,44.45967255700003],[-67.62011674999997,44.466054547000056],[-67.62717394199996,44.465215313000044],[-67.62024644799993,44.45967255700003]]],[[[-67.79943809999997,44.497430433000034],[-67.81837426399994,44.51310121100005],[-67.80351219799996,44.48423920600004],[-67.79943809999997,44.497430433000034]]],[[[-67.67494922699996,44.47709809600008],[-67.67418628699994,44.48347627100003],[-67.68189197799995,44.482637038000064],[-67.67494922699996,44.47709809600008]]],[[[-67.69789845399998,44.48279725400005],[-67.69777638299996,44.48917924400007],[-67.70483357499995,44.488336195000045],[-67.69789845399998,44.48279725400005]]],[[[-67.67153888699994,44.48800813200006],[-67.66825824599994,44.491624466000076],[-67.67524677499995,44.49488603200007],[-67.67153888699994,44.48800813200006]]],[[[-67.63442949799997,44.486268632000076],[-67.63877825699996,44.49315034600005],[-67.64144091499998,44.48816072100004],[-67.63442949799997,44.486268632000076]]],[[[-67.61461595499998,44.48469316200004],[-67.61134294399994,44.48830949500007],[-67.61895708099996,44.49157869100003],[-67.62161211199998,44.487046829000064],[-67.61461595499998,44.48469316200004]]],[[[-67.82980310199997,44.51912843400004],[-67.83009301999994,44.53920137400007],[-67.83996545899998,44.52377855000003],[-67.82980310199997,44.51912843400004]]],[[[-67.63237719199998,44.49308549600005],[-67.63671831899995,44.49997484100004],[-67.63938097799996,44.494981401000075],[-67.63237719199998,44.49308549600005]]],[[[-67.54059554199995,44.472959151000055],[-67.53667403299994,44.476564042000064],[-67.54428817199994,44.47984086900004],[-67.54059554199995,44.472959151000055]]],[[[-67.64425616299997,44.50734483700006],[-67.64470629799996,44.51692735800003],[-67.65250354199998,44.51107942500005],[-67.64425616299997,44.50734483700006]]],[[[-67.53787184799995,44.48068391600003],[-67.52938032999998,44.48834382900003],[-67.54789687699997,44.490827197000044],[-67.53787184799995,44.48068391600003]]],[[[-67.55670120099995,44.49821626700003],[-67.55342056099994,44.50182878600003],[-67.56104232799998,44.50510561100003],[-67.56369735899995,44.50057375000006],[-67.55670120099995,44.49821626700003]]],[[[-67.61869005299997,44.504804249000074],[-67.60938218899997,44.52112352800003],[-67.62688402599997,44.51127016100003],[-67.61869005299997,44.504804249000074]]],[[[-67.58329727699999,44.45153199300006],[-67.56491043099999,44.47368012900006],[-67.59070542199998,44.49538957500005],[-67.58700516699997,44.51906740600003],[-67.60915330599994,44.501054400000044],[-67.58329727699999,44.45153199300006]]],[[[-67.51562452799993,44.502328514000055],[-67.56533005099993,44.51427614500005],[-67.54901839899998,44.49813615900007],[-67.51562452799993,44.502328514000055]]],[[[-67.53554488499998,44.52900087900008],[-67.53987838199998,44.53589022400007],[-67.54254867099996,44.53090059900006],[-67.53554488499998,44.52900087900008]]],[[[-67.65837054899998,44.53895723800008],[-67.65219073899993,44.55941546400004],[-67.66381031099996,44.55542910300005],[-67.65837054899998,44.53895723800008]]],[[[-67.51895857699998,44.55481875700008],[-67.49322462099997,44.55908740400008],[-67.51167250299994,44.56568301500005],[-67.51895857699998,44.55481875700008]]],[[[-67.46159314099998,44.56876529300007],[-67.45510052399999,44.572793614000034],[-67.46270703399995,44.57653201800008],[-67.46159314099998,44.56876529300007]]],[[[-67.50469923599996,44.59114612500008],[-67.54777481099995,44.586148871000034],[-67.52252150599998,44.568082461000074],[-67.51254988499994,44.58393634500004],[-67.49026441599995,44.576844823000044],[-67.50469923599996,44.59114612500008]]],[[[-67.39775797599998,44.58443607500004],[-67.39568277999996,44.59079517500004],[-67.40280100799998,44.58814396100007],[-67.39775797599998,44.58443607500004]]],[[[-67.35817666399998,44.577111856000045],[-67.35289712099996,44.58343281000003],[-67.36189217999998,44.58263172300008],[-67.35817666399998,44.577111856000045]]],[[[-67.39168497699995,44.59713520400004],[-67.38578745399997,44.602536815000065],[-67.39279123799997,44.604444166000064],[-67.39168497699995,44.59713520400004]]],[[[-67.37447305599994,44.59282078100006],[-67.37226816099997,44.604653975000076],[-67.37761636799996,44.59559406600005],[-67.37447305599994,44.59282078100006]]],[[[-87.61694976899997,47.42270007900004],[-87.65227387499993,47.41459765800005],[-87.59202452699998,47.41278568100006],[-87.61694976899997,47.42270007900004]]],[[[-67.28921454499994,44.61638798700005],[-67.32396644799996,44.61226811100005],[-67.30633491099996,44.598817488000066],[-67.26812689099995,44.612928055000054],[-67.28921454499994,44.61638798700005]]],[[[-87.79523352199999,47.47080340600007],[-88.04579054599998,47.47421372900004],[-88.03570448199997,47.47248567200006],[-88.19331256199996,47.455018161000055],[-88.28151601499997,47.42402373500005],[-88.29834672399994,47.24590359700005],[-88.28100504999998,47.13898624500007],[-88.23783767799995,47.14057261700003],[-88.24221695599994,47.18002422100005],[-88.21761215599997,47.20789821900007],[-88.16774641899997,47.214482392000036],[-88.06095013299995,47.296139821000054],[-87.94760018799997,47.335057375000076],[-87.93840676599996,47.342511295000065],[-87.96359903699994,47.36338913600008],[-87.95211679799996,47.388329629000054],[-87.85062293299995,47.39625276400005],[-87.81693151599995,47.384167803000025],[-87.75447727399995,47.40543093300005],[-87.71559023799995,47.401181360000066],[-87.71765781099998,47.440240052000036],[-87.79523352199999,47.47080340600007]],[[-87.84748606099998,47.46920571700008],[-87.84748188499998,47.46920558200003],[-87.84748601199999,47.46920444500006],[-87.84748606099998,47.46920571700008]],[[-87.96195573099999,47.47913841500008],[-87.96196770799997,47.47913921500003],[-87.96196090499996,47.47914349300004],[-87.96195573099999,47.47913841500008]],[[-87.95553489199995,47.479028045000064],[-87.95554039799998,47.479027838000036],[-87.95553949799995,47.47902951000003],[-87.95553489199995,47.479028045000064]],[[-87.94929730699994,47.47892106200004],[-87.94929907199997,47.47892100800004],[-87.94929764399996,47.478921366000066],[-87.94929730699994,47.47892106200004]],[[-87.94475206999994,47.47924073400003],[-87.94475283599996,47.47924065800004],[-87.94475215999995,47.47924134900006],[-87.94475206999994,47.47924073400003]],[[-88.02915219499994,47.47201232800006],[-88.02914823799995,47.472011389000045],[-88.02915305099998,47.47200963700004],[-88.02915219499994,47.47201232800006]],[[-88.02772785099995,47.47132583800004],[-88.02772241199995,47.47132818700004],[-88.02773048699999,47.47131828200003],[-88.02772785099995,47.47132583800004]],[[-88.06125961099997,47.46829900300003],[-88.06125642999996,47.46829723700006],[-88.06126093199998,47.468295031000025],[-88.06125961099997,47.46829900300003]],[[-88.07371228999995,47.46791397700008],[-88.07370421499996,47.467914515000075],[-88.07370666599996,47.46791341000005],[-88.07371228999995,47.46791397700008]],[[-88.11255959599998,47.46282749000005],[-88.11255255399999,47.46282960900004],[-88.11255742199995,47.46282483300007],[-88.11255959599998,47.46282749000005]],[[-88.19244949899996,47.45472629100004],[-88.19244451199995,47.45472629500006],[-88.19244849199998,47.45471947000004],[-88.19244949899996,47.45472629100004]],[[-88.21686910499994,47.445421089000035],[-88.21686205999998,47.44542808500006],[-88.21686557899994,47.445417546000044],[-88.21686910499994,47.445421089000035]],[[-88.22471087499997,47.43690731400005],[-88.22470778399997,47.43690667000004],[-88.22471053399994,47.436905110000055],[-88.22471087499997,47.43690731400005]],[[-87.74128306299997,47.405591998000034],[-87.74128111499994,47.40559114800004],[-87.74128393399997,47.40559082500005],[-87.74128306299997,47.405591998000034]],[[-88.23909517599998,47.43009901800008],[-88.23909132499995,47.43009872500005],[-88.23909573599997,47.43009663000004],[-88.23909517599998,47.43009901800008]],[[-88.24122574599994,47.429333546000066],[-88.24122491499998,47.42933308500005],[-88.24122619499997,47.42933253900003],[-88.24122574599994,47.429333546000066]],[[-88.24249757799998,47.428856418000066],[-88.24249486199994,47.428856103000044],[-88.24250043299998,47.42885466300004],[-88.24249757799998,47.428856418000066]],[[-88.25347532899997,47.42659161200004],[-88.25347384499997,47.42659062000007],[-88.25347777999997,47.426589886000045],[-88.25347532899997,47.42659161200004]],[[-88.25612709699999,47.42615351500007],[-88.25612562199996,47.42615221900007],[-88.25612756399994,47.426151910000044],[-88.25612709699999,47.42615351500007]],[[-88.26594128399995,47.42473462800007],[-88.26593945499997,47.42473322300003],[-88.26594139499997,47.424733048000064],[-88.26594128399995,47.42473462800007]],[[-87.78638463999994,47.39371517200004],[-87.78638068299995,47.39371494100004],[-87.78638382999998,47.39371390900004],[-87.78638463999994,47.39371517200004]],[[-87.78278657299995,47.39317810800003],[-87.78278988299996,47.39318144900005],[-87.78278378199997,47.39317881800008],[-87.78278657299995,47.39317810800003]],[[-87.87916927399993,47.39559672400003],[-87.87916470099998,47.39559475800007],[-87.87916831899997,47.39559401400004],[-87.87916927399993,47.39559672400003]],[[-87.86884681799995,47.394596266000065],[-87.86884230399994,47.394596051000065],[-87.86884444399999,47.394593874000066],[-87.86884681799995,47.394596266000065]],[[-87.87694019499997,47.39497198300006],[-87.87693392699998,47.39497153600007],[-87.87693797199995,47.39496959500008],[-87.87694019499997,47.39497198300006]],[[-87.91832207199997,47.39243580600004],[-87.91831598499994,47.392436823000025],[-87.91832120599997,47.39243430000005],[-87.91832207199997,47.39243580600004]],[[-87.98762264599998,47.322772204000046],[-87.98762200899995,47.32277214800007],[-87.98762241699995,47.322771886000055],[-87.98762264599998,47.322772204000046]],[[-88.16738655099994,47.21484230900006],[-88.16735920699995,47.214830230000075],[-88.16737098399994,47.214826069000026],[-88.16738655099994,47.21484230900006]],[[-88.17339764999997,47.215136511000026],[-88.17335317299995,47.21513804800003],[-88.17339013599997,47.215131678000034],[-88.17339764999997,47.215136511000026]],[[-88.18222428799999,47.21264973800004],[-88.18222272399998,47.21265034000004],[-88.18222261899996,47.21264904900005],[-88.18222428799999,47.21264973800004]],[[-88.20015783399998,47.209797353000056],[-88.20014927899996,47.20979658600004],[-88.20015426799995,47.20979485600003],[-88.20015783399998,47.209797353000056]],[[-88.19758126199997,47.20949284800008],[-88.19757410299997,47.20949171500007],[-88.19757765599996,47.20948939900006],[-88.19758126199997,47.20949284800008]],[[-88.20707647499995,47.209892995000075],[-88.20707452899995,47.20989311300008],[-88.20707546799997,47.209892454000055],[-88.20707647499995,47.209892995000075]],[[-88.25823313099994,47.144850630000064],[-88.25823175899995,47.14485036100007],[-88.25823275599998,47.144850199000075],[-88.25823313099994,47.144850630000064]],[[-88.26963637999995,47.14418000900008],[-88.26961845499994,47.144184849000055],[-88.26962554499994,47.144178442000054],[-88.26963637999995,47.14418000900008]],[[-88.25079297699995,47.140124515000025],[-88.25079094099999,47.140113634000045],[-88.25079663299994,47.14011318900003],[-88.25079297699995,47.140124515000025]],[[-87.84127224899999,47.39248744000008],[-87.84127132099997,47.39251195700007],[-87.84112170699996,47.39245877600007],[-87.84127224899999,47.39248744000008]],[[-87.83031085099998,47.38992957200003],[-87.83028029999997,47.38992614600005],[-87.83031031599995,47.38992619600003],[-87.83031085099998,47.38992957200003]],[[-87.82851705199994,47.38927699900006],[-87.82851445299997,47.38928091500003],[-87.82850786199998,47.389276091000056],[-87.82851705199994,47.38927699900006]],[[-87.82135614099997,47.385579998000026],[-87.82134878799997,47.38557741500006],[-87.82135465199997,47.385576753000066],[-87.82135614099997,47.385579998000026]],[[-87.74896904499997,47.40497651700008],[-87.74895987999997,47.404975138000054],[-87.74896262199996,47.404971913000054],[-87.74896904499997,47.40497651700008]]],[[[-89.22470027099996,47.87534057000005],[-89.24965602899994,47.87577162800005],[-89.25877315799994,47.86821852600008],[-89.22470027099996,47.87534057000005]]],[[[-66.98791440899998,44.909749711000075],[-67.04814850099996,44.94396755200006],[-67.02486357799995,44.90253611700007],[-66.99733671399997,44.896196090000046],[-66.98791440899998,44.909749711000075]]],[[[-88.79022137799996,47.883633753000026],[-88.78032605199996,47.88978304400007],[-88.79897992599996,47.883488793000026],[-88.79022137799996,47.883633753000026]]],[[[-122.28296578299995,45.553666855000074],[-122.27845681099996,45.55555513100006],[-122.32806314299995,45.56129624500005],[-122.28296578299995,45.553666855000074]]],[[[-88.78987806299995,47.93108477900006],[-88.78886335599998,47.94077411000006],[-88.80807417399996,47.930783415000064],[-88.78987806299995,47.93108477900006]]],[[[-122.432006033,45.578141938000044],[-122.43849864999999,45.577592621000065],[-122.39942851299998,45.576776281000036],[-122.432006033,45.578141938000044]]],[[[-88.81680221099998,47.96749225100007],[-88.82168502499997,47.97202029700003],[-88.82219619399996,47.96740069900005],[-88.81680221099998,47.96749225100007]]],[[[-122.52039258199994,45.57385039300004],[-122.55808942999994,45.59340453100003],[-122.52226178399997,45.57107710900004],[-122.47076336199996,45.56817794400007],[-122.52039258199994,45.57385039300004]]],[[[-122.73210069699996,45.63775037100004],[-122.74135515599994,45.64171384100007],[-122.67063064999996,45.61085294600008],[-122.73210069699996,45.63775037100004]]],[[[-88.71835249499998,48.10873144400006],[-88.71578901699996,48.11291998200005],[-88.72718733699998,48.10997503500005],[-88.71835249499998,48.10873144400006]]],[[[-88.53553688499994,48.10276145500006],[-88.53022682499994,48.10606116800005],[-88.53504860499999,48.108758161000026],[-88.53553688499994,48.10276145500006]]],[[[-88.51974403399998,48.11681480200008],[-88.51168739199994,48.11877555900003],[-88.51716529999999,48.12100334100006],[-88.51974403399998,48.11681480200008]]],[[[-88.67897717899996,48.12456244300006],[-88.67294995499998,48.126504125000054],[-88.67710034999999,48.129204929000025],[-88.67897717899996,48.12456244300006]]],[[[-88.64366833299994,48.14124411900008],[-88.58673777599995,48.15962715100005],[-88.65653912599998,48.14150351700005],[-88.64366833299994,48.14124411900008]]],[[[-88.56935038099994,48.16634102100005],[-88.56265940099996,48.168744281000045],[-88.57353129099994,48.16996498200007],[-88.56935038099994,48.16634102100005]]],[[[-88.43644628599998,48.15902825400008],[-88.43183050299996,48.16323968100005],[-88.43663702299995,48.16547890700008],[-88.43644628599998,48.15902825400008]]],[[[-88.54790414799999,48.17311211100008],[-88.54738534999996,48.17818947300003],[-88.55406870099995,48.17532463400005],[-88.54790414799999,48.17311211100008]]],[[[-88.42003545599994,48.17630883500004],[-88.41405400899998,48.18008157300005],[-88.41889867599997,48.183701719000055],[-88.42003545599994,48.17630883500004]]],[[[-88.48972999299997,48.15274544300007],[-88.42450628499995,48.190079894000064],[-88.51338112299999,48.15148277800006],[-88.46220313399994,48.18264123200004],[-88.55783761799995,48.144841384000074],[-88.65958325399998,48.13132208900004],[-88.70809858099994,48.08538549600007],[-88.69456403499998,48.10542028800006],[-89.16200189799997,47.94104874200008],[-89.21998530899998,47.90767776200005],[-89.20135432099994,47.897446744000035],[-89.16234521799998,47.91662323300005],[-89.20909052799999,47.88900481700006],[-89.19810419499998,47.88415252300007],[-89.22402125299999,47.85923491500006],[-89.15248802299999,47.823773489000075],[-88.91581651199994,47.88934053100007],[-88.90731736499998,47.89639390800005],[-89.00022815999995,47.89291871200004],[-89.00134968199995,47.90440858100004],[-88.82940597599998,47.98018375200007],[-88.68244853699997,48.00652424800006],[-88.60066140899994,48.04602545100005],[-88.57620156499996,48.062981785000034],[-88.57321847199995,48.07547110300004],[-88.59422983199994,48.07700079700004],[-88.58019937099994,48.08228033900008],[-88.64237895299999,48.06105917100007],[-88.45941839999995,48.15778466100005],[-88.51229774699999,48.13858909800007],[-88.48972999299997,48.15274544300007]]],[[[-88.35855778399997,48.22832606000003],[-88.34043796799995,48.23455927700007],[-88.36456211899997,48.22501871600008],[-88.35855778399997,48.22832606000003]]],[[[-122.79730157799997,45.94210600300005],[-122.79027490599998,45.94726347400007],[-122.804999641,45.95662474000005],[-122.79730157799997,45.94210600300005]]],[[[-122.859298062,46.01083158600005],[-122.86775143199998,46.00885175700006],[-122.85961086499998,46.00121091900007],[-122.859298062,46.01083158600005]]],[[[-122.87937864599996,46.07758879000005],[-122.88822874899995,46.08659528900006],[-122.87602170699995,46.05704283000006],[-122.87937864599996,46.07758879000005]]],[[[-123.06595553799997,46.170381286000065],[-123.07385959199996,46.17114804000005],[-123.05783023099997,46.16412136900004],[-123.06595553799997,46.170381286000065]]],[[[-123.25723974099998,46.14256830700003],[-123.28213445899996,46.14114542200008],[-123.23120824499995,46.148130138000056],[-123.25723974099998,46.14256830700003]]],[[[-123.12391605799996,46.17451641200006],[-123.16043034899997,46.18434306900008],[-123.145476729,46.17180797300006],[-123.12391605799996,46.17451641200006]]],[[[-67.80680053399993,45.680688700000076],[-67.81829803699998,45.69405158600006],[-67.80524413799998,45.69485267300007],[-67.81049316499997,45.729657977000045],[-67.78242461299993,45.73077949900005],[-67.80541961699998,45.75797066500007],[-67.80411499199994,45.79409966900005],[-67.76232878599996,45.829404699000065],[-67.80329865099998,45.875982160000035],[-67.75685088399996,45.91308772800005],[-67.77930420099995,45.93663204300003],[-67.78164969599999,46.04346022800007],[-68.24624988799997,45.96538118900003],[-68.92885590599997,45.67288403900005],[-69.97945509799996,44.67902079500004],[-70.26332539099997,44.45250216300008],[-70.30396545699995,44.21685811900005],[-70.42348154399997,44.10562501000004],[-70.61458515599998,43.99728837200007],[-70.83070795799995,43.808962371000064],[-70.90882748199994,43.74070140200007],[-71.06629243699996,43.551603226000054],[-71.79471242799997,43.39742739700006],[-72.03425976599993,43.378767233000076],[-72.12393582099998,43.28883878400006],[-72.26011721299994,42.869105097000045],[-72.38755945599996,42.807158797000056],[-72.57543129399994,42.773302554000054],[-72.76315060099995,42.77334439100008],[-72.89196622599997,42.74372827600007],[-72.98045008699995,42.48048442700008],[-73.04742104899998,42.426262906000034],[-73.14200301499994,42.421253816000046],[-73.29638736799996,42.46008212100003],[-73.29789913799993,42.68702686900008],[-73.45269983199995,42.75914906000003],[-73.70064527399995,42.685099802000025],[-74.05025847499996,42.523187981000035],[-74.18118018799998,42.35396777600005],[-74.18267054999995,42.22809767700005],[-74.29066911299998,42.11722745800006],[-74.45935608599996,42.02191966500004],[-74.53103994199995,41.91815153500005],[-74.58047937699996,41.74392746500007],[-74.57766532399995,41.62188910400005],[-74.42901609299997,41.576163535000035],[-74.43727015999997,41.551240895000035],[-74.48890434699996,41.52153630000004],[-74.69750428899994,41.46483414000005],[-74.76896972299994,41.400131454000075],[-74.92490391699994,41.32439926400008],[-75.13652857499994,41.352899740000055],[-75.21008103499997,41.28125786000004],[-75.20478676199997,41.15675356000003],[-75.54459095399994,41.052529943000025],[-75.66555059399997,40.97976492200007],[-75.82644016499995,40.97277802800005],[-75.92351135499996,41.01535346600008],[-76.20104188499994,40.89729315400007],[-76.59269679499994,40.81112081900005],[-76.90634866799996,40.63503819700003],[-77.03352783099996,40.59224292300007],[-77.07862639599995,40.548939362000056],[-77.15823395299998,40.530101040000034],[-77.32973534799999,40.53265933100005],[-77.48825125699994,40.49647220700007],[-77.95263004999998,40.26473153500007],[-78.29109207299996,40.008426531000055],[-78.38564052899994,39.886905109000054],[-78.78180820199998,39.57176129900006],[-79.26741909099997,39.30894546900004],[-79.42488336899999,39.10365408800004],[-79.72832967499994,38.64949748500004],[-79.84979968099998,38.52206324500003],[-79.93064218699999,38.513078018000044],[-80.38762003399995,38.622232421000035],[-80.39823532999998,38.713911574000065],[-80.62697370299998,38.78552732700007],[-80.97284863799996,38.83685271400003],[-81.21605719899998,38.82997710800004],[-81.66943086499998,38.61124734600003],[-81.91502934499994,38.32912692600007],[-81.87558919099996,38.23161886300005],[-81.81368147299997,38.20655800000003],[-81.55897361699994,38.22608131900006],[-81.30653222799998,38.292634441000075],[-80.84555874599994,38.45146243900007],[-80.70857593199997,38.43931755500006],[-80.47290116399995,38.44687027600003],[-80.30795918699994,38.35719288900003],[-80.30383914599997,38.26331545000005],[-80.49799332099997,38.17159035000003],[-80.70045837299995,38.13476527000006],[-80.95070509199996,37.83963846900008],[-81.08040761499996,37.74743284900006],[-81.48550889199998,37.69060927100003],[-81.83152657899996,37.66804065400004],[-82.05390808399994,37.61609856900003],[-82.45768179899994,37.47266710800005],[-82.54616459899995,37.50603281900004],[-82.76669276599995,37.48859149400005],[-82.84637119999996,37.58070662700004],[-82.96643004699996,37.62704619700003],[-83.10286925599996,37.641636445000074],[-83.26955269999996,37.60505350400007],[-83.41857598899998,37.54558791900007],[-84.03740008499994,37.150125082000045],[-84.22644638899999,37.110948919000066],[-84.38537558899998,37.105426511000076],[-84.54086846099995,37.323860876000026],[-84.57012322299994,37.40986365200007],[-84.69049083199997,37.49939239500003],[-84.93415755299998,37.52187421000008],[-85.15107095899998,37.494890406000025],[-85.23244352499995,37.46222397200006],[-85.48819028599996,37.18406657200006],[-85.47829383699997,37.11251624100004],[-85.41291161799995,37.00167139700005],[-85.30522022899999,36.97159779200007],[-85.12968377499999,36.87467339500006],[-84.95329470799999,36.80881131800004],[-84.72887672499996,36.750610309000024],[-84.63238753199994,36.671381833000055],[-84.42185488699994,36.60710631100005],[-84.25963954999997,36.49217413500003],[-83.84959687499997,36.496618940000076],[-83.34443133499997,36.68378781000007],[-83.02214220799993,36.82903743400004],[-82.62888599999997,36.93546080800007],[-82.54157475199997,36.99921814700008],[-82.28479445399995,36.945288565000055],[-82.11948429299997,37.00822235100003],[-81.99379190299999,37.137578862000055],[-81.68597069299994,37.21110628300005],[-81.16837368199998,37.29036324000003],[-81.04526869299997,37.28613827100003],[-80.96470550899994,37.248532142000045],[-81.07123690999998,37.14557325100003],[-81.28184755499996,37.00593020200006],[-81.41619830599996,36.87470932000008],[-81.53367459899994,36.80593830300006],[-81.88146119899994,36.681722430000036],[-82.03777657399996,36.51162579800007],[-82.13525943399998,36.35688643000003],[-82.17649363799995,36.259621268000046],[-82.30360110899994,36.18422618900007],[-82.43381224099994,36.157593372000065],[-82.47891611199998,36.05482446100007],[-82.47126053099998,35.94238878500005],[-82.33052385799994,35.737474716000065],[-82.50104128999999,35.64165709900004],[-82.56449025299997,35.624209542000074],[-82.65280916399996,35.64929821800007],[-82.69293782599993,35.708391876000064],[-82.83490390699995,35.79382701600008],[-82.96099611999995,35.845996882000065],[-83.39050416199996,35.770533072000035],[-83.60799495599997,35.65171604900007],[-83.90474607299996,35.61291716300008],[-84.25216102699994,35.73695324300007],[-84.36604842899999,35.81642544600004],[-84.44124257099998,36.089884288000064],[-84.77817977799998,36.326746221000064],[-84.88661044399998,36.307302082000035],[-85.21075280699995,36.05127808900005],[-85.24065047899995,35.98895846900007],[-85.20587645599994,35.88824161400004],[-85.14466289399996,35.82109775400005],[-85.14966225999996,35.78831447700003],[-85.24149217799999,35.77901557600006],[-85.27956541999998,35.74860541600003],[-85.31641839699995,35.66982484300007],[-85.43812316099996,35.61336355200007],[-85.84886907599997,35.53663075700007],[-85.92677949099999,35.49432083500005],[-85.96026338799999,35.44559486700007],[-85.92899550899995,35.40796071600005],[-85.88602033799998,35.41138698700007],[-85.83314618899999,35.34423953500004],[-85.81421709799997,35.23836386100004],[-85.76575220499996,35.14812225800006],[-85.77142018799998,35.105177309000055],[-85.71460025299996,34.90677100100004],[-85.72567968999994,34.86329101900003],[-85.67072408399997,34.774435152000024],[-85.74311760799998,34.68927037800006],[-85.83701873099994,34.636565193000024],[-85.94696007699997,34.544111893000036],[-86.08215965399995,34.46856105200004],[-86.09580213299995,34.247842526000056],[-86.02379806999994,34.19989501600003],[-85.87142256999994,34.170542703000024],[-85.73607628299999,34.174810904000026],[-85.58229602799997,34.23560422200006],[-85.52118917799999,34.22235957200007],[-85.43413258799995,34.22865607600005],[-85.37639160999998,34.195247222000035],[-85.31348671499995,34.092806805000066],[-85.25391050199994,33.94574179700004],[-85.26500950299999,33.75124595700004],[-85.18689211999998,33.55634524900006],[-85.06918847599997,33.43536260800005],[-85.01641862099996,33.230043582000064],[-85.00701143899994,33.077314828000056],[-84.98066225199995,33.01871239800005],[-85.01849648899997,32.86005383000003],[-84.95013179699998,32.796128837000026],[-84.73741257099994,32.77092838800007],[-84.57068992099994,32.84280541500004],[-84.40441715499998,33.12540842300007],[-84.30718353799995,33.20094908500005],[-84.22270901599995,33.19470876300005],[-84.19739502799996,33.12219292300006],[-84.10750133499994,33.009951296000054],[-84.07696958599996,32.90368236000006],[-84.09438214399995,32.838042752000035],[-84.06315467899998,32.784496071000035],[-83.85587453299996,32.763148914000055],[-83.68219927499996,32.81902841200008],[-83.62112488099996,32.934344440000075],[-83.63065157699998,33.09318078600006],[-83.69488709099994,33.17901595600006],[-83.68272858699999,33.256573263000064],[-83.56103668299994,33.31508229100007],[-83.14407276899999,33.376511168000036],[-83.02271789999998,33.451918533000025],[-82.99716083699997,33.58360264800007],[-82.90228023999998,33.70537283700003],[-82.86337252799996,33.83959992000007],[-82.81532330799996,33.87266328000004],[-82.69260150199995,33.88777159500006],[-82.63293094099998,33.870557742000074],[-82.64392364499997,33.770167213000036],[-82.71663784399999,33.70138445200007],[-82.74905457799997,33.588553181000066],[-82.87171166199994,33.445844016000024],[-82.84541213799997,33.39992826500003],[-82.55255235899995,33.28684745400005],[-82.36577237299997,33.26467038900006],[-81.88321470499994,33.24903580200004],[-81.80734586199998,33.18927929900008],[-81.79848756699994,33.09469450900008],[-81.85853632099997,33.00150589400005],[-82.56541966899994,32.75677839200006],[-82.91470316899995,32.72583722400003],[-83.07084923699995,32.66477302800007],[-83.22139002899996,32.57521283300002],[-83.21627483699996,32.440870809000046],[-83.25211785799996,32.18555936700005],[-83.30538758599994,32.09457224700003],[-83.76084104499995,32.099749289000044],[-83.97151530799994,32.22537194700004],[-84.10927932599998,32.267751615000066],[-84.32204045399999,32.26992789800005],[-84.50542779199998,32.22698163900003],[-84.52258525399998,32.16373536900005],[-84.50098401299994,31.962725242000033],[-84.52063903799996,31.881068278000043],[-84.56763895299997,31.84911477600008],[-84.64743258699997,31.852455275000068],[-84.72149518499998,31.968565202000036],[-84.83394129799996,31.97977205500007],[-84.98647665599998,31.883182095000052],[-85.46812129499995,31.78577997800005],[-85.81890448799999,31.59642198100005],[-85.92930382799995,31.48704244100003],[-86.00790750299996,31.240481249000027],[-85.99251813199999,31.145325067000044],[-86.00753577699999,31.032188674000054],[-86.15956875199998,30.969082160000028],[-86.53144893099994,30.93093450600003],[-86.80961621099999,30.875322906000065],[-87.46163650399996,30.87424065600004],[-87.75424759899994,30.92554044900004],[-87.90413569799995,31.001834690000067],[-87.94754996999995,31.177944335000063],[-88.02248533699998,31.267395945000032],[-88.15328854499995,31.35424609000006],[-88.64457994199995,31.453299817000072],[-88.78014096799996,31.42851681600007],[-89.03623689099999,31.468607010000028],[-89.11809070499999,31.34298487500007],[-89.09595841699996,31.262192902000038],[-89.00188356599995,31.211794182000062],[-88.92121278699994,31.12476871100006],[-88.69621066099995,30.82176496900007],[-88.56287991099998,30.73527260800006],[-88.41526594799996,30.68398944100005],[-88.31589879899997,30.63101402700005],[-88.26056918399996,30.512571471000058],[-88.26878000999994,30.380852608000055],[-88.18888603499994,30.365724406000027],[-88.19904075799997,30.319360566000057],[-88.16158042199999,30.324964357000056],[-88.15350851999995,30.344302970000058],[-88.14233145499998,30.34126647000005],[-88.14544424699994,30.31193907100004],[-88.11209615799999,30.365047299000025],[-88.11290487799994,30.460180148000063],[-88.08490499599998,30.547481421000043],[-88.13043723799996,30.59528912500008],[-88.11014304399998,30.616620917000034],[-88.10629782599995,30.582839858000057],[-88.08850607199997,30.568920026000058],[-88.07491811599994,30.580089463000036],[-88.03766377799997,30.688060679000046],[-87.94057970399996,30.66879645700004],[-87.90687302499998,30.56315602400008],[-87.93998460399996,30.484071610000058],[-87.91220596699998,30.410793167000065],[-87.85390974499995,30.37721810200003],[-87.82798505699998,30.411384446000056],[-87.81866956399995,30.391826490000028],[-87.83665967799999,30.358217092000075],[-87.72418710999995,30.27168639000007],[-87.74255106699997,30.262328935000028],[-87.74289438999995,30.28474600900006],[-87.77682231699998,30.255986999000072],[-87.86642957999999,30.23843747600006],[-87.94501236599996,30.258024042000045],[-87.96468094999994,30.234424411000077],[-88.03213244599993,30.222522551000054],[-87.80822216899998,30.229436271000054],[-87.56780883299996,30.271624548000034],[-87.56102483399997,30.29076942300003],[-87.51669804099998,30.30034050200004],[-87.61449927499996,30.294816815000047],[-87.59789770999998,30.319228977000023],[-87.61738318899995,30.351056910000068],[-87.57337682999997,30.346006251000063],[-87.58025091399998,30.30476364200007],[-87.55982701999994,30.32097611000006],[-87.54430119599994,30.306941836000078],[-87.52541844199999,30.31992897600003],[-87.52007023599998,30.358407837000073],[-87.50822178299995,30.342506267000033],[-87.50321689799995,30.365880831000027],[-87.48861423099999,30.340396742000053],[-87.43336977399997,30.415439483000057],[-87.40063966399998,30.42623126500007],[-87.43941988899996,30.48170269600007],[-87.36234009399999,30.455242046000023],[-87.34559356599999,30.434703712000044],[-87.42452730299999,30.39520441800005],[-87.44138826799997,30.367673741000033],[-87.43460573499999,30.357358797000074],[-87.41405213999997,30.372644293000064],[-87.43921388899997,30.328376628000058],[-87.42797578699998,30.32552514200006],[-87.49761691899994,30.319667670000058],[-87.44859804499998,30.299701543000026],[-87.52135197099994,30.28045448000006],[-87.32357610499997,30.316698923000047],[-87.31450377099998,30.32168183700003],[-87.41822541599998,30.307517860000075],[-87.30751524399994,30.34523759800004],[-87.26669034299994,30.344169484000076],[-87.26981076599998,30.36924921700006],[-87.31592283999998,30.369697442000074],[-87.20917232399995,30.40352809500007],[-87.19228083999997,30.43239391700007],[-87.20361812499993,30.451282395000078],[-87.17706019399998,30.422765618000028],[-87.14997583799999,30.490350626000065],[-87.18389613799997,30.54427710500005],[-87.18100459899995,30.57913009500004],[-87.15549189799998,30.578491134000046],[-87.13641840399998,30.552043833000027],[-87.12724023899995,30.56191055100004],[-87.13531214099999,30.536977682000042],[-87.10365014399997,30.52781096500007],[-87.09543328099994,30.50699606300003],[-87.09484581699996,30.449361698000075],[-87.07378105199996,30.453155415000026],[-87.04040244599997,30.539636531000042],[-87.00691702499995,30.567544862000034],[-87.02578452499995,30.604080133000025],[-86.98788930999996,30.569892810000056],[-86.99541189499996,30.528976357000033],[-87.01955893299998,30.50727072400008],[-87.01179983599997,30.49833288600007],[-86.88414476799994,30.44364537900003],[-86.91528033599997,30.439620871000045],[-86.93488788799993,30.45420064700005],[-87.01529409499994,30.40580929200007],[-87.08720878899999,30.401527291000036],[-87.14959436199996,30.370012160000044],[-87.20125300799998,30.36348521000008],[-87.18410212399993,30.34476267200006],[-86.93870258199996,30.397815594000065],[-86.60458841399998,30.40486135200007],[-86.58660592799998,30.42267408600003],[-86.62391367799995,30.42910948000008],[-86.59449472299997,30.437583833000076],[-86.59424295499997,30.479680934000044],[-86.58398904599994,30.44057646400006],[-86.55613411699994,30.431161790000033],[-86.53462684899995,30.455449973000043],[-86.48410498499999,30.46803847800004],[-86.49525153599996,30.52084916000007],[-86.46555029299998,30.48583786000006],[-86.44879613899997,30.510911872000065],[-86.42487035099998,30.50915520500007],[-86.41826329299994,30.501068045000068],[-86.44521795099996,30.497728276000032],[-86.44267736199998,30.483604356000058],[-86.42224583599995,30.456149973000038],[-86.39939579299994,30.454362789000072],[-86.24105529599996,30.499322826000025],[-86.23404387799997,30.47567932800007],[-86.21555022199999,30.478340079000077],[-86.19920042499996,30.501539166000043],[-86.19171598599996,30.45960419100004],[-86.16140439299994,30.456087040000057],[-86.13776089199996,30.48445122800007],[-86.15656735599998,30.433309477000023],[-86.12519527499995,30.429346009000028],[-86.13396908099998,30.420484464000026],[-86.11335444899998,30.381078631000037],[-86.15944363499995,30.381555468000045],[-86.24232177299996,30.42930976400004],[-86.26508026199997,30.409170063000033],[-86.22989348399994,30.40119734600006],[-86.24031524099996,30.39457884500007],[-86.28697663099996,30.396366029000035],[-86.30795747199994,30.426580345000048],[-86.32807618999999,30.388641263000068],[-86.48681341899999,30.417652040000064],[-86.51649177099995,30.40004911300008],[-86.49849402299998,30.383529563000025],[-86.26784973099996,30.35604085600005],[-86.04751275199999,30.28944386300003],[-85.85516039899994,30.20545375300003],[-85.73494858499998,30.124384559000077],[-85.72411024999997,30.130239354000025],[-85.76916946799997,30.163392894000026],[-85.72164595499999,30.138517250000064],[-85.71406996399998,30.15511500100007],[-85.75098098599995,30.17741572600005],[-85.74322952099999,30.21049106600003],[-85.76842941899997,30.227020151000033],[-85.75752701099998,30.23634899800004],[-85.80073991499995,30.25440968500004],[-85.84252611999995,30.231294518000027],[-85.86646716799999,30.307765864000032],[-85.84389941299997,30.292589089000046],[-85.77716508199995,30.289113900000075],[-85.76150955999998,30.32368269500006],[-85.71420729699997,30.237947357000053],[-85.70209944599998,30.266050239000037],[-85.66042005199995,30.27080526000003],[-85.64016400499997,30.289413357000058],[-85.64606152699997,30.266902825000045],[-85.59919414399997,30.27766218200003],[-85.58533153199994,30.326820291000047],[-85.59743175599993,30.34997741400008],[-85.57855662799994,30.33195106100004],[-85.55844553899999,30.36014549400005],[-85.55106028199998,30.333255687000076],[-85.52444131699997,30.32493583200005],[-85.57046183799997,30.32383147400003],[-85.57982310699998,30.315462027000024],[-85.55869730699999,30.28968420500007],[-85.58150920199995,30.293018250000046],[-85.58571299899995,30.264131449000047],[-85.62400494099995,30.24847211200006],[-85.67008649599995,30.25189961800004],[-85.70022261099996,30.200639611000042],[-85.72634566499994,30.186502337000036],[-85.65285931499994,30.15788447400007],[-85.64403210199998,30.139251581000053],[-85.63219127999997,30.15453326200003],[-85.58028849199997,30.11959063000006],[-85.56647928499996,30.142675276000034],[-85.53445107599998,30.124362818000066],[-85.49882179699995,30.139041778000035],[-85.51623970799994,30.109968055000024],[-85.48316627099996,30.090738162000036],[-85.49383979499999,30.068162779000033],[-85.48274665199995,30.038101050000023],[-85.45167211899997,30.04034790700007],[-85.43800786999998,30.073030335000055],[-85.39437535099995,30.05116258000004],[-85.39188053699996,30.028306816000054],[-85.43376592499999,30.04149804000008],[-85.44125036299994,30.01713737800003],[-85.47023444099995,30.01629432900006],[-85.56618173699997,30.099195346000045],[-85.60722789099998,30.093108994000033],[-85.66677533399996,30.14073931300004],[-85.68601667199994,30.126254904000064],[-85.47844366999999,29.97451956900005],[-85.50020270999994,29.98292144100003],[-85.49425940799995,29.974763710000047],[-85.46354345799995,29.966022330000044],[-85.52025276399996,29.984018167000045],[-85.51270639899997,29.973626593000063],[-85.40137913199999,29.935699296000053],[-85.32245301799998,29.84234600600007],[-85.30453919499996,29.807296560000054],[-85.30673645599995,29.713365340000053],[-85.31265686799998,29.689014215000043],[-85.35252046599999,29.68623520700004],[-85.40245487099997,29.78180483700004],[-85.40958072799998,29.82980518200003],[-85.39233797499998,29.874589726000067],[-85.41655507399997,29.842627982000067],[-85.40627535299996,29.76679497400005],[-85.35871154499995,29.666893842000036],[-85.30350081999995,29.683422515000075],[-85.23355312699994,29.67756770400007],[-85.22437711999999,29.685003062000078],[-85.25745818299998,29.68508317000004],[-85.10930292999996,29.718301565000047],[-85.00258292999996,29.712465080000072],[-84.98170127199995,29.723192013000073],[-84.98717154899998,29.741008561000058],[-84.97351492899998,29.74158839300003],[-84.97162283899996,29.759471699000073],[-84.94886434799997,29.745471757000075],[-84.92554128299997,29.77407055100008],[-84.94411886499995,29.79039936500004],[-84.93577993499997,29.796884352000063],[-84.89518391499996,29.786689573000046],[-84.85497699499996,29.813119710000024],[-84.84949908699997,29.791635330000076],[-84.91672932799997,29.738416474000076],[-84.89343677999994,29.721660413000052],[-84.62762097499996,29.859544592000077],[-84.64696893999997,30.091083252000033],[-84.63170564799998,30.143852028000026],[-84.45543506299998,30.191735550000033],[-84.34870797599996,30.240196181000044],[-84.19778679099994,30.337620978000075],[-84.07404237299994,30.519402854000077],[-84.00206729199994,30.673119333000045],[-83.87121097599999,30.720465543000046],[-83.80125759199996,30.78825724400008],[-83.73109440299999,30.943493584000066],[-83.46878766299994,31.173157588000038],[-83.30122615299996,31.284571695000068],[-83.04642097099997,31.39905648200005],[-82.94967138999993,31.47410782000003],[-82.56264766799995,31.516129031000048],[-82.34896606099994,31.77866735400005],[-82.22879945899996,31.89461514000004],[-82.18508724199995,31.97947418900003],[-82.08536142899999,32.10329255200003],[-82.06598583199997,32.10301979600007],[-82.03301185899994,32.06935267100005],[-81.99859375199998,32.006517141000074],[-81.88809165499998,31.950374862000047],[-81.83355800099997,31.898891225000057],[-81.81771047599995,31.799934938000035],[-81.68876937499994,31.747080563000054],[-81.48431679999999,31.709764566000047],[-81.45331101799997,31.69005377700006],[-81.42035549399998,31.652066827000056],[-81.43340252999997,31.590631630000075],[-81.46508521399994,31.560411808000026],[-81.41326725699997,31.505083065000065],[-81.28063521299998,31.508333528000037],[-81.26716932699998,31.53456148400005],[-81.28612074799997,31.52315744300006],[-81.32979141699997,31.546505301000025],[-81.36015641599994,31.53280481400003],[-81.36692369099995,31.54340204400006],[-81.32802902499998,31.553781838000077],[-81.32115493999999,31.574215268000046],[-81.30919204599996,31.55532297900004],[-81.28693709599997,31.56548151900006],[-81.26465162499994,31.55235895800007],[-81.26171430999995,31.564178800000036],[-81.23502668099997,31.556003903000033],[-81.20842297299998,31.56835971000004],[-81.20062572999996,31.60474430200003],[-81.24136671099996,31.635052078000058],[-81.19754345599995,31.622494093000057],[-81.18732006299996,31.57486758700003],[-81.16773539999997,31.561769820000052],[-81.13064127599995,31.631895418000056],[-81.14127665299998,31.637091035000026],[-81.13294535699998,31.69536055100008],[-81.17939312399994,31.68836630100003],[-81.19265301499996,31.673067454000034],[-81.17652446999995,31.672350292000033],[-81.19770367499996,31.663566949000028],[-81.26065382799999,31.66364705600006],[-81.26563582499995,31.681974771000057],[-81.21075757299997,31.681570415000067],[-81.18863232499996,31.70813406600007],[-81.27159438699994,31.755524059000038],[-81.27736984099994,31.78754654200003],[-81.32275712499995,31.80784836500004],[-81.26969466899999,31.79381409100006],[-81.25587782999997,31.759844205000036],[-81.17522747399994,31.729818719000036],[-81.16623241799994,31.746553799000026],[-81.17962963999997,31.796953591000033],[-81.16999371099996,31.794060142000035],[-81.16807873099998,31.759813690000044],[-81.14036113099996,31.723772422000025],[-81.05887154499999,31.77623215400007],[-81.03798989099994,31.815102022000076],[-81.14007121999998,31.85287325200005],[-81.18275006899995,31.897814209000046],[-81.21309217699996,31.89191477600008],[-81.20652326899994,31.92054218000004],[-81.23954329499998,31.891416959000026],[-81.28908097299995,31.94691128000005],[-81.27340256199994,31.94758457300003],[-81.26217971799997,31.91731112900004],[-81.24030623699997,31.906025345000046],[-81.20582136499996,31.92783016100003],[-81.19626935899998,31.920378150000033],[-81.20856031699998,31.90187495300006],[-81.17985852599998,31.906433520000064],[-81.12533885499994,31.86083834200008],[-81.08731394199998,31.87205927900004],[-81.13809520699994,31.892067369000074],[-81.14663250399997,31.919573248000063],[-81.18484052499997,31.924755515000072],[-81.16047222999998,31.928011360000028],[-81.18113263699996,31.945219463000058],[-81.17067273599997,31.954172560000075],[-81.10783701999998,31.893843111000024],[-81.11885387099994,31.930515711000055],[-81.14227611999996,31.94458622600007],[-81.12507945999994,31.96436734200006],[-81.12668163299998,31.942047543000058],[-81.09849863999995,31.92378849100004],[-81.09048014399997,31.89765399600003],[-81.02109840699995,31.866352491000043],[-80.98781134899997,31.860289030000047],[-80.92882848399995,31.90984959000008],[-80.96696783899995,31.91692966800008],[-81.01344612599996,31.95789571100005],[-81.00661781799994,31.99380155700004],[-81.58376114199996,32.191182369000046],[-81.63036125799994,32.28329976400005],[-81.66131388999997,32.37655816800003],[-81.68525044099994,32.54531090100005],[-81.72886157899995,32.662805426000034],[-81.58551583499997,32.88209238700006],[-81.58825615299997,33.059434475000046],[-81.56772494299997,33.17096716100008],[-81.53800871199996,33.28803090100007],[-81.47663856899999,33.42193045300007],[-81.50556863899999,33.441674180000064],[-81.59020862399996,33.566451166000036],[-81.63510359999998,33.838519304000044],[-81.73494391199995,34.02345825000003],[-81.93889725899999,34.11968877900006],[-82.07204365999996,34.20764214700006],[-82.19064871099994,34.45285120200003],[-82.30506556899996,34.521170710000035],[-82.87173861299993,34.72768867600007],[-82.97902191099996,34.80524414800004],[-83.11445130799996,34.823422866000044],[-83.22888922399994,34.808070230000055],[-83.33870363599993,34.73162125700003],[-83.48863826799999,34.71588872700005],[-83.58257271499997,34.68199869400007],[-83.60967848999996,34.61791111900004],[-83.62132147399996,34.509897057000046],[-83.65876205299998,34.448114188000034],[-83.81566123799996,34.32163753800006],[-83.88530546199996,34.29953583200006],[-83.97216930499997,34.299833714000044],[-84.06417365599998,34.35340653900005],[-84.11861015399995,34.43189387100006],[-84.11662138099996,34.506332378000025],[-84.07898019499999,34.605662739000024],[-84.17639064899998,34.75179622200005],[-84.27035472199998,34.83141921400005],[-84.36257445899997,34.86785813200004],[-85.02006047099997,35.005828388000054],[-85.09234837399998,35.054008768000074],[-85.14034476899997,35.39646421400005],[-85.04381141799996,35.75563993000003],[-84.90761521599995,35.75345789900007],[-84.88577034999997,35.72576636200006],[-84.89761919899996,35.66451204900005],[-84.81904778799998,35.435849517000065],[-84.74356758299996,35.41525614400007],[-84.64675362599996,35.53240840700005],[-84.56516265499994,35.527586849000045],[-84.54176165299998,35.50593297800003],[-84.62116762099998,35.267778787000054],[-84.63425374599996,35.03642340300007],[-84.57399253299997,35.01032925800007],[-84.43827375899997,34.99334007500005],[-84.37243980299996,35.020831635000036],[-84.20554708399999,35.226760685000045],[-84.11132922999997,35.29156530200004],[-83.94462189599994,35.32149109900007],[-83.85846793699994,35.39251563100004],[-83.83671604899996,35.541312170000026],[-83.81338089099995,35.56392967800008],[-83.73333764999995,35.575109207000025],[-83.57002550399994,35.63166657900007],[-83.35372152899998,35.732844913000065],[-83.04960310699994,35.79362816400004],[-82.95874528599995,35.782219988000065],[-82.86759033799996,35.73245005000007],[-82.70931650899996,35.572468194000066],[-82.58630510999996,35.478104951000034],[-82.48598313699995,35.43404574600004],[-82.29007540499998,35.57600365600007],[-82.11751087299996,35.62578145600003],[-81.91773897799999,35.64481508100005],[-81.79832869999996,35.67929463000007],[-81.80090634999993,35.754954034000036],[-81.98192776699995,35.781899347000035],[-82.14299872199996,35.854646768000066],[-82.26084230899994,35.93356240600008],[-82.28075392499994,35.96353028200008],[-82.27675685399998,36.00056493200003],[-82.21420644199998,36.07531391900005],[-82.09009903499998,36.144086264000066],[-81.97758692399998,36.24991185700003],[-81.84778300999994,36.48312551200007],[-81.71404613799996,36.62853627700008],[-81.35273581899997,36.77032585100005],[-80.67605690799996,37.115049112000065],[-80.52798215699994,37.26407367100006],[-80.49895793199994,37.39175698300005],[-80.41665456999993,37.45570242500003],[-80.31039164799995,37.513456087000066],[-80.20775403899995,37.61000766900003],[-79.98774752699995,37.62793671600008],[-79.91347657499995,37.69071605200003],[-79.81792015099995,37.79932118600004],[-79.83611818899999,37.98181567000006],[-79.82118124799996,38.091383619000055],[-79.75147789999994,38.35573574400007],[-79.66855152299996,38.55814452800007],[-79.54000673299998,38.586835894000046],[-79.11492170599996,38.505338675000075],[-78.97855530299995,38.60834928700007],[-78.79345659499995,38.61889853400004],[-78.79525680599994,38.707094840000025],[-78.85764589799999,38.74818644100003],[-78.97678314899997,38.94455974500005],[-79.01831499499997,39.160127008000075],[-78.90098437099994,39.30601115500008],[-78.60011416299994,39.485329626000066],[-78.52886988199998,39.61673450600006],[-78.39356386699995,39.64039738900004],[-78.19417494699996,39.862809568000046],[-78.19329329499999,39.90674429500007],[-78.24027104399994,39.95497500700003],[-78.15501800799996,40.052462512000034],[-77.98598618599993,40.193542997000065],[-77.83336411499994,40.26393732400004],[-77.53350615399995,40.288713837000046],[-77.21602954699995,40.33717769100008],[-77.15577567599996,40.30084235000004],[-77.11105494199995,40.020035746000076],[-76.97309030199995,39.96766009300006],[-76.81480521999998,40.08820060700003],[-76.64425196399998,40.09843694400007],[-76.36921126299995,40.05528230500005],[-76.14440412599998,40.04687515100005],[-76.09226666999996,40.146167443000024],[-76.16739740999998,40.21473679200005],[-76.52048619799996,40.27780297100003],[-76.73564513399998,40.37686067000004],[-76.70317250399995,40.45044194900004],[-76.29328701899993,40.48213665900005],[-76.05012154299999,40.59311562200003],[-75.62073887199995,40.74177341400008],[-75.50927849699997,40.60283609500004],[-75.39590487499999,40.591022226000064],[-75.04573033099996,40.61579683900004],[-74.92773995499994,40.70406557900003],[-74.72123663399998,40.712565365000046],[-74.19468015599995,40.680043140000066],[-74.03838608499996,40.77435703100008],[-73.93497532599997,40.89151721600007],[-73.92341115699998,41.00716572700003],[-73.89507760999999,41.07957591500008],[-73.84213511599995,41.14601379800007],[-73.74906976399996,41.160076452000055],[-73.70596880699998,41.09592325400007],[-73.63581773299995,41.038534635000076],[-73.55828093399998,41.01629832500004],[-73.54455523399997,41.03519623100004],[-73.52938974199998,41.02484201300007],[-73.50599038299998,41.04998087400003],[-73.48027168599998,41.04065393700006],[-73.46772895899994,41.05844569100003],[-73.40748887599995,41.076235721000046],[-73.40728124799995,41.09609676200006],[-73.38890965899998,41.089417225000034],[-73.37452824699994,41.10993648700003],[-73.35494358499994,41.10371471600007],[-73.28693514099996,41.12910916200008],[-73.26482651399994,41.118683694000026],[-73.18425871899996,41.17008665100008],[-73.13523221299994,41.147202280000045],[-73.10536312399995,41.15143278200003],[-73.08676265599996,41.18872145500006],[-73.05153010399994,41.21111373400004],[-73.01137544599999,41.20798285500007],[-72.89206045099996,41.30336839600005],[-72.90274923399994,41.24887924900003],[-72.89160270699995,41.243709600000045],[-72.75707659399995,41.26821673400008],[-72.68831740199994,41.247563186000036],[-72.66393384999998,41.270287342000074],[-72.62089841999995,41.271696545000054],[-72.53741555799996,41.25178224700005],[-72.44883111299998,41.27922537200004],[-72.34369753999994,41.26984484800005],[-72.36569309199996,41.27304537900005],[-72.34732913399995,41.28391726800004],[-72.35893344799996,41.28891833700004],[-72.35276126699995,41.31977161700007],[-72.39122105999996,41.35974583600006],[-72.37223911999996,41.36971364200008],[-72.34354495599996,41.338822218000075],[-72.34423159999994,41.30478748100006],[-72.31311891799999,41.278424106000045],[-72.23659633399996,41.30028436200007],[-72.20060819999998,41.28955539700007],[-72.19374937499998,41.32085499500005],[-72.10454646299996,41.305180404000055],[-72.09159174899997,41.32510838600007],[-72.09857265099998,41.38775717200008],[-72.06960382499994,41.32049641700007],[-72.00179374499999,41.31026921400007],[-71.96588543799999,41.347854820000066],[-71.92460713699995,41.32809530000003],[-71.88932023399997,41.33996598600004],[-71.85182268999995,41.32729421500005],[-71.88716968499995,41.30987248900004],[-71.87553485299998,41.305825096000035],[-71.76654076599993,41.32876067800004],[-71.80558077899997,41.32425843800007],[-71.77944630999997,41.336967910000055],[-71.72150518099994,41.33212402200007],[-71.75177743699999,41.33073567800005],[-71.71673519999996,41.34940958000004],[-71.71678407399997,41.330917355000054],[-71.64179017499998,41.355684015000065],[-71.69694019299999,41.35299235600007],[-71.65901684499994,41.36028790800003],[-71.65105017599996,41.376840687000026],[-71.62542016999998,41.36462069100003],[-71.54174608899996,41.68588772600003],[-71.51802495799996,41.98492627100006],[-71.54956319499996,42.01296500600006],[-71.61989019799995,42.03240846800003],[-71.71922878899994,42.028752068000074],[-71.87556861299998,41.984826621000025],[-72.13788967899995,41.770452902000045],[-72.26013007099994,41.74169982600006],[-73.00751130799995,41.733313862000045],[-73.45462905899996,41.751166330000046],[-73.56199665099996,41.70912183300004],[-74.07409777399994,41.64368701400008],[-74.31962624799996,41.63566669700003],[-74.34018812099998,41.672722650000026],[-74.23947844899999,41.82108407100003],[-74.12383693299995,41.92215889400006],[-74.04888145099994,42.031927445000065],[-73.64226829999996,42.10863598800006],[-72.80235044099999,42.48395911600005],[-72.55287502699997,42.70068203500006],[-72.33645773199999,42.69385923500005],[-72.11299453199996,42.76857972400006],[-71.96133255799998,42.90447460400003],[-71.87101051999997,43.05189657000005],[-71.60083698299997,43.30248083200007],[-71.47933200199998,43.37542541000005],[-70.94130586199998,43.55387646400004],[-70.75679882799994,43.551779735000025],[-70.52571094599995,43.581955409000045],[-70.30208130599993,43.74796035800006],[-70.09571950799995,43.97143561200005],[-69.99221997299998,44.12272307100005],[-69.55116488199997,44.326081241000054],[-69.45056439999996,44.59801690900008],[-69.45790778299994,44.68459450100005],[-69.35301920499995,44.75975309900008],[-69.23615406899995,44.78839695100004],[-68.52570381799995,44.760682075000034],[-68.43724323299995,44.71918302900008],[-68.26783529699998,44.57209269300006],[-68.20640540499994,44.578908554000066],[-68.19881415499998,44.57019578400008],[-68.25273873299994,44.563668835000044],[-68.23059583699995,44.53369970000006],[-68.18663763399996,44.516763311000034],[-68.19611576499994,44.49810623500008],[-68.17081779699998,44.47196359600008],[-68.15869878099994,44.49698028800003],[-68.10327120899996,44.47519073500007],[-68.11693545899993,44.45841369300007],[-68.11223574899998,44.426461783000036],[-68.04286452699995,44.33937656900008],[-68.00498931199996,44.41111525500003],[-67.98170439099994,44.38540800700008],[-67.96229520599996,44.400758352000025],[-67.98536650399996,44.44014892300004],[-68.00525634299999,44.43665084400004],[-68.02701538599996,44.48058472000008],[-67.99591033199994,44.46302566700007],[-67.97734801199994,44.505296334000036],[-67.97973601199993,44.47430572900004],[-67.93783535899996,44.41105040800005],[-67.92614712499994,44.46203003200003],[-67.93753781599997,44.470327000000054],[-67.90710415199999,44.49197159600004],[-67.90477717899995,44.39847334900003],[-67.88204158099995,44.458470920000025],[-67.89568294399999,44.485490424000034],[-67.87115443299996,44.497598277000066],[-67.88101161299994,44.48217545400007],[-67.86967432799997,44.47113571800003],[-67.85732233499994,44.48243485300003],[-67.85561335199998,44.507955183000036],[-67.88017238299994,44.53324281300007],[-67.85131037199994,44.53482209900005],[-67.85019648299993,44.56263506300007],[-67.81848107799993,44.54365694200004],[-67.85060846999994,44.57632219900006],[-67.82593500199994,44.59389651300006],[-67.81233178399998,44.56549608800003],[-67.79160271399996,44.613202701000034],[-67.78550682299993,44.55978167000006],[-67.80646477699997,44.53442918800005],[-67.78745994799993,44.52240144600006],[-67.78898582999994,44.54476320600003],[-67.77157554499996,44.55053102800008],[-67.74424704699999,44.60729373600003],[-67.73474081799998,44.60127414200008],[-67.75504263999994,44.54353868700008],[-67.74623068599993,44.500135055000044],[-67.72728689299998,44.52001726100008],[-67.72257955399994,44.498086562000026],[-67.66673236999998,44.56959689200005],[-67.62847857299994,44.55917895300007],[-67.63999133099998,44.52827989900004],[-67.56344559099995,44.54253161300005],[-67.57651474899995,44.56091464200006],[-67.55834152599994,44.60177005800006],[-67.58364823799997,44.61845936100008],[-67.54933120999993,44.63314594800005],[-67.55908158199998,44.65743413000007],[-67.54056503499999,44.652669572000036],[-67.54171707199998,44.62896122500007],[-67.50732375099994,44.646371507000026],[-67.49769544999998,44.61752857700003],[-67.45120190399996,44.60285724800008],[-67.43505809799996,44.607686657000045],[-67.44972943399995,44.66715779900005],[-67.42914531999998,44.66874471300008],[-67.41162822099994,44.59463657600003],[-67.38446756799993,44.630803729000036],[-67.36910196299993,44.62925114800004],[-67.37412210899998,44.66079106800004],[-67.38935038499994,44.66827169100003],[-67.37946268599995,44.67910161900005],[-67.40634868299998,44.68261877000003],[-67.40424296999998,44.71726767200005],[-67.38820597799997,44.716165226000044],[-67.37533518199996,44.69045797600006],[-67.30109352099998,44.70550314600007],[-67.32730812599993,44.65884557500004],[-67.30483192299994,44.65901723700006],[-67.28955023899994,44.628255514000045],[-67.26386205799997,44.62929311200003],[-67.26476995999997,44.66899648700007],[-67.23795262599998,44.63853612500003],[-67.19538822099997,44.646180781000055],[-67.21056309199997,44.65505376800007],[-67.16728152299999,44.66496053800006],[-67.10989319999999,44.71982734200003],[-67.11642396499997,44.739087751000056],[-67.08417450399998,44.74273460400008],[-67.07109771899997,44.77312248700008],[-67.02480253599998,44.772905052000056],[-66.96061641999995,44.811193176000074],[-66.95706112199997,44.82209558400007],[-66.98297055399996,44.816552827000066],[-66.99450620499994,44.86145945100003],[-67.01471647899996,44.85354013700004],[-67.04992614799994,44.90472956800005],[-67.06350647599999,44.90310069100008],[-67.03471312699997,44.85201044200005],[-67.05132995299994,44.833993623000026],[-67.06186615199994,44.82593316600003],[-67.06041656699995,44.85375375900003],[-67.10763490799997,44.89186259000007],[-67.09038483899997,44.86422891900003],[-67.10948884999993,44.871801094000034],[-67.09568726999998,44.85882349000008],[-67.11729372099995,44.84589166500007],[-67.12554110099995,44.873395637000044],[-67.14096774299998,44.87452478700004],[-67.14046419899995,44.82293862700004],[-67.15994967899996,44.81636208600003],[-67.16414585099994,44.874845221000044],[-67.20048466999998,44.88857050400003],[-67.19249669099997,44.898503977000075],[-67.21191350999999,44.91930933900005],[-67.13420046799996,44.886296945000026],[-67.12003267899996,44.90938349600003],[-67.16578617399995,44.93284007400007],[-67.11572207099994,44.925302232000035],[-67.14031924799997,44.94481441200003],[-67.10588014799998,44.95437786000008],[-67.08175599399993,44.91842814700004],[-67.04647766399995,44.957181665000064],[-67.07691896099993,45.02017377100003],[-67.10690249299995,45.03246854100007],[-67.11190737999993,45.084146255000064],[-67.16616002799998,45.156144862000076],[-67.27412362699994,45.18269515700007],[-67.29907938499997,45.142816304000064],[-67.33965251599994,45.12322782900003],[-67.40933943199997,45.15558027900005],[-67.43959762199995,45.18973708500005],[-67.44007064699997,45.22491622800004],[-67.48779252799994,45.29079224700007],[-67.43139602799994,45.34680727300008],[-67.42848923099996,45.387895385000036],[-67.47691301699996,45.42730121400007],[-67.50420337299994,45.48428517000008],[-67.45159868299999,45.51111775800007],[-67.42184403199997,45.504377186000056],[-67.43741563299994,45.53381521100005],[-67.42544511299997,45.57253820900007],[-67.44632677199996,45.59792502300007],[-67.56483419799997,45.59649069400007],[-67.67358362799996,45.627778843000044],[-67.73102536199997,45.68914588700005],[-67.73408474899998,45.66539939200004],[-67.80680053399993,45.680688700000076]],[[-82.08842987899999,37.490911029000074],[-81.84694077399996,37.54494362100007],[-81.79729900399997,37.51769366000008],[-81.77133159299996,37.436118271000055],[-81.88627481299994,37.251132994000045],[-82.13333874599994,37.02523959600006],[-82.28796768599994,36.96853863000007],[-82.53504366599998,37.01031982300003],[-82.74023249899994,36.91382860700003],[-82.99872559099998,36.86145266500006],[-83.21835169199994,36.86131809400007],[-83.48071567299996,36.926264133000075],[-83.54262679299995,37.05480655900004],[-83.53625016999996,37.147358515000064],[-83.44079474399996,37.31361347200004],[-82.74434774999997,37.39490749400005],[-82.52504887499998,37.38181070600007],[-82.08842987899999,37.490911029000074]],[[-84.26157623699999,36.58395679500006],[-84.38518559399995,36.64962069500007],[-84.49887140299995,36.73591920600006],[-84.49195760499998,36.81341353900007],[-84.42649845199998,36.852603128000055],[-84.17598697899996,36.879637340000045],[-84.03306745199995,36.86546289300003],[-83.85455073699995,36.759443238000074],[-83.82795051099998,36.649630193000064],[-83.87557453099998,36.587298270000076],[-83.95006107499995,36.57195317400004],[-84.26157623699999,36.58395679500006]],[[-84.51119753599994,36.063185082000075],[-84.48790675599997,36.02188637200004],[-84.49072615199998,35.91906374600006],[-84.60953361699995,35.87990531300005],[-84.68456998199997,35.918358384000044],[-84.71480087199996,36.012767189000044],[-84.69624208199997,36.04283800800005],[-84.64555151599995,36.066329256000074],[-84.51119753599994,36.063185082000075]],[[-71.79615098599999,41.45090569300004],[-71.79320746699995,41.50560529000006],[-71.78979570499996,41.56889048700003],[-71.79615098599999,41.45090569300004]]],[[[-122.69160857799994,47.23059140600003],[-122.69920309799994,47.23195059500006],[-122.71089895799997,47.22257406800003],[-122.69160857799994,47.23059140600003]]],[[[-122.91995948899995,47.17352001100005],[-122.93910180499995,47.18610553600007],[-122.94457207799996,47.17176227200008],[-122.91995948899995,47.17352001100005]]],[[[-122.90844689799997,47.20502262300005],[-122.92724573399994,47.22629337500007],[-122.92352258099999,47.19786625000006],[-122.89481218299994,47.17926498700007],[-122.90844689799997,47.20502262300005]]],[[[-111.06458152499994,48.24551960500003],[-111.13824628799995,48.26586641200004],[-111.31484850299995,48.507132600000034],[-111.43035953299994,48.63263566300003],[-111.60359948699994,48.771615068000074],[-111.76047321599998,48.87011418700007],[-111.86764309299997,48.915630486000055],[-111.99510349999997,48.94415929300004],[-112.20903330099998,48.89236863000008],[-112.34155090899998,48.82158115400006],[-112.40899985199997,48.72688283200006],[-112.31010989099997,48.37723691200006],[-112.21525516099996,48.247157611000034],[-111.88875698199996,48.03548317800005],[-111.33612066799998,47.92260735600007],[-110.74557041899999,47.89068602800006],[-110.54494059999996,47.90568092900003],[-110.45553634699996,47.97943355500007],[-110.42183601399995,48.051371569000025],[-110.433770832,48.135929281000074],[-110.52441714499997,48.21298833700007],[-110.76652763299995,48.281471787000044],[-110.95373490699996,48.24215001200008],[-111.06458152499994,48.24551960500003]]],[[[-122.51900726099996,47.30764253000007],[-122.54042776199998,47.31987938900005],[-122.53454549399999,47.30249962900007],[-122.51900726099996,47.30764253000007]]],[[[-122.83164941199999,47.25919133600007],[-122.82402002099997,47.269891564000034],[-122.83994256999995,47.266862692000075],[-122.83164941199999,47.25919133600007]]],[[[-122.86394464999995,47.28437978000005],[-122.85298884099996,47.295598806000044],[-122.91521418899998,47.279817395000066],[-122.92351496099997,47.23370914700007],[-122.88458977399995,47.19119053400004],[-122.84686816699997,47.19020275300005],[-122.83972129999995,47.20482808100007],[-122.86990319999995,47.24612980900008],[-122.86394464999995,47.28437978000005]]],[[[-122.42586477999998,47.42312418900008],[-122.45580254799995,47.50639903200005],[-122.47598230199998,47.508874769000045],[-122.527511216,47.39867959600008],[-122.51420554299995,47.37956415000008],[-122.52373464899995,47.34172616400008],[-122.49001271799995,47.332101686000044],[-122.48402365199996,47.37678323700004],[-122.45281942599996,47.384580483000036],[-122.44004782299999,47.40499292900006],[-122.43563802899996,47.39172159900005],[-122.47219808599999,47.36178003400005],[-122.46429402799998,47.34350382000008],[-122.37660939099999,47.38609874200006],[-122.43402822899998,47.40507685500006],[-122.42586477999998,47.42312418900008]]],[[[-122.48410761399998,47.533597823000036],[-122.47899591999999,47.541952010000045],[-122.50456202499998,47.54480158600006],[-122.48410761399998,47.533597823000036]]],[[[-122.47759975099996,47.58429515200004],[-122.51542341299995,47.595233525000026],[-122.52976638599995,47.58556108300007],[-122.52291835999995,47.57443796800004],[-122.47759975099996,47.58429515200004]]],[[[-122.49696316099994,47.60334193400007],[-122.51369591199995,47.59639822500003],[-122.49539913299998,47.596002456000065],[-122.49696316099994,47.60334193400007]]],[[[-122.48943295199996,47.62047374200006],[-122.490948447,47.62276069100005],[-122.49167880999994,47.619980045000034],[-122.48943295199996,47.62047374200006]]],[[[-122.37552125499997,47.71794115100005],[-122.41036953799994,47.67128170400008],[-122.43431057699996,47.663129695000066],[-122.34474908799996,47.60820950400006],[-122.34411583899998,47.56221188200004],[-122.29782828199995,47.51313962000006],[-122.38798486999997,47.59474361700006],[-122.41960871199996,47.574525718000075],[-122.40031396599994,47.55730999000008],[-122.39222679499994,47.509584311000026],[-122.35990866799995,47.48104656300006],[-122.38046225299996,47.450414540000054],[-122.32753712199997,47.40146816300006],[-122.29333073499998,47.407819532000076],[-122.20463197799995,47.54035139800004],[-122.28636421099998,47.658945679000055],[-122.37552125499997,47.71794115100005]]],[[[-115.17387876899994,44.29260511900003],[-115.41442829399995,44.262342052000065],[-115.55822383199995,44.34495252000005],[-115.60809564699997,44.46941897000005],[-115.56923088599996,44.63025909800007],[-115.39330678799996,44.79979276600005],[-115.39324905199999,45.00213081100003],[-115.61268243399996,45.25213577000005],[-115.83325271199999,45.35272141000007],[-115.89539524099996,45.45398418700006],[-115.85668197199999,45.60208023100006],[-115.53017783399997,46.29843627000008],[-115.23500360499997,46.78136868400003],[-115.11163711799998,47.097200189000034],[-115.06449435899998,47.40634422100004],[-115.17738464399997,47.64276480600006],[-115.26356864199994,47.76315769800004],[-115.34460946799999,47.967995132000055],[-115.49597683499996,48.186546375000034],[-115.57168303399999,48.46327045600003],[-115.71216664399998,48.819997657000044],[-115.68562808499996,49.001725520000036],[-116.16870004999998,49.00150555300007],[-116.00725293099998,48.78420217400003],[-115.96501005199997,48.46992152200005],[-115.97309947199994,48.153713699000036],[-115.80207487399997,47.86533334500007],[-115.65534961099996,47.549313778000055],[-115.36134765599996,47.19085047000004],[-115.49424855099994,46.81115891800005],[-115.76023107499998,46.69047096000003],[-115.83778606499999,46.61628715900008],[-115.87322755699995,46.49755809100003],[-115.76329427299999,46.37440327500008],[-115.768534322,46.069605695000064],[-116.00025229799996,45.757436133000056],[-116.37731100299999,45.611024059000044],[-116.40010864099997,45.52374503900006],[-116.44069658099994,45.458735895000075],[-116.44012761299996,45.36649336800008],[-116.41364931899994,45.296086366000054],[-116.26929030599996,45.23108113100005],[-115.64461386699998,45.17380622400003],[-115.50711506199997,45.04458422000005],[-115.47681040899994,44.90737014100006],[-115.50525450699996,44.82372604900007],[-115.78094287899995,44.77098547500003],[-116.05743626199995,44.64497908200008],[-116.25615773499999,44.51515288000007],[-116.32213084699998,44.32460071100007],[-116.42999342599995,44.28943125400008],[-116.65115869899995,44.050048323000055],[-116.75091269399996,44.034992155000054],[-117.16688929399999,44.11165852200003],[-117.38611808399997,43.96241219900003],[-117.42081860499997,43.88483284900008],[-117.39000146399997,43.76460039800003],[-117.19096381099996,43.54468521900003],[-116.81332710799995,43.49059643700008],[-116.60038850399997,43.434028417000036],[-116.40100658099999,43.46467701300003],[-116.15229204699995,43.59159902400006],[-116.13321381599997,43.63657431400003],[-116.00019917099996,43.80063631000007],[-115.82879494499997,43.878240824000045],[-115.28117147799998,43.912540927000066],[-115.12902299899997,43.95529490000007],[-114.77531979099996,44.13279234000004],[-114.50061248299994,44.325763976000076],[-114.12260763399996,44.73882550700006],[-113.68122060399998,45.18884566600008],[-113.46209940299997,45.31635497600007],[-113.09481821199995,46.06353649400006],[-113.02066106199999,46.108309992000045],[-112.93608372199998,46.21105410900003],[-112.81720896199994,46.27434228200008],[-112.59631254299995,46.34830971300005],[-112.25307631199996,46.26118468100003],[-112.05393762399996,46.16303770500008],[-111.86025386699998,46.124989784000036],[-111.61331830999995,46.10640613500004],[-111.44635413599997,46.179752860000065],[-111.27722987899995,46.28694713800007],[-111.31299034099999,46.64855466200004],[-111.25995907199996,46.756155457000034],[-110.91099513099999,46.977066525000055],[-110.64943169799994,46.99931635200005],[-109.34561053899995,46.90288208000004],[-108.42663047499997,47.003014465000035],[-107.90356685999996,47.08323131600008],[-107.53642712899995,47.05390068200006],[-107.23361105799995,46.99813841400004],[-107.00269600499996,46.902313192000065],[-106.80262997299997,46.871096875000035],[-106.62953540299998,46.88465110900006],[-106.43705212099997,46.960065831000065],[-106.17733228799995,47.107550322000066],[-106.03781605499995,47.21655078200007],[-105.91238017999996,47.26968924800008],[-105.72573301799997,47.270569032000026],[-105.52419053699998,47.292956150000066],[-105.40499768099994,47.37569201500003],[-105.31369386799997,47.50638892100005],[-105.24448989299998,47.614752363000036],[-105.23511837999996,47.71912744100007],[-105.201069255,47.821027869000034],[-105.12807769999995,47.86322507500006],[-105.03031936299999,47.90284625700008],[-104.91095430799999,47.91887046700003],[-104.46329874699995,47.88878467400008],[-104.35463240099995,47.941022727000075],[-104.10910786999995,48.21299098900005],[-104.07819166799999,48.35605302400006],[-104.06722817499997,48.50536917100004],[-103.96214081399995,48.54764122500006],[-103.72081882599997,48.446363458000064],[-103.57813394299995,48.33268222300006],[-103.45697816399996,48.143604958000026],[-103.44827351099997,47.98230195900004],[-103.35780523499994,47.811991266000064],[-103.27909491599996,47.59627111900005],[-103.11751814699994,47.348695142000054],[-102.87206651599996,47.22431099000005],[-102.65569881599998,47.14004136300008],[-102.19128183199996,47.04331730200005],[-101.88136438899994,46.938490486000035],[-101.64449586599994,46.88789140400007],[-101.46929509399996,46.82629131200008],[-101.23643746799996,46.64875161300006],[-101.17985216299996,46.490412449000075],[-101.01814623099995,46.337199965000025],[-100.98181191899994,46.149328694000076],[-100.89220047099997,46.04640634300006],[-100.72188029699998,45.966695224000034],[-100.53668721999998,45.82378497700006],[-100.50099076499998,45.58818636500007],[-100.13163622799999,45.342570350000074],[-99.78589701499999,45.35328070500003],[-99.55588097999998,45.33896949500007],[-99.18982750599997,45.29659279500004],[-98.97725804699996,45.25049225300006],[-98.93618097099994,45.21259458500003],[-98.91934100199995,45.171994926000025],[-98.68306854899998,45.01456306100005],[-98.38380337299998,44.850385079000034],[-98.01125916799998,44.67166350400004],[-97.29200572399998,44.525967956000045],[-96.83670618999997,44.53336739800005],[-96.59924855899999,44.62888801100007],[-96.48060303899996,44.76177025000004],[-96.39459767999995,45.08964418200003],[-96.45304501199996,45.18498531600005],[-96.43320112699996,45.394608333000065],[-96.58611540999999,45.56117735300006],[-96.74470092999996,45.79852165800003],[-96.89420182399994,46.08130302700005],[-96.93349964299995,46.18626144800004],[-97.04250785299996,46.280196800000056],[-97.26941410099994,46.407029590000036],[-97.67477704499998,46.59408325600003],[-97.85393505599995,46.78246802000007],[-98.02807774799999,47.01982342600007],[-98.10145638899996,47.28808515700007],[-97.96491368199997,47.651067468000065],[-97.55445110099998,48.06659251900004],[-97.12576544299998,48.383987999000055],[-96.86579970399998,48.44601331700005],[-96.77292342999999,48.70825382600003],[-96.54412319599999,48.90843953500007],[-96.49978828199994,49.00024205100004],[-96.61016962699995,48.999905984000065],[-96.84302605699997,48.65825120200003],[-96.91182434299998,48.45357864700003],[-96.95848102599996,48.44533151100006],[-97.13470502199999,48.74737540000007],[-97.30543847699994,48.81464564500004],[-97.66546533399998,48.74972382000004],[-98.26583040599996,48.32150771400006],[-98.44707703699999,48.21932106500003],[-98.56371775699995,48.05335906400006],[-98.81029811499997,47.941946648000055],[-99.11192586599998,47.950762317000056],[-99.53335540299997,48.00546487100007],[-99.94641437499996,48.09346597600006],[-101.33980891799996,48.707723335000026],[-101.73465131599994,48.82604049200006],[-102.22523556199997,48.86257138700006],[-103.57957852999999,48.80746791100006],[-104.08720384199995,48.76115312600007],[-104.18820690999996,48.84768767600008],[-104.32174892399996,49.00105499600005],[-110.43929079099996,49.00102666600003],[-110.32108007699998,48.890444036000076],[-110.17151490199996,48.783224088000054],[-110.06656977099999,48.571131354000045],[-110.07153207399995,48.37428251700004],[-109.75070358199997,48.314869644000055],[-109.50843379799994,48.21450146400008],[-109.46145415099994,48.08192676400006],[-109.52440912599997,47.97134259200004],[-109.65126121199995,47.84792725500006],[-109.71366737899996,47.73735302100005],[-110.10961527399996,47.71696518700003],[-110.73364480099997,47.73025110900005],[-110.85667464699998,47.60571283200005],[-110.59290115499999,47.28156124700007],[-110.62916245599996,47.16215529700003],[-110.805849148,47.13478702200007],[-111.17160300999996,47.12077429100003],[-111.26732749199999,47.04486552000003],[-111.47412558099995,46.68241770800006],[-111.736448398,46.52188667200005],[-111.98151023099996,46.52582031400004],[-112.25588027599997,46.57148216400003],[-112.54382353499994,46.56229954400004],[-112.75963525699996,46.48028458200008],[-113.00173803499996,46.422179189000076],[-113.19975837199996,46.418964533000064],[-113.64700416499994,46.485130844000025],[-113.80798454299998,46.536912373000064],[-114.06515502799999,46.707068880000065],[-114.28352197099997,46.76872842000006],[-114.65726358699999,46.79953181900004],[-114.86793352199999,46.83550668600003],[-114.91178850399996,46.760446613000056],[-114.82028913899995,46.61335900300003],[-114.63373512099997,46.382137716000045],[-114.530162943,45.999468412000056],[-114.55222111699999,45.679614996000055],[-114.50012117299997,45.50224009200008],[-114.13602121299999,45.347175796000045],[-113.99295517099995,45.19825151400005],[-114.05610380399997,45.09231433000008],[-114.36176756799995,44.91813593300003],[-114.67361985799994,44.47896603100003],[-115.04529663999995,44.30859329200007],[-115.17387876899994,44.29260511900003]],[[-108.69532927199998,47.58009253800003],[-108.51704408999996,47.474626158000035],[-108.44906468499994,47.38424683900007],[-108.47157734499996,47.28943338600004],[-108.58227735599996,47.25229448500005],[-108.96099690099999,47.23056257700006],[-109.75196279799997,47.30478267800004],[-109.95948511599994,47.34920357200008],[-110.07171431499995,47.412288456000056],[-110.01419130199997,47.46561886300003],[-109.24954307299998,47.73111875200004],[-108.95545798899997,47.74549561400005],[-108.82564710799994,47.68989086700003],[-108.69532927199998,47.58009253800003]],[[-99.34213730299996,45.51056882700004],[-99.88129411599999,45.895983640000054],[-100.09084178699999,45.974884289000045],[-99.95239357099996,46.000315974000046],[-99.85514453699994,46.37813010100007],[-99.88592607899994,46.623710361000064],[-99.88348967899998,46.767945405000034],[-99.80340090599998,46.99414952200004],[-99.56468593399995,47.05370526300004],[-99.28493577999996,47.07205688200003],[-99.00652803199995,47.002482093000026],[-98.83567119099996,46.86568554100006],[-98.66307111499998,46.66810959900005],[-98.50483809399998,46.61469127300006],[-98.45852615299998,46.38213585600005],[-98.27602976499998,46.00993691700006],[-97.83958062299996,45.87238411900006],[-97.33811876699997,46.036353543000075],[-96.97888582599995,45.92004960000003],[-97.11865146099996,45.796010495000075],[-97.12445044099996,45.553773404000026],[-96.99891651899998,45.24181824500005],[-96.72392566299999,45.07231424100007],[-96.61666761999999,44.97815384100005],[-96.60060265399994,44.82329028400005],[-96.68872804699998,44.71160070900004],[-97.10300171899996,44.61327601800008],[-97.26961012899994,44.69606188400007],[-97.30510008999994,44.749681244000044],[-97.36979799199997,44.803714796000065],[-97.49104077999999,44.84849905300007],[-97.65806298699994,45.034903375000056],[-98.11848596099998,45.20799277200007],[-98.20908794199994,45.28855187600004],[-98.34384784899999,45.33831066100004],[-98.52031573499994,45.28755013000006],[-98.75355439499998,45.260869213000035],[-99.02332056899996,45.335332632000075],[-99.34213730299996,45.51056882700004]],[[-108.72978240799995,48.30887761100007],[-108.91910809599995,48.257460491000074],[-109.08963093799997,48.261851223000065],[-109.29215998899997,48.324101805000055],[-109.47966920199997,48.40795882300006],[-109.59893005899994,48.49832761600004],[-109.62028713499996,48.64589816400007],[-109.54166286499998,48.79648908000007],[-109.39068689599998,48.89274740700006],[-109.15176474299994,48.95627411600003],[-108.91728141999994,48.94407984900005],[-108.72628138899995,48.84592518200003],[-108.67731829499996,48.70079586400004],[-108.66915129299997,48.456972284000074],[-108.72978240799995,48.30887761100007]]],[[[-122.51224008499997,48.07268163800006],[-122.51796700099999,48.064447303000065],[-122.51222013099999,48.052643223000075],[-122.51224008499997,48.07268163800006]]],[[[-122.51226585399996,48.09854514600005],[-122.525123383,48.09891309300008],[-122.51224040999995,48.073007948000054],[-122.51226585399996,48.09854514600005]]],[[[-122.68552380099999,48.10202205300004],[-122.685867084,48.10215528900005],[-122.68568023799997,48.10191038500005],[-122.68552380099999,48.10202205300004]]],[[[-123.17261202899999,47.56560471800003],[-123.51043225399997,47.758597257000076],[-123.56781379399996,47.87063318300005],[-123.90015382899998,47.92369241700004],[-124.08110664199995,47.93132484200004],[-124.06912035899995,47.82100726300007],[-123.87456079399999,47.69791355500007],[-123.83817614399999,47.61532324400008],[-123.88216845799997,47.45420889400003],[-124.13059144199997,47.34890889500008],[-124.23708933599994,47.28628870700004],[-124.19214519399998,47.16445268500007],[-124.01439864099996,47.24685359400007],[-123.78587426699994,47.39977477100007],[-123.60742371199996,47.43834668400007],[-123.47090258599997,47.430474091000065],[-123.38844124199994,47.408165892000056],[-123.35303374999995,47.38024546100007],[-123.24863846999995,47.19025344200003],[-123.00135229399996,47.16160056200005],[-122.95795403899996,47.17290286600007],[-122.94438897999999,47.20255451100007],[-123.09530605799995,47.20623186300003],[-123.01991238199997,47.258180422000066],[-123.04705776599997,47.23516253400004],[-123.03475154899996,47.22757891700007],[-123.070190089,47.21221712600004],[-122.94124566999994,47.207666206000056],[-122.92221034699998,47.288427166000076],[-122.84560359099999,47.31319219300008],[-122.82316555799997,47.396325896000064],[-122.80370295999995,47.35664923000007],[-122.767104744,47.342542483000045],[-122.79264795799998,47.32741339000006],[-122.79332696399996,47.289708920000066],[-122.82981072499996,47.24497395900005],[-122.79826316799995,47.22114736200007],[-122.79792714699994,47.201347432000034],[-122.75579232999996,47.21092561700004],[-122.74973258299997,47.22654134900006],[-122.72849493899997,47.217122724000035],[-122.72250327499995,47.24995978100003],[-122.76385460399996,47.26813299600008],[-122.72534142999996,47.333570319000046],[-122.73509179999996,47.34490378400005],[-122.63132439799995,47.38148292900007],[-122.62628137399997,47.41144737800005],[-122.62760887899998,47.37004646500003],[-122.67015801199994,47.34226020500006],[-122.65292320399999,47.326440657000035],[-122.67646752099995,47.33112891800005],[-122.69423637199998,47.283044655000026],[-122.65414389699998,47.28230079200006],[-122.66812857899998,47.281164011000044],[-122.64586599499995,47.25393470300003],[-122.62501734299997,47.26036317300003],[-122.64469107499997,47.279229962000045],[-122.60105855999996,47.272546617000046],[-122.61653860899997,47.296670762000076],[-122.59135397099999,47.282346577000055],[-122.55114088099998,47.29332629500004],[-122.57611807799998,47.32808098400005],[-122.54067954399994,47.37043939000006],[-122.54836998799999,47.42366204900003],[-122.53501091799995,47.42477975600008],[-122.52965508999995,47.46762643800008],[-122.49870264199996,47.50670801600006],[-122.54545558299998,47.523042547000045],[-122.54087795599997,47.56957422800008],[-122.74345978999997,47.44097480000005],[-123.15586734699997,47.31627997600003],[-123.20346419999998,47.39645090000005],[-123.17261202899999,47.56560471800003]]],[[[-122.51231008699995,48.14289589100008],[-122.52203036099996,48.252390053000056],[-122.53863506899995,48.20567884400003],[-122.51231008699995,48.14289589100008]]],[[[-122.65492999899999,48.40230741100004],[-122.66848742399998,48.36102475400003],[-122.76827988699995,48.22473704600003],[-122.68080884899996,48.162950402000035],[-122.61433392299995,48.15890301500008],[-122.59733561799999,48.11490048200005],[-122.61305979299999,48.07871044400008],[-122.59151436599996,48.018655667000075],[-122.54705787199998,48.00134457400003],[-122.54195379799995,47.967786681000064],[-122.518493407,47.97319973900005],[-122.51220353499997,48.035968472000036],[-122.54010749599996,48.016652957000076],[-122.54672982599999,48.076471224000045],[-122.57125071099995,48.10330380400006],[-122.55837992599999,48.12377728700005],[-122.58612805299998,48.18699445100003],[-122.64842208099998,48.22709454300008],[-122.71983322099999,48.214910391000046],[-122.73196396499998,48.232702139000025],[-122.66045364099995,48.242589843000076],[-122.65092453199998,48.26164807200007],[-122.66216263299998,48.27346600300007],[-122.64570603099997,48.288476840000044],[-122.62672408799995,48.26801098900006],[-122.60662826799995,48.29645719200005],[-122.58290847599994,48.29727735400007],[-122.56328566499997,48.27772703200003],[-122.53292830299995,48.28278532400003],[-122.52869178599997,48.32724033100004],[-122.58881364199999,48.35393324000006],[-122.58357988399996,48.381235031000074],[-122.61700046499999,48.40611773400008],[-122.65492999899999,48.40230741100004]]],[[[-122.67262257699997,48.44357099100006],[-122.65105426599996,48.408365150000066],[-122.62844971199996,48.414568390000056],[-122.67262257699997,48.44357099100006]]],[[[-122.70678701799994,48.46796597800005],[-122.69895162599994,48.45792950900005],[-122.69163503599998,48.46266355100005],[-122.70678701799994,48.46796597800005]]],[[[-122.54834736199996,48.491144097000074],[-122.57427967899997,48.49353590900006],[-122.54317820399996,48.481676751000066],[-122.54834736199996,48.491144097000074]]],[[[-122.70391836999994,48.483705419000046],[-122.69680777099995,48.47458447900004],[-122.68566122599998,48.48722257400004],[-122.70391836999994,48.483705419000046]]],[[[-122.67605582199997,48.504915141000026],[-122.69833365599999,48.49948682400003],[-122.66652670099995,48.48475065200006],[-122.63856462399997,48.49918723800005],[-122.58843956599998,48.48999470200005],[-122.60184469399996,48.52498045700003],[-122.67605582199997,48.504915141000026]]],[[[-122.78562920799999,48.52394665400004],[-122.83171075699994,48.51811016100004],[-122.81538383999998,48.48052013500006],[-122.78562920799999,48.52394665400004]]],[[[-122.57659902899996,48.54428664400007],[-122.65087883599995,48.58657637200008],[-122.65117636999997,48.534391311000036],[-122.57408132399996,48.52955046800008],[-122.57659902899996,48.54428664400007]]],[[[-122.88137813799995,48.57268703300008],[-122.91805263699996,48.55127894700007],[-122.91279597399995,48.51996791000005],[-122.92509455799996,48.50312983400005],[-122.93105311899996,48.51688181700007],[-122.94272608099999,48.46542917700003],[-122.86915581299996,48.44407450800003],[-122.88789360599998,48.43590724000006],[-122.87435905399997,48.41906153800005],[-122.80529776499998,48.42667949600008],[-122.81936638399998,48.47768581400004],[-122.84815971499995,48.44627559200006],[-122.85077660699994,48.48085582400006],[-122.87404626999995,48.503084063000074],[-122.85234827899995,48.54269969900008],[-122.87622065799997,48.54368388700004],[-122.88137813799995,48.57268703300008]]],[[[-122.80834193599998,48.587766540000075],[-122.82893367099996,48.573110470000074],[-122.809738101,48.531865964000076],[-122.76985162699998,48.55930127200003],[-122.80834193599998,48.587766540000075]]],[[[-122.70114892999999,48.60196104100004],[-122.71965784399998,48.60490217100005],[-122.73669428099998,48.58523358900004],[-122.71952049799995,48.54163159900003],[-122.68284599299994,48.54451932900008],[-122.66526024299998,48.56834593100007],[-122.70114892999999,48.60196104100004]]],[[[-122.67070001699994,48.62876692300006],[-122.69235224199997,48.623811629000045],[-122.65911095999996,48.60861769300004],[-122.67070001699994,48.62876692300006]]],[[[-122.58013909599998,48.654157560000044],[-122.58372491299997,48.65964690900006],[-122.581314024,48.64813415200007],[-122.58013909599998,48.654157560000044]]],[[[-123.00458525199997,48.587171425000065],[-123.01393888899997,48.58238397800005],[-122.98776243199995,48.57499872600005],[-122.97952267999995,48.55574595100006],[-122.94313045999996,48.54807459600005],[-122.94623562699996,48.55817973000006],[-122.90528103499997,48.57412898500007],[-123.00458525199997,48.587171425000065]]],[[[-123.04534912199995,48.61830698000006],[-123.05216217299994,48.618184909000036],[-123.03691863899996,48.61199365700003],[-123.04534912199995,48.61830698000006]]],[[[-122.61077876599995,48.71468536200007],[-122.64484401699997,48.71232024600005],[-122.61484522799998,48.692907252000055],[-122.61077876599995,48.71468536200007]]],[[[-123.14520265399995,48.62569603800006],[-123.16798402399996,48.59939751100006],[-123.13478089399996,48.60418114600003],[-123.17423249199999,48.56925377200008],[-123.15020750999997,48.51521477000006],[-123.09449765599999,48.48439964900007],[-123.06821438799994,48.49088463900006],[-123.03711696399995,48.46144280800007],[-122.96189111899997,48.45078455200007],[-122.965263317,48.467805731000055],[-122.99647517399995,48.46586786200004],[-123.02208706299996,48.49449334800005],[-123.01673886199995,48.51444421700006],[-122.98001858099997,48.51556192700008],[-122.97713467199998,48.52900492100008],[-123.01763913599996,48.53751550700008],[-123.00537107199995,48.55482279000006],[-123.09706879199996,48.59887872000007],[-123.10414887599995,48.62230477700007],[-123.14520265399995,48.62569603800006]]],[[[-123.17270662499999,48.61454948900007],[-123.17783358099996,48.62323174000005],[-123.19818879899998,48.588193740000065],[-123.18036652999996,48.585763780000036],[-123.17270662499999,48.61454948900007]]],[[[-122.76167294899994,48.694776438000076],[-122.76826474999996,48.707609080000054],[-122.76509854899996,48.69518461000007],[-122.76167294899994,48.694776438000076]]],[[[-123.10611726399998,48.63705621200006],[-123.16124728199998,48.650804375000064],[-123.12381746199998,48.63626275200005],[-123.10611726399998,48.63705621200006]]],[[[-122.66423031,48.70001021400003],[-122.696952797,48.738778979000074],[-122.71747587099998,48.73938170000008],[-122.71807095899999,48.71719160500004],[-122.60901635599998,48.64032927800008],[-122.62601465799997,48.67980376700007],[-122.66423031,48.70001021400003]]],[[[-122.94185639299997,48.71209132900003],[-123.00664520799995,48.65735041200003],[-123.02684783699999,48.61587320600006],[-122.99946593899995,48.63068186300006],[-122.98716734499999,48.59486948600005],[-122.98493957299996,48.64295374800008],[-122.94815825199998,48.62650477700004],[-122.94364164199999,48.59748255900007],[-122.86998745599999,48.59643734000008],[-122.88180539999996,48.63919628200006],[-122.91068266999997,48.66364849000007],[-122.90904235699998,48.692788963000055],[-122.88579558899994,48.691800959000034],[-122.87458036399994,48.646711237000034],[-122.81774135499995,48.602853666000044],[-122.79859920199999,48.60132016100005],[-122.79812618399995,48.62626828200007],[-122.74132534199998,48.65952863500007],[-122.87495422299997,48.712316403000045],[-122.94185639299997,48.71209132900003]]],[[[-123.13297274299998,48.66011986900003],[-123.15741732999999,48.67352089700006],[-123.16279605399995,48.671563958000036],[-123.13297274299998,48.66011986900003]]],[[[-122.83811187999999,48.75082959400004],[-122.84616852099998,48.74699582200003],[-122.82560729799997,48.74502743900007],[-122.83811187999999,48.75082959400004]]],[[[-123.00646974999995,48.72296702400007],[-123.06914522899996,48.70196329300006],[-123.03599550299998,48.69239985000007],[-123.04230500999995,48.67934595500003],[-123.00790406799996,48.68966852900007],[-123.00646974999995,48.72296702400007]]],[[[-123.203743025,48.687879415000054],[-123.22845463799996,48.69109901600007],[-123.22856907599999,48.67769417000005],[-123.18695834799996,48.661866995000025],[-123.20047763999997,48.675004811000065],[-123.16232303299995,48.676660394000066],[-123.203743025,48.687879415000054]]],[[[-122.91359712299999,48.75972164400008],[-122.90017701299996,48.747934231000045],[-122.88316346199997,48.74960888500004],[-122.91359712299999,48.75972164400008]]],[[[-122.91127016099995,48.770391354000026],[-122.919273396,48.765169032000074],[-122.87684632599996,48.76358212300005],[-122.91127016099995,48.770391354000026]]],[[[-122.94114687799998,48.783281213000066],[-122.93993380499995,48.78746212100003],[-122.96598819199994,48.789319876000036],[-122.94114687799998,48.783281213000066]]],[[[-122.75386052899995,49.00329391000008],[-122.73002628599994,48.96388808700004],[-122.78103642899998,48.97186079900007],[-122.76926427499995,48.98777953300004],[-122.77955632999999,48.98807326300005],[-122.81656651899999,48.94954100100006],[-122.79336552199999,48.93326750300008],[-122.74677280099996,48.93309584700006],[-122.74544528199999,48.91461745300006],[-122.78727725499999,48.89683332900006],[-122.78276827899998,48.88580503900005],[-122.71788788899994,48.85077849500004],[-122.70679472999996,48.786691579000035],[-122.68133543999994,48.80188552100003],[-122.64519498699997,48.78441421200006],[-122.66964718999998,48.739206230000036],[-122.65747066999995,48.722291863000066],[-122.64834590999999,48.71504012300005],[-122.59692379799998,48.77127640000003],[-122.56785580199994,48.78141205400004],[-122.49108881399997,48.75247758100005],[-122.51601404099995,48.71931260100007],[-122.49133293399996,48.672075204000066],[-122.51304619299998,48.668069769000056],[-122.42778767799996,48.60090440000005],[-122.43324269199996,48.578199322000046],[-122.47278584399999,48.556867528000055],[-122.55485526199999,48.58847991700003],[-122.55587759899998,48.577840726000034],[-122.50084676199998,48.561090395000065],[-122.47304523399998,48.520849155000064],[-122.48390185799997,48.49761383100008],[-122.46690355799996,48.475694582000074],[-122.292594254,48.429373345000045],[-122.03851874999998,48.24934482900005],[-121.90199208899998,48.20136307900003],[-121.55071011299998,48.19447449900008],[-121.48388814499998,48.169695819000026],[-121.489072368,48.09650715400005],[-121.64305265699994,47.94720722300008],[-121.76857546299999,47.87648724200005],[-122.07284060699999,47.82011264300007],[-121.92271813999997,47.61690955500006],[-121.90897600099998,47.46371456800006],[-121.96834302599996,47.15853404500007],[-121.91320487499996,46.978476500000056],[-122.03381691399994,46.91301739000005],[-122.2548205,46.889406275000056],[-122.32141638299998,46.862915489000045],[-122.60598445699998,46.656189373000075],[-123.22790729399998,46.288589296000055],[-123.29765056499997,46.154647828000066],[-123.12656346199998,46.19167492200006],[-123.05145968599999,46.16927884000006],[-122.94588409399995,46.10251783100006],[-122.89343199999996,46.10344862200003],[-122.90380034599997,46.10006117000006],[-122.87148222099995,46.07681440700003],[-122.87493833099995,46.04515623200007],[-122.84574825099997,45.998048536000056],[-122.78515557999998,45.95055174400005],[-122.80364922999996,45.917737715000044],[-122.77787712099996,45.87194608900006],[-122.78758169999998,45.811834085000044],[-122.75839161999994,45.76016400900005],[-122.76401446799997,45.67589734200004],[-122.66635055999996,45.61940931200007],[-122.26685250099996,45.559823778000066],[-121.94082555099999,45.647821253000075],[-121.94190892299997,45.63749105200003],[-122.18794928799997,45.55280092800007],[-122.20878516799996,45.55345324000007],[-122.17914496699996,45.56479815200004],[-122.32740700999994,45.53727509500004],[-122.38359751599995,45.56942154500007],[-122.49981609899999,45.56043792100007],[-122.60253829099997,45.599118942000075],[-122.68408890399996,45.604230630000075],[-122.76043627299998,45.647344333000035],[-122.784667233,45.63184139900005],[-122.78391954699998,45.609903075000034],[-122.79557726699994,45.62708447000006],[-122.76780627199997,45.65316556000005],[-122.78144763999995,45.68998501800007],[-122.76927113799997,45.75377820500006],[-122.80126120599999,45.81088803800003],[-122.79091575399997,45.851793040000075],[-122.85752036699995,45.79482052700007],[-122.79309776199995,45.85816358500006],[-122.82412653799997,45.960618726000064],[-122.86593563199995,45.99469160000007],[-122.90631041299997,46.078691235000065],[-123.03873384499997,46.12849209600006],[-123.08999576299999,46.163713192000046],[-123.17412511199996,46.18178722000005],[-123.22764531499996,46.14133234800005],[-123.30240576399996,46.13935251200007],[-123.39277502499999,45.97111045100007],[-123.44935234999997,45.72697650500004],[-123.63721147799998,45.42048610300003],[-123.77886474799999,45.25636788000003],[-124.01493768799997,45.06597286300007],[-123.97757653099995,45.03085094700003],[-124.00543145599994,45.04474407300006],[-124.01071099599994,45.03455883000004],[-124.02661063599999,44.93135981800003],[-124.00839163299997,44.90352015700006],[-124.02784658999997,44.89341883600008],[-124.02352835799996,44.921849776000045],[-124.06584859699996,44.832135718000075],[-124.07354664499996,44.77074197600007],[-124.05838702999995,44.739640749000046],[-124.07256243599994,44.67946008000007],[-124.05694505999998,44.66344216700003],[-124.06535264699994,44.62806847600007],[-124.00594254199996,44.62142709400007],[-124.01164932199998,44.58293679500008],[-123.97138136999996,44.57349160900003],[-123.95350569799996,44.587647953000044],[-123.98149794799997,44.57048944100006],[-124.02571792799995,44.58210900500006],[-124.02069016099995,44.60871270600006],[-124.03663559499995,44.59460213800003],[-124.02731247799994,44.612649472000044],[-124.04580613399997,44.62265542400007],[-124.06786271599998,44.61476662600006],[-124.08290021799996,44.426347272000044],[-124.04768293199999,44.450555346000044],[-124.00035015399999,44.41439964700004],[-124.04656140599997,44.42914726200007],[-124.08197705899994,44.42089606900004],[-124.11523356799995,44.28861761600007],[-124.11401240499998,44.22403391100005],[-123.60307815899995,44.54322933800006],[-123.45143549899996,44.69878826400003],[-123.33562339399998,45.027238459000046],[-123.21958530999996,45.13575764800004],[-122.77770269099994,45.18722999700003],[-122.21351287599998,45.29886112500003],[-121.97691729699994,45.321121805000075],[-121.74965557099995,45.211469978000025],[-121.53430365699995,45.13012822700006],[-121.32096179499996,45.09747285900005],[-120.64341651699999,45.19547049100004],[-120.00767380799999,45.361985150000066],[-119.73873794199994,45.58907474800003],[-119.63041894299994,45.74342268400005],[-119.59641634599996,45.846478518000026],[-119.72647262199996,46.08963810800003],[-119.95009855599994,46.315947953000034],[-120.10192233299995,46.426227296000036],[-120.29438205699995,46.448356680000074],[-120.36642921699996,46.52701441500005],[-120.50670501499997,46.56427952200005],[-120.58991673099996,46.50550302900007],[-120.62785594199994,46.36613081400003],[-120.23319601999998,46.14580955500003],[-120.16187806499994,46.07215198000006],[-120.21859378999994,46.04127290200006],[-120.424751862,46.05828160300007],[-120.60993602199994,46.11496784900004],[-120.823926944,46.136122328000056],[-121.44092872899995,46.14650078600005],[-121.46953261599998,46.20373768200005],[-121.44438756799997,46.36708039100006],[-121.43424090199994,46.60069295400007],[-121.51374749999997,46.86876863500004],[-121.44060638099995,47.06706619100004],[-121.30276426399996,47.196607576000076],[-121.01329933699998,47.256242161000046],[-120.95649777099999,47.35970585900003],[-120.83352588199995,47.516222362000065],[-120.82586646299995,47.62177570000006],[-120.97514677799995,47.88902954400004],[-121.05147171099998,48.22019628600003],[-121.10812302899996,48.73577302900003],[-121.19350592399996,49.00061234000003],[-122.75386052899995,49.00329391000008]]],[[[-123.02361307099994,48.98576152900006],[-123.08947764799996,49.003538012000035],[-123.07526407599994,48.97418773000004],[-123.02361307099994,48.98576152900006]]],[[[-161.10575469099996,66.12168820300008],[-161.14313872199997,66.12405330900003],[-161.14315397199996,66.11582882000005],[-161.10575469099996,66.12168820300008]]],[[[-160.99625771799998,66.20410093300006],[-161.01192850299998,66.21199735300007],[-161.00487893299996,66.20117124400008],[-160.99625771799998,66.20410093300006]]],[[[-161.05869660899998,66.13964017500007],[-161.05196751199998,66.16539701000005],[-161.02514258299996,66.18381437100004],[-161.07004919099998,66.18283780100006],[-161.06452548399997,66.15826352400006],[-161.08047090099998,66.14282162700005],[-161.05869660899998,66.13964017500007]]],[[[-161.06243508799997,66.21044857900006],[-161.06327432699996,66.21683437900003],[-161.07806009399997,66.21787960500006],[-161.06243508799997,66.21044857900006]]],[[[-160.33240936299998,66.61775152000007],[-160.32961700099997,66.61445562200004],[-160.31960723999998,66.61872808500004],[-160.33240936299998,66.61775152000007]]],[[[-161.76295058899998,66.05731126600006],[-161.77225845399997,66.05935594200008],[-161.77375380799998,66.05474015800007],[-161.76295058899998,66.05731126600006]]],[[[-161.82035413899996,66.05168076400008],[-161.80323376199996,66.03565904000004],[-161.78603713199996,66.05441972100004],[-161.82035413899996,66.05168076400008]]],[[[-161.80331025799998,66.22648543700006],[-161.84141145199996,66.23188704100005],[-161.82911285699998,66.21848220000004],[-161.80331025799998,66.22648543700006]]],[[[-161.85430512999997,66.23474806300004],[-161.86561189099996,66.23490064800006],[-161.85947785699997,66.23186415200007],[-161.85430512999997,66.23474806300004]]],[[[-161.66521903499998,66.96754373900006],[-161.68195791199997,66.95612253200005],[-161.66730947699998,66.95878519300004],[-161.66521903499998,66.96754373900006]]],[[[-162.46418440499997,66.98892879000005],[-162.47990095999998,66.99213313500007],[-162.47326338499997,66.98774623300005],[-162.46418440499997,66.98892879000005]]],[[[-163.80434765899997,66.30138285700008],[-163.80842175499998,66.29939158400003],[-163.79819836699997,66.29933055100008],[-163.80434765899997,66.30138285700008]]],[[[-163.98862792599996,66.20514565400003],[-164.00799132899996,66.20574837200007],[-164.00275756099998,66.19815712500008],[-163.98862792599996,66.20514565400003]]],[[[-163.81409802499996,66.30422098800005],[-163.81650891799998,66.30963785800003],[-163.82490124599997,66.30197031500006],[-163.81409802499996,66.30422098800005]]],[[[-162.52375473099997,67.00872705800003],[-162.54003585899997,67.00869653800004],[-162.53852523599997,67.00691125900005],[-162.52375473099997,67.00872705800003]]],[[[-164.02491331899998,66.20094185000005],[-164.07136106499996,66.20136908900008],[-164.05222654299996,66.19708900000006],[-164.02491331899998,66.20094185000005]]],[[[-163.84569899199997,66.32272989300003],[-163.85309950799999,66.32520181500007],[-163.85641065799996,66.32002145500007],[-163.84569899199997,66.32272989300003]]],[[[-163.77126669299997,66.38296396900006],[-163.78120016399998,66.38166697000008],[-163.77267049799997,66.37924082400008],[-163.77126669299997,66.38296396900006]]],[[[-163.76389671399997,66.39517863100008],[-163.76372886899998,66.39931376100003],[-163.77189231799997,66.39533121600005],[-163.76389671399997,66.39517863100008]]],[[[-164.99743232599997,66.42709980400008],[-165.01671943399998,66.42668018400008],[-165.00931892199998,66.42471943100003],[-164.99743232599997,66.42709980400008]]],[[[-165.53689119099997,66.15582899100008],[-165.54047700699996,66.16025403700007],[-165.54693146999998,66.15533308000005],[-165.53689119099997,66.15582899100008]]],[[[-165.58326261999997,66.13696912300003],[-165.59344022999997,66.13323834800008],[-165.56890410799997,66.14182142000004],[-165.58326261999997,66.13696912300003]]],[[[-165.47941160399998,66.40804912900006],[-165.327159455,66.43379835500008],[-165.29206423999997,66.42718368100003],[-164.93740433199997,66.49835835300007],[-164.86631364699997,66.49787771300004],[-164.84647724699997,66.52129232600004],[-164.74987388999998,66.53660453500004],[-165.20417366899997,66.46675735800005],[-165.47941160399998,66.40804912900006]]],[[[-165.56786676499996,66.38715220400007],[-165.63213675899996,66.37338113600003],[-165.59633964299996,66.36825419100006],[-165.48839901099998,66.39610149600003],[-165.56786676499996,66.38715220400007]]],[[[-165.63074820199998,66.36516428200008],[-165.70377674199997,66.35415505200007],[-165.68694629599997,66.34763192400004],[-165.63074820199998,66.36516428200008]]],[[[-165.77729355599996,66.33755348100004],[-165.78472457899997,66.33211372200003],[-165.70338000599997,66.34541939700006],[-165.77729355599996,66.33755348100004]]],[[[-166.00884553899996,66.23446507200003],[-166.02692720899998,66.24135441500005],[-166.02796479599996,66.23393101300007],[-166.00884553899996,66.23446507200003]]],[[[-165.86863263399997,66.31632849200008],[-166.01632237999996,66.27230686500008],[-166.00052952199997,66.25839085600006],[-165.94997717599998,66.26746984300007],[-165.79970870299996,66.32536933700004],[-165.86863263399997,66.31632849200008]]],[[[-166.13494415699998,66.24165194200003],[-166.15697783299998,66.22896425900007],[-166.02764438899996,66.25789494000003],[-166.05596470099997,66.26470035500006],[-166.13494415699998,66.24165194200003]]],[[[-166.62771128099996,66.11333308700006],[-166.66620918699996,66.10009608300004],[-166.58083628199998,66.10859524300008],[-166.52283765599998,66.12796628100006],[-166.53275587199997,66.13386380000003],[-166.16709439199997,66.21460573300004],[-166.26496424199996,66.20844117000007],[-166.62771128099996,66.11333308700006]]],[[[-166.82807433199997,66.04150994000008],[-166.83852659399997,66.03583367100003],[-166.80437743399997,66.03826745300006],[-166.82807433199997,66.04150994000008]]],[[[-166.8150586,66.05609734600006],[-166.79117859799996,66.05239709200004],[-166.67737861099997,66.09300837600006],[-166.8150586,66.05609734600006]]],[[[-166.92959098199998,65.98303825200003],[-166.98337818299999,65.96605521400005],[-166.87461352199998,65.93184503000003],[-167.03219094899998,65.87140494600004],[-167.11296273199997,65.85706303300003],[-167.06380656799996,65.83024516100005],[-165.50140109299997,65.56782644600008],[-163.51665544699998,65.44470810600006],[-162.05535134399997,65.43912605100007],[-160.75873102599996,65.61521950400004],[-159.96938581099997,65.91012699500004],[-159.59623139199996,66.37291093900006],[-159.68295847199997,66.71439134900004],[-160.02253582399996,67.02668641200006],[-160.67172165099998,67.38364347600003],[-161.74309540199997,67.49695885900007],[-163.02133690099998,67.55765399600006],[-163.98309924299997,67.51590762800004],[-163.85931101899996,67.40407438600005],[-163.78457335699997,67.29641602300006],[-163.74371018799997,67.17602419600007],[-163.75294170499998,67.13153719900004],[-163.71484049299997,67.11409641100005],[-163.04658184299998,67.03865708200004],[-162.83074625399996,66.99696247900005],[-162.81608256399997,66.99926656000008],[-162.95713482299996,67.02872362400007],[-162.92882979499998,67.04938402900007],[-162.87580550899997,67.04650012600007],[-162.90610945399996,67.04093066500008],[-162.89492475999998,67.03761951000007],[-162.70626513799996,67.05504507700005],[-162.65159286799997,67.02597709500003],[-162.66198409899997,67.01969047300008],[-162.65218794599997,67.01126762500007],[-162.59827864899998,67.00923821400005],[-162.62507309799997,67.02724357900007],[-162.41656173299998,66.98895168800004],[-162.22190539599998,66.99821380400005],[-162.10383293699996,67.02718263200006],[-161.87392881799997,67.05029973800004],[-161.80155638899998,67.04894934500004],[-161.71342157999996,67.00027382900004],[-161.69276119399998,67.00904763600005],[-161.69942929699997,67.02172005600005],[-161.65752866699998,67.02138437100007],[-161.58739924599996,66.98917308200004],[-161.50668025499996,66.98515240500006],[-161.48020622799996,66.95598523900003],[-161.49456473299998,66.94372480000004],[-161.62890311099997,66.95790019000003],[-161.70870654699996,66.94216073600006],[-161.69166247099997,66.92974771600007],[-161.78614483899997,66.89114296700006],[-161.77850014699996,66.85832894500004],[-161.79407934799997,66.84051430900007],[-161.86236238399997,66.80665504700005],[-161.84916348599998,66.76161873800004],[-161.88137474799998,66.72686684500007],[-161.69041091499997,66.62457196700007],[-161.58312634499998,66.58968276600007],[-161.53385572199997,66.58905716400005],[-161.55337168599996,66.56706161700004],[-161.49628852999996,66.53684923000003],[-161.31579232399997,66.52737355200003],[-161.24900462699998,66.53897787300008],[-161.23966625799997,66.54560018600006],[-161.25759534499997,66.55938649900008],[-161.22507886099996,66.54730154400005],[-161.20669203599996,66.56281973500006],[-161.22633011399998,66.58069540000008],[-161.18923600799997,66.58518911900006],[-161.19810137799996,66.59963919300003],[-161.11820641499997,66.64260795000007],[-160.79627654099997,66.65984280700008],[-160.66021386599996,66.59474884400004],[-160.51137963899998,66.58241976600004],[-160.48150297699996,66.62140597300004],[-160.34939238999996,66.61594335100006],[-160.30401279899996,66.65195409900008],[-160.23646213599997,66.64073127200004],[-160.23875093899997,66.62971442500003],[-160.30474519099997,66.62631170600008],[-160.27546355699997,66.60896246900006],[-160.31373259299997,66.60328619300003],[-160.20513570699998,66.51313729400005],[-160.21709857499997,66.49647469800004],[-160.21203257999997,66.42429300100008],[-160.22610114999998,66.39524789700005],[-160.25812933599997,66.38693948200006],[-160.62946715699997,66.36290682700007],[-160.77988829099996,66.37004028500007],[-160.96575564499997,66.43119747400004],[-161.07435250199998,66.49569635000006],[-161.13422797899997,66.49210289600006],[-161.16151070799998,66.50843742200004],[-161.16920116899996,66.53938987400005],[-161.25223946899996,66.52150655900004],[-161.32761783899997,66.48269582000006],[-161.58871090799997,66.44758530800004],[-161.91073246299996,66.55150522300005],[-162.06373242699996,66.65090856900008],[-162.06252701999998,66.68393621400003],[-162.07529863299996,66.69137487000006],[-162.02761496999997,66.73485479400006],[-162.01220364399998,66.77928075600005],[-162.10129971799998,66.79473026300008],[-162.31911907399999,66.95187285100008],[-162.40894752599996,66.92356015500008],[-162.44268470899996,66.93037319800004],[-162.46099528099998,66.95368862300006],[-162.49398475999996,66.93802547200005],[-162.49886754699997,66.91493892400007],[-162.59856844799998,66.90321252800004],[-162.61880155599997,66.86450861200007],[-162.51908530299997,66.79046536000004],[-162.48635513999997,66.73320676600008],[-162.22678788999997,66.71005923100006],[-162.12150219899996,66.65343389000003],[-162.07706855499998,66.60195837800006],[-161.89809816399998,66.53031077000003],[-161.87022031799998,66.49257579200008],[-161.86884698799997,66.45642009600004],[-161.94411845699997,66.33442607600006],[-161.90534584999997,66.30525128200003],[-161.90888584799998,66.27173535100007],[-161.82778539899996,66.27344435300006],[-161.87742225599996,66.29363934700007],[-161.86550516899996,66.31776349400008],[-161.91329569699997,66.32610241400005],[-161.90826032999996,66.35737529900007],[-161.68954092299998,66.40155715500003],[-161.51577385399997,66.40131304400006],[-161.13413626599998,66.34107904700005],[-160.98406598599996,66.24049314400008],[-160.98821633799997,66.20290311800005],[-161.07833464899997,66.11817868800006],[-161.18084316599996,66.10400325500007],[-161.14556482799998,66.08376248000008],[-161.15842798099996,66.07936031700007],[-161.15116478699997,66.06717617600003],[-161.19800929299998,66.09812861700004],[-161.15807707699997,66.12646419300006],[-161.09836945299998,66.13374264600003],[-161.07622897899998,66.16166623100008],[-161.09107583499997,66.21393520400005],[-161.06071086599997,66.23152096300004],[-161.23450843799998,66.21621636900005],[-161.32674782199996,66.23055198500003],[-161.35683818699997,66.26736380500006],[-161.50434487899997,66.26428150500004],[-161.56385412399996,66.23947070500003],[-161.65649011199997,66.13784716600003],[-161.77419632699997,66.07165452500004],[-161.75518386999997,66.06484147700007],[-161.71273395899996,66.09477159600004],[-161.70579120299996,66.08625719700007],[-161.82891427399997,66.00707169400005],[-161.78081855399998,65.98593065400007],[-161.79854924799997,65.97082445200004],[-161.89878422899997,65.97545547700008],[-161.87684211299998,65.99892349600003],[-161.89420664299996,66.02316207800004],[-161.93285712699998,66.00609511600004],[-161.95313606599998,66.01377791300007],[-161.91538584499997,66.02944869400005],[-161.92853892399998,66.03458327400006],[-161.83993113799997,66.02690812000003],[-162.03266492799997,66.07427136100006],[-162.13012280799998,66.07976451000008],[-162.36143070799997,66.02997504600006],[-162.45168646699997,66.06387242700004],[-162.57926516799998,66.04391391100006],[-162.51133303999998,66.04052647300006],[-162.61262087099996,66.04241091600005],[-162.66947507799998,66.00533968000008],[-162.67530396199996,66.03583436800005],[-162.64521364099997,66.04275423300004],[-162.74897345499997,66.10355285200006],[-162.82708317499998,66.08909514000004],[-162.95135074399997,66.09780788600006],[-163.13415097499998,66.06317040800008],[-163.25780818899997,66.06890769300003],[-163.32505368399998,66.08896535600007],[-163.48803278999998,66.08854571200004],[-163.62372915299997,66.06194199400005],[-163.70981923599996,66.06967818400005],[-163.84420343199997,66.12962230900007],[-163.89509155499996,66.19690592300003],[-163.93281127899996,66.19863016100004],[-163.92806578599996,66.18826944400007],[-163.97053097799997,66.17694741600008],[-163.97420837199996,66.20158272800006],[-164.00617551399998,66.18424874000004],[-164.19825312499998,66.18885686000004],[-163.92972902899996,66.22353250100008],[-163.83028756699997,66.27192576300007],[-163.83742871599998,66.30699045600005],[-163.86841932699997,66.32276803700006],[-163.85766192599996,66.36357766500004],[-163.86782431099996,66.39668923200003],[-163.76243193999997,66.46179849600003],[-163.72469701499998,66.51509744700007],[-163.75806802999998,66.55974465500003],[-163.90085976199998,66.56300238000006],[-163.92542643199997,66.58409002200005],[-163.61079021899997,66.56158336200008],[-163.80480573299997,66.59745673900005],[-164.24555578599998,66.59384033300006],[-164.71712853799997,66.54263939000003],[-164.69460657299996,66.54408898000008],[-164.72454428199998,66.51933159100008],[-164.90632214799996,66.46481191400005],[-164.995753854,66.41705952300003],[-165.00948672799998,66.38883839500005],[-165.04146915799998,66.40116749000003],[-165.04522285199997,66.43456897500005],[-165.11393317699998,66.43921526400004],[-165.44414853799998,66.40469983100007],[-165.75486312399997,66.31658791100006],[-165.87488865599997,66.23819586700006],[-165.85665438199996,66.21610877800003],[-165.69347690799998,66.20552683700004],[-165.46601411199998,66.14183669600004],[-165.52987213899996,66.14743666200008],[-165.74058067499996,66.10052348200003],[-165.88090049499996,66.11588142900007],[-166.04633625099999,66.11001439500006],[-166.14797505399997,66.13778537500008],[-166.13062583299998,66.15068668100008],[-166.09301290799996,66.13932651900006],[-166.12737571299996,66.15822452200007],[-166.24341880499998,66.17366639700003],[-166.66726201499998,66.07329402100004],[-166.82474787499999,65.99928887600004],[-166.79310112999997,65.97944483100008],[-166.80337029099996,65.97654565700003],[-166.88082390399998,65.98543388900003],[-166.81429561699997,66.00818475300008],[-166.82628902199997,66.01026757500006],[-166.92959098199998,65.98303825200003]]],[[[-167.19779461499996,65.92929675900007],[-167.22086589399999,65.92145373800008],[-167.20926986999999,65.90953323300005],[-166.81698120199997,66.04860528100005],[-167.19779461499996,65.92929675900007]]]]},"properties":{"dm":0}},{"type":"Feature","id":2,"geometry":{"type":"MultiPolygon","coordinates":[[[[-66.52044517499996,17.88969694700006],[-66.50883323299996,17.898823613000047],[-66.52908928099998,17.88419233700006],[-66.52044517499996,17.88969694700006]]],[[[-65.73258788099997,18.153899156000023],[-65.73026854299997,18.15770813300003],[-65.73488432899995,18.158677065000063],[-65.73258788099997,18.153899156000023]]],[[[-65.47193716299995,18.086937852000062],[-65.47237966799997,18.090758274000052],[-65.47376821799998,18.08933348200003],[-65.47193716299995,18.086937852000062]]],[[[-65.46547506399997,18.08642477500007],[-65.46591756899994,18.08976835800007],[-65.46823690499997,18.087872453000045],[-65.46547506399997,18.08642477500007]]],[[[-65.59929468699994,18.213032705000046],[-65.60484125899995,18.213534338000045],[-65.60439112599994,18.210669499000062],[-65.59929468699994,18.213032705000046]]],[[[-65.28867163299998,18.147100334000072],[-65.39761157999993,18.16186043700003],[-65.57751275699997,18.119448618000035],[-65.55908591999997,18.086162669000032],[-65.45353918199999,18.08703321400003],[-65.45078178199998,18.10098877200005],[-65.42995503899994,18.093375967000043],[-65.42656350399994,18.112430476000043],[-65.39318629499996,18.107627681000054],[-65.36287571299994,18.13026282000004],[-65.33867490899996,18.11402469500007],[-65.30764031099994,18.135147424000024],[-65.27480436899998,18.13128894700003],[-65.28867163299998,18.147100334000072]]],[[[-65.57789422999997,18.246315949000063],[-65.57556726399997,18.249644274000048],[-65.58019830699993,18.248232835000067],[-65.57789422999997,18.246315949000063]]],[[[-65.58572199099996,18.253502841000056],[-65.59915735799996,18.248793595000052],[-65.58297540799998,18.24681567400006],[-65.58572199099996,18.253502841000056]]],[[[-66.08672777499999,18.46736028600003],[-66.12027590199995,18.470323112000074],[-66.11824626899994,18.461173105000057],[-66.08672777499999,18.46736028600003]]],[[[-65.60907557599995,18.31128598500004],[-65.60952570999996,18.31462384500003],[-65.61092188999999,18.313200963000043],[-65.60907557599995,18.31128598500004]]],[[[-65.61637690899994,18.337533016000066],[-65.61868861699998,18.33849432100004],[-65.61870387499994,18.335156459000075],[-65.61637690899994,18.337533016000066]]],[[[-65.62052730099998,18.341837904000045],[-65.62145808799994,18.33993627600006],[-65.61914638099995,18.339447995000057],[-65.62052730099998,18.341837904000045]]],[[[-65.56775476299998,18.343512558000043],[-65.56449700999997,18.347786927000072],[-65.57373621099998,18.352118516000075],[-65.56775476299998,18.343512558000043]]],[[[-65.62827876899996,18.371415167000066],[-65.62408260099994,18.380927118000045],[-65.64437677199999,18.38096524200006],[-65.65654568499997,18.36437704800005],[-65.69219022699997,18.366885213000046],[-65.72083098299998,18.38889602100005],[-65.74863230199998,18.383995422000055],[-65.76987274699997,18.409516374000077],[-65.81022641999994,18.409662440000034],[-65.80638436899994,18.36076184600006],[-65.69957816799996,18.323130031000062],[-65.67946335299996,18.279475357000024],[-65.69515021999996,18.262362412000073],[-65.85629712399998,18.22956259700004],[-65.98179206099996,18.289457904000074],[-65.98179206099996,18.317979480000076],[-65.91608088399994,18.444860406000032],[-65.98999861599998,18.460195628000065],[-65.96658733399994,18.432356275000075],[-65.99120770699994,18.456421614000078],[-66.02046028899997,18.444098517000043],[-66.08108938299995,18.461467886000037],[-66.10085245899995,18.459353785000076],[-66.08161753299999,18.440728230000047],[-66.10310364899993,18.430331067000054],[-66.13783009999997,18.45161949800007],[-66.13514151499999,18.471059350000075],[-66.16543089699996,18.45109721600005],[-66.18511269199996,18.470674630000076],[-66.39966113599996,18.493787393000048],[-66.43221874599993,18.487156533000075],[-66.42876177499994,18.441739554000037],[-66.33284328599996,18.412431281000067],[-66.29323819699994,18.385074315000054],[-66.28688324199999,18.35038156300004],[-66.33148111999998,18.293927732000043],[-66.44834466599997,18.216202115000044],[-66.47467157699998,18.15079160500005],[-66.51397963599999,18.13054199900006],[-66.84154680199998,18.118630460000077],[-67.12801917699994,18.140071215000034],[-67.18206743299999,18.113875952000058],[-67.19852407599996,18.085593209000024],[-67.00777826499996,18.057400228000063],[-66.61577858699997,18.073505184000055],[-66.38059526499995,18.11821380500004],[-66.16236522099996,18.216975562000073],[-66.12669422099998,18.21961856100006],[-66.10500390699997,18.186285568000073],[-66.09332738099994,17.960701915000072],[-66.04404111099996,17.956044759000065],[-66.01301101299998,17.980301412000074],[-65.98391654499994,17.96914461500006],[-65.91479012799994,17.976626787000043],[-65.83183855699997,18.01893668100007],[-65.83116731399997,18.050599030000058],[-65.79879218099995,18.064607413000033],[-65.76787536999996,18.146072567000033],[-65.73023564699997,18.183948674000078],[-65.69380217699995,18.178028382000036],[-65.68532376799993,18.198584535000066],[-65.63013450099999,18.203142153000044],[-65.63165010199998,18.233806307000066],[-65.61206045999995,18.21782766800004],[-65.59627994699997,18.225956821000068],[-65.63472084399996,18.284123519000048],[-65.63539826899995,18.344022728000027],[-65.61810115299994,18.370898276000048],[-65.62827876899996,18.371415167000066]]],[[[-65.32870128499997,18.29498686200003],[-65.32889345899997,18.295046943000045],[-65.32878679299995,18.294899953000026],[-65.32870128499997,18.29498686200003]]],[[[-65.37575050299995,18.325978276000058],[-65.37879856699993,18.325601604000042],[-65.37488360999998,18.321442623000053],[-65.37575050299995,18.325978276000058]]],[[[-65.30127058099998,18.301136297000028],[-65.30153831599995,18.301042996000035],[-65.30145066299997,18.300892843000042],[-65.30127058099998,18.301136297000028]]],[[[-65.28956247699995,18.30022390700003],[-65.29936211899997,18.302288821000047],[-65.29029604099998,18.284588085000053],[-65.28956247699995,18.30022390700003]]],[[[-65.32949829599994,18.315762723000034],[-65.33658252699996,18.305249410000044],[-65.32862708499994,18.295102168000028],[-65.32949829599994,18.315762723000034]]],[[[-65.27728586399996,18.332434118000037],[-65.31513780299997,18.328164123000022],[-65.33810711999996,18.34973019800003],[-65.30571055899998,18.301834144000054],[-65.25693099099993,18.293700657000045],[-65.24971685999998,18.31498092000004],[-65.27728586399996,18.332434118000037]]],[[[-65.22499135599998,18.322692303000053],[-65.23374015699994,18.320545939000056],[-65.22145709699998,18.311652390000063],[-65.22499135599998,18.322692303000053]]],[[[-65.25382764499994,18.340844606000076],[-65.26375170199998,18.34144497400007],[-65.24661206499997,18.334052717000077],[-65.25382764499994,18.340844606000076]]],[[[-81.95657664899994,24.51832632000003],[-81.95745402999995,24.523458996000045],[-81.96198588799996,24.519831218000036],[-81.95657664899994,24.51832632000003]]],[[[-81.97382671499997,24.52099851500003],[-81.96779949199998,24.525063076000038],[-81.97316295799999,24.528425733000063],[-81.97382671499997,24.52099851500003]]],[[[-82.14439713799999,24.547991317000026],[-82.14034592799999,24.552567047000025],[-82.14479386799997,24.552649065000026],[-82.14439713799999,24.547991317000026]]],[[[-82.12760483599999,24.546751542000038],[-82.12408005599997,24.549475234000056],[-82.13157212299996,24.54636053400003],[-82.12760483599999,24.546751542000038]]],[[[-82.00187237699998,24.527603665000072],[-82.00167401299996,24.536434692000057],[-82.00810559499996,24.536562484000058],[-82.00187237699998,24.527603665000072]]],[[[-81.92682963099998,24.521441021000044],[-81.92373972599995,24.526958982000053],[-81.93165140899998,24.527121108000074],[-81.92682963099998,24.521441021000044]]],[[[-82.14940202299994,24.545292419000077],[-82.15250718799996,24.562553929000046],[-82.16101396499994,24.558060212000044],[-82.14940202299994,24.545292419000077]]],[[[-81.91585092899999,24.525866071000053],[-81.91276102199998,24.530916732000037],[-81.92067270799998,24.531080764000023],[-81.91585092899999,24.525866071000053]]],[[[-82.15041673499996,24.56809668300008],[-82.14489304899996,24.571714927000073],[-82.14977586399993,24.57505850700005],[-82.15041673499996,24.56809668300008]]],[[[-81.92193918899994,24.540405795000027],[-81.91641550499997,24.54401259100007],[-81.92128305999995,24.547367619000056],[-81.92193918899994,24.540405795000027]]],[[[-81.88939218199994,24.55693869600003],[-81.88336496099998,24.56099753500007],[-81.88872842399996,24.56436400700005],[-81.88939218199994,24.55693869600003]]],[[[-82.10147415299997,24.589041285000064],[-82.12652909199994,24.597878034000075],[-82.14462601899999,24.584728770000027],[-82.10854660499996,24.582201531000067],[-82.11858688899997,24.552164598000047],[-82.10773788799997,24.550566240000023],[-82.10147415299997,24.589041285000064]]],[[[-81.86016396299993,24.558649589000026],[-81.85658577599997,24.56322341300006],[-81.86199501899995,24.564732126000024],[-81.86016396299993,24.558649589000026]]],[[[-81.94879466599997,24.577225261000024],[-81.94571238999998,24.582277830000066],[-81.95362407399995,24.58243804500006],[-81.94879466599997,24.577225261000024]]],[[[-81.91570597199996,24.57422500000007],[-81.91261606699999,24.579741057000035],[-81.92053538199997,24.57943969200005],[-81.91570597199996,24.57422500000007]]],[[[-81.92009287599996,24.598492204000024],[-81.91749125199993,24.60401779400007],[-81.92392283299995,24.60414940100003],[-81.92009287599996,24.598492204000024]]],[[[-81.72476505799995,24.570572432000063],[-81.74431920499995,24.580309448000037],[-81.80777289499997,24.556131889000028],[-81.80308844599995,24.545334387000025],[-81.76090551099998,24.550453712000035],[-81.74755406799994,24.569687421000026],[-81.72902226299999,24.559042505000036],[-81.72476505799995,24.570572432000063]]],[[[-81.78853155799999,24.57384734900006],[-81.79399420599998,24.593031465000024],[-81.79648138999994,24.57262473800006],[-81.78853155799999,24.57384734900006]]],[[[-81.64865419799997,24.604170388000057],[-81.70787357599994,24.592510761000028],[-81.71615910099996,24.558754496000063],[-81.66800997499996,24.56462913200005],[-81.64931032499999,24.57954269700008],[-81.67344973799999,24.583818971000028],[-81.64865419799997,24.604170388000057]]],[[[-81.46631924699994,24.60907037100003],[-81.47384183299994,24.623205735000056],[-81.47807614599998,24.613548827000045],[-81.46631924699994,24.60907037100003]]],[[[-81.64715883899999,24.679915037000058],[-81.65994570899994,24.683464611000034],[-81.62799379399996,24.673889719000044],[-81.64715883899999,24.679915037000058]]],[[[-81.66431735199996,24.686819639000078],[-81.66836093199998,24.702717394000047],[-81.67736361999994,24.699671357000057],[-81.66431735199996,24.686819639000078]]],[[[-81.52554625399995,24.669581021000056],[-81.56521911799996,24.686346618000073],[-81.53486937899999,24.654930671000045],[-81.52286070599996,24.65928705700003],[-81.51804655599994,24.636387424000077],[-81.52768248499996,24.62825448600006],[-81.56328125099998,24.64864405000003],[-81.55343169999998,24.62841470400008],[-81.57216949599996,24.613058635000073],[-81.60663910999995,24.620388579000064],[-81.58575745299999,24.659876428000075],[-81.61029359099996,24.650230962000023],[-81.59911652699998,24.642061786000056],[-81.61963960299994,24.63417871300004],[-81.62436219799997,24.586865009000064],[-81.50847166299997,24.624529436000046],[-81.52554625399995,24.669581021000056]]],[[[-81.40377345299999,24.64839991200006],[-81.41396632899995,24.672836868000047],[-81.42495265799994,24.652660928000046],[-81.40377345299999,24.64839991200006]]],[[[-81.30865776299999,24.648705089000032],[-81.29619895899998,24.651163662000044],[-81.31643211999994,24.653561198000034],[-81.30865776299999,24.648705089000032]]],[[[-81.44199672999997,24.64565332500007],[-81.44729916099999,24.685301394000078],[-81.46518246799997,24.666693295000073],[-81.44199672999997,24.64565332500007]]],[[[-81.38376917399995,24.65485819400004],[-81.39079584999996,24.685721011000055],[-81.39493861199998,24.662584865000042],[-81.38376917399995,24.65485819400004]]],[[[-81.51025694399993,24.702673528000048],[-81.50640409699997,24.663067424000076],[-81.47463528899993,24.647867760000054],[-81.47436826199998,24.674822418000076],[-81.51025694399993,24.702673528000048]]],[[[-81.27027426799998,24.65651187000003],[-81.24560079999998,24.669327348000024],[-81.25532828099995,24.67516955900004],[-81.27027426799998,24.65651187000003]]],[[[-81.46857754899997,24.68676623700003],[-81.47238461899997,24.709639166000045],[-81.48067014299994,24.697294804000023],[-81.46857754899997,24.68676623700003]]],[[[-81.58484955699998,24.71191654100005],[-81.57470245899998,24.720505334000052],[-81.58243866799995,24.72766361500004],[-81.58484955699998,24.71191654100005]]],[[[-81.39950099099997,24.676184265000074],[-81.41250911299994,24.70580349000005],[-81.41669002199995,24.698471640000037],[-81.39950099099997,24.676184265000074]]],[[[-81.44697109699996,24.696915241000056],[-81.45247189199995,24.71285877300005],[-81.45961300799996,24.705601310000077],[-81.44697109699996,24.696915241000056]]],[[[-81.33125603699995,24.70462475100004],[-81.34077752299999,24.70115718900007],[-81.31666100199999,24.679136844000027],[-81.31599724399996,24.700968362000026],[-81.33125603699995,24.70462475100004]]],[[[-81.42994228599997,24.720192532000056],[-81.45104519799997,24.745358096000075],[-81.42369380799994,24.696325871000056],[-81.42994228599997,24.720192532000056]]],[[[-81.48392026799996,24.740135774000066],[-81.48846738799995,24.75465642200004],[-81.49698179499995,24.751614201000052],[-81.48392026799996,24.740135774000066]]],[[[-81.38073267699997,24.724510769000062],[-81.39206996099995,24.743857013000024],[-81.36713708999997,24.66465624800003],[-81.34213555799994,24.655634487000043],[-81.35793603599996,24.640703759000075],[-81.33265221599999,24.641436180000028],[-81.35401452699995,24.706152536000047],[-81.38073267699997,24.724510769000062]]],[[[-81.09499650799995,24.69859180900005],[-81.11425310599998,24.70100079100007],[-81.11156755899998,24.69209156200003],[-81.09499650799995,24.69859180900005]]],[[[-81.42246547699995,24.75578938800004],[-81.43201748199994,24.751383412000052],[-81.40910640299995,24.737787827000034],[-81.42246547699995,24.75578938800004]]],[[[-81.30017387599997,24.73262272900007],[-81.31952965599999,24.74847280000006],[-81.30745995199999,24.721195798000053],[-81.30017387599997,24.73262272900007]]],[[[-81.44014278899994,24.76228009700003],[-81.45700375599995,24.762238135000075],[-81.43989864799994,24.753443349000065],[-81.44014278899994,24.76228009700003]]],[[[-81.37465967699995,24.745731937000073],[-81.38556208499995,24.762745490000043],[-81.39317622199997,24.75689946600005],[-81.37465967699995,24.745731937000073]]],[[[-81.07183366099997,24.709545715000047],[-81.03199295099995,24.72976933800004],[-81.12527758499994,24.712471588000028],[-81.08424668899994,24.708975418000023],[-81.08445268199995,24.687594035000075],[-81.07183366099997,24.709545715000047]]],[[[-81.28119956699999,24.769297237000046],[-81.28821098299994,24.783426879000046],[-81.29383384899995,24.77800047200003],[-81.28119956699999,24.769297237000046]]],[[[-80.96490003599996,24.74870168900003],[-80.93424512299998,24.774737005000077],[-81.02722457699997,24.72405301400005],[-80.96490003599996,24.74870168900003]]],[[[-80.91230297499999,24.763847948000034],[-80.90655803999994,24.772038106000025],[-80.92069531199996,24.76503241300003],[-80.91230297499999,24.763847948000034]]],[[[-80.78095618999998,24.843917718000057],[-80.85031412799998,24.80516685400005],[-80.80002114499996,24.809635772000036],[-80.78095618999998,24.843917718000057]]],[[[-80.76142402599999,24.83350624800005],[-80.75188728199998,24.836455010000066],[-80.75954719599997,24.844135906000076],[-80.76142402599999,24.83350624800005]]],[[[-80.73559088999997,24.84755006100005],[-80.68908971699994,24.882754005000038],[-80.73403449299997,24.862833649000038],[-80.73559088999997,24.84755006100005]]],[[[-80.69697088499998,24.897881190000078],[-80.69801611299994,24.90999285600003],[-80.70655340699994,24.907484692000025],[-80.69697088499998,24.897881190000078]]],[[[-80.82890604299996,24.932282136000026],[-80.82396219499998,24.945599248000065],[-80.83241556599995,24.945398976000035],[-80.82890604299996,24.932282136000026]]],[[[-80.65119450499998,24.899634045000028],[-80.61261264599995,24.93413036100003],[-80.62018100699999,24.94414013000005],[-80.65119450499998,24.899634045000028]]],[[[-80.59019747899998,24.94824856100007],[-80.59382907099996,24.957197843000074],[-80.60837833199997,24.94095867200008],[-80.59019747899998,24.94824856100007]]],[[[-81.00978378499997,25.03669233100004],[-81.01573471299997,25.052191451000056],[-81.01772598799994,25.037388512000064],[-81.00978378499997,25.03669233100004]]],[[[-80.72798438599995,25.000157062000028],[-80.72272773199995,25.007881828000052],[-80.73014350499994,25.009049124000057],[-80.72798438599995,25.000157062000028]]],[[[-80.75918098999995,25.044811922000065],[-80.76147743799999,25.036526396000056],[-80.75165840399995,25.032961561000036],[-80.75918098999995,25.044811922000065]]],[[[-80.69656653099997,25.05580397500006],[-80.68843359399995,25.060181342000078],[-80.69558233899994,25.068773949000047],[-80.69656653099997,25.05580397500006]]],[[[-80.72642799099998,25.069306099000073],[-80.72819037899995,25.075398174000043],[-80.73870368799999,25.073878015000048],[-80.72642799099998,25.069306099000073]]],[[[-80.87967968199996,25.114044878000072],[-80.87835216899998,25.123291705000042],[-80.88399029299995,25.118820879000054],[-80.87967968199996,25.114044878000072]]],[[[-80.44879424199996,25.052572931000043],[-80.44122587999993,25.055094446000055],[-80.45672881399997,25.053312982000023],[-80.44879424199996,25.052572931000043]]],[[[-80.63981144899998,25.082274167000037],[-80.64331334299999,25.094927521000045],[-80.65001195199994,25.089110106000078],[-80.63981144899998,25.082274167000037]]],[[[-80.72494025599997,25.09619018500007],[-80.71963782699999,25.10484192100006],[-80.72758002999996,25.10556099200005],[-80.72494025599997,25.09619018500007]]],[[[-80.82262705499994,25.121569371000078],[-80.83278178199998,25.130242087000056],[-80.83449076699998,25.124258733000033],[-80.82262705499994,25.121569371000078]]],[[[-80.64770787499998,25.11039421600003],[-80.66887182199997,25.11712334300006],[-80.64454167499997,25.10193321400004],[-80.64770787499998,25.11039421600003]]],[[[-80.78628060699998,25.134821634000048],[-80.79312417699998,25.138287287000026],[-80.78903481999998,25.12748024600006],[-80.78628060699998,25.134821634000048]]],[[[-80.68520635999994,25.11997864400007],[-80.67856115599994,25.124405602000024],[-80.68581671099997,25.130213479000076],[-80.68520635999994,25.11997864400007]]],[[[-80.58821383899993,25.10331222800005],[-80.58146182299998,25.11051438000004],[-80.59190646799993,25.11086533200006],[-80.58821383899993,25.10331222800005]]],[[[-80.63655369699995,25.115597465000064],[-80.63489048799994,25.133187037000027],[-80.64439671699995,25.132107478000023],[-80.63655369699995,25.115597465000064]]],[[[-80.70599646599999,25.13690255100005],[-80.71158881499997,25.147297604000073],[-80.71474738499995,25.14275620600006],[-80.70599646599999,25.13690255100005]]],[[[-80.48018158199994,25.127033933000064],[-80.49958313599996,25.102629399000023],[-80.47426879899996,25.11289856800005],[-80.48018158199994,25.127033933000064]]],[[[-80.56014528899993,25.146479355000054],[-80.56468478099998,25.157772769000076],[-80.57084170499996,25.153338182000027],[-80.56014528899993,25.146479355000054]]],[[[-80.95024397699996,25.219696758000055],[-80.95005121899999,25.222885037000026],[-80.95815746099998,25.22141295800003],[-80.95024397699996,25.219696758000055]]],[[[-80.58887759799995,25.163693181000042],[-80.60384647399997,25.176262609000048],[-80.60422031499996,25.166525593000074],[-80.58887759799995,25.163693181000042]]],[[[-80.43089568099998,25.15085672500004],[-80.45698821599996,25.17126726600003],[-80.46497619399997,25.146010150000052],[-80.44036375999997,25.138651595000056],[-80.43089568099998,25.15085672500004]]],[[[-81.03778367599995,25.256151919000047],[-81.03190903999996,25.26758266400003],[-81.06372362499997,25.255972628000052],[-81.03778367599995,25.256151919000047]]],[[[-81.01596360099995,25.25226665100007],[-81.01006779399995,25.274618428000053],[-81.03570847899994,25.243561508000028],[-80.98211196699998,25.221108195000056],[-80.98727671199998,25.240353139000035],[-81.01596360099995,25.25226665100007]]],[[[-81.06000810799998,25.277674447000038],[-81.05040269899996,25.29642178100005],[-81.06770616999995,25.28624798100003],[-81.06000810799998,25.277674447000038]]],[[[-81.06698137899997,25.29318691700007],[-81.05417162199996,25.30302502400008],[-81.07064348799997,25.30303456100006],[-81.06698137899997,25.29318691700007]]],[[[-81.08693224899997,25.308604020000075],[-81.09810168799999,25.318199893000042],[-81.10127551599999,25.312723894000044],[-81.08693224899997,25.308604020000075]]],[[[-81.05176073299998,25.31548192100007],[-81.06302934899998,25.321839115000046],[-81.06422716599997,25.315842411000062],[-81.05176073299998,25.31548192100007]]],[[[-81.09038073699998,25.324940463000075],[-81.09563739299995,25.33251264100005],[-81.09639270299994,25.32464673100003],[-81.09038073699998,25.324940463000075]]],[[[-81.04513841599999,25.319466374000058],[-81.05586534799994,25.32720067400004],[-81.04967790599994,25.318205616000057],[-81.04513841599999,25.319466374000058]]],[[[-81.11679370999997,25.341925409000055],[-81.13840722299994,25.341720145000068],[-81.10112292999997,25.332669043000067],[-81.11679370999997,25.341925409000055]]],[[[-81.06160265599993,25.334788109000044],[-81.05254655899995,25.336848047000046],[-81.06944567399995,25.339188362000073],[-81.06160265599993,25.334788109000044]]],[[[-81.09965045699994,25.34700849400008],[-81.11555774899995,25.349314479000043],[-81.09287555199995,25.340321328000073],[-81.09965045699994,25.34700849400008]]],[[[-81.10493762999994,25.35318830500006],[-81.09936816899994,25.355351239000072],[-81.11853301199994,25.354880352000066],[-81.10493762999994,25.35318830500006]]],[[[-81.07305437999997,25.350889950000067],[-81.06640917599998,25.355335981000053],[-81.08048541099998,25.35249403000006],[-81.07305437999997,25.350889950000067]]],[[[-81.09209735399997,25.363955291000025],[-81.11876209599995,25.373524462000034],[-81.11844166099996,25.367949279000072],[-81.09209735399997,25.363955291000025]]],[[[-80.28043634799997,25.29217222400007],[-80.25057489099999,25.34862785100006],[-80.26087457799997,25.35318069300007],[-80.31526454499993,25.29482725400004],[-80.36101040899996,25.287184504000038],[-80.33028682599996,25.257773180000072],[-80.35243496599998,25.20472217100007],[-80.38268552199997,25.196512941000037],[-80.39656339299995,25.149649373000045],[-80.41878019699999,25.142538775000048],[-80.42529569999994,25.116764766000074],[-80.43699919599999,25.12321160600004],[-80.44196593099997,25.098774649000063],[-80.45329558599997,25.089417194000077],[-80.47313201899993,25.104037023000046],[-80.46261870899997,25.080454560000078],[-80.51842011499997,25.016426757000033],[-80.54276552099998,25.017256453000073],[-80.55723085499994,24.977799120000043],[-80.58460512999994,24.96432179100003],[-80.58118716099995,24.949804959000062],[-80.40921293199995,25.12037919200003],[-80.41948972999995,25.100308160000054],[-80.37066158999994,25.137121903000036],[-80.35055050299997,25.16565584800003],[-80.35905727799997,25.177103756000065],[-80.28043634799997,25.29217222400007]]],[[[-80.24899560599994,25.374089054000024],[-80.24846154999994,25.386597449000078],[-80.25413019199993,25.382630164000034],[-80.24899560599994,25.374089054000024]]],[[[-80.23313409099995,25.37118607000008],[-80.22956353399996,25.38451081000005],[-80.25702936199997,25.36139183100005],[-80.24283868399993,25.35437660100007],[-80.23313409099995,25.37118607000008]]],[[[-81.20776056099999,25.55341765600008],[-81.20843039999994,25.554535705000035],[-81.21009490299997,25.552790187000028],[-81.20776056099999,25.55341765600008]]],[[[-80.22406273799999,25.396372615000075],[-80.20741539599999,25.411530318000075],[-80.17735557399999,25.493912541000043],[-80.22406273799999,25.396372615000075]]],[[[-80.18007163999994,25.500508155000034],[-80.17420463399998,25.52023205200004],[-80.18828087099996,25.507305947000077],[-80.18007163999994,25.500508155000034]]],[[[-81.37112728999995,25.75392234800006],[-81.37487332499995,25.762820133000048],[-81.38115231799998,25.75417793300005],[-81.37112728999995,25.75392234800006]]],[[[-81.23585808599995,25.732771756000034],[-81.26752008399995,25.746588592000023],[-81.28715052099994,25.728115917000025],[-81.28432001199997,25.70626341800005],[-81.26488794099998,25.702505941000027],[-81.23585808599995,25.732771756000034]]],[[[-81.41815489399994,25.79217041900006],[-81.43120879199995,25.79203499700003],[-81.41739958299996,25.78381432300006],[-81.41815489399994,25.79217041900006]]],[[[-81.45157928199995,25.799025431000075],[-81.45488280899997,25.80605401300005],[-81.45440602899998,25.79883277400006],[-81.45157928199995,25.799025431000075]]],[[[-81.43154448499996,25.81473626500008],[-81.45003814399996,25.81751336600007],[-81.43093413399998,25.801289454000027],[-81.43154448499996,25.81473626500008]]],[[[-81.39317624999995,25.822110078000037],[-81.43726653299996,25.825068376000047],[-81.41283720499996,25.80222596300007],[-81.40735929799996,25.817835709000065],[-81.40095823299998,25.79683198200007],[-81.39512174599997,25.80733766000003],[-81.38510434599993,25.78994645100005],[-81.34910885299996,25.785321130000057],[-81.39317624999995,25.822110078000037]]],[[[-81.47776337099998,25.83070077700006],[-81.49276276599994,25.832919024000034],[-81.48991888799998,25.82219722900004],[-81.47776337099998,25.83070077700006]]],[[[-81.68743445399997,25.894429122000076],[-81.68280341199994,25.898491775000025],[-81.69182898699995,25.899157439000078],[-81.68743445399997,25.894429122000076]]],[[[-81.69873359099995,25.88495722500005],[-81.71481635999999,25.903836167000065],[-81.68419958899995,25.84573640600007],[-81.67324377599994,25.880217463000065],[-81.69873359099995,25.88495722500005]]],[[[-81.66962744299997,25.88384142700005],[-81.66388250699998,25.892044935000058],[-81.67788244999997,25.89467707700004],[-81.66962744299997,25.88384142700005]]],[[[-81.55401919399998,25.904778401000044],[-81.57676369799998,25.920481143000075],[-81.57496188799996,25.91036502700007],[-81.61104130399997,25.91398517400006],[-81.60564732099994,25.890709792000052],[-81.55929873699995,25.895642198000075],[-81.56322024499997,25.862858682000024],[-81.53872225199996,25.876631651000025],[-81.55050204099996,25.850979712000026],[-81.53267214199997,25.877411756000072],[-81.50885316499995,25.83191957200006],[-81.51022645599994,25.854184058000044],[-81.49869843699997,25.83584299000006],[-81.49408265299996,25.857031733000042],[-81.46396942199993,25.82156266800007],[-81.45337218999998,25.823616883000057],[-81.46651001099997,25.837834264000037],[-81.43309325199994,25.847659020000037],[-81.42315977899995,25.843706992000023],[-81.44096679099994,25.835814381000034],[-81.41200560099998,25.830458544000066],[-81.42386931299995,25.85391130900007],[-81.48483582299997,25.864216716000044],[-81.52870485499994,25.893525041000032],[-81.53799745999999,25.884486113000037],[-81.55401919399998,25.904778401000044]]],[[[-81.59929203399997,25.92111865800007],[-81.63861779399997,25.929272534000063],[-81.63402867599996,25.900162614000067],[-81.59929203399997,25.92111865800007]]],[[[-80.14972953499995,25.713587663000055],[-80.15707664299998,25.729157352000072],[-80.17677574599998,25.714598557000045],[-80.16099052299995,25.674143681000032],[-80.14972953499995,25.713587663000055]]],[[[-81.72665718399998,25.97029965300004],[-81.74846962999999,25.96290676800004],[-81.73073128099998,25.910206712000047],[-81.68787696099997,25.91573611800004],[-81.69240882199995,25.93435566000005],[-81.67841650799994,25.91228381700006],[-81.68865515799996,25.905104555000037],[-81.64438724699994,25.89855539900003],[-81.64324498899998,25.91241160900006],[-81.67341925299996,25.911244311000075],[-81.67515875499998,25.92146961000003],[-81.65105749099996,25.920924109000055],[-81.66859215599999,25.956149365000044],[-81.72665718399998,25.97029965300004]]],[[[-80.19447594699994,25.745842844000038],[-80.18513756599998,25.752913386000046],[-80.19830590599997,25.750155359000075],[-80.19447594699994,25.745842844000038]]],[[[-80.14836387399998,25.75617686100003],[-80.17015343199995,25.73984232300006],[-80.14235953599996,25.744364648000044],[-80.14836387399998,25.75617686100003]]],[[[-80.13666037899998,25.75990954400004],[-80.13588980999998,25.76590624800008],[-80.14749412099997,25.76448718200004],[-80.13666037899998,25.75990954400004]]],[[[-81.74662331599995,25.975829056000066],[-81.73813942799995,25.992768226000067],[-81.75322274499996,26.012537898000062],[-81.74662331599995,25.975829056000066]]],[[[-80.14744834699997,25.845576222000034],[-80.15727500999998,25.850575383000034],[-80.15850334399994,25.84552472300004],[-80.14744834699997,25.845576222000034]]],[[[-80.12898520799996,25.854149756000027],[-80.14171867199997,25.86157697400006],[-80.14168815299996,25.850920613000028],[-80.12898520799996,25.854149756000027]]],[[[-80.13508872699998,25.87522787100005],[-80.14126090899998,25.883334105000074],[-80.14311485199994,25.87552923100003],[-80.13508872699998,25.87522787100005]]],[[[-80.13457755699994,25.886788314000057],[-80.13477592199996,25.893746324000062],[-80.13838462599995,25.891564318000064],[-80.13457755699994,25.886788314000057]]],[[[-80.12859610999999,25.885638183000026],[-80.13071708299998,25.894520707000027],[-80.13302878999997,25.88765806500004],[-80.12859610999999,25.885638183000026]]],[[[-97.76647636099995,26.18316847400007],[-97.91084666099994,26.311426018000077],[-98.20720342399994,26.67938723000003],[-98.36455230299998,26.819588924000072],[-98.36670568799997,26.873521753000034],[-98.45487512799997,27.199098837000065],[-98.49346285199994,27.266790091000075],[-98.77119227499998,27.270536527000047],[-98.83756656299994,27.222719047000055],[-98.82804023399996,27.105271929000025],[-98.75523630699996,26.861444309000035],[-98.51730639099998,26.529257077000068],[-98.42723873599994,26.18988696400004],[-98.37982940299997,26.153820584000073],[-98.36800383899998,26.166586472000063],[-98.35370634899999,26.149708341000064],[-98.33782194599996,26.163794112000062],[-98.33440397499999,26.13181931300005],[-98.30725095299994,26.103622974000075],[-98.30635831399997,26.12350136500004],[-98.28514096099997,26.126852579000058],[-98.26778408599995,26.11314636900005],[-98.28913876499996,26.10286194200006],[-98.19551081199995,26.053150705000064],[-98.18157190499994,26.070025025000064],[-98.14315789299997,26.054073865000078],[-98.13269036199995,26.072855531000073],[-98.12989800299994,26.061701353000046],[-98.08646384899998,26.068769990000078],[-98.08006278499994,26.03949981100004],[-98.04281607199994,26.040190274000054],[-98.03481283399998,26.060396730000036],[-98.01512136399998,26.063259661000075],[-97.93857562899996,26.06500107200003],[-97.90268694799994,26.050398409000024],[-97.86563859899996,26.06305748500006],[-97.79891952799994,26.054253164000045],[-97.78340133399996,26.03124672000007],[-97.77191146399997,26.047657552000032],[-97.76491530699997,26.026218947000075],[-97.64967327299996,26.026901783000028],[-97.64028148599999,26.002155836000043],[-97.62022380299999,25.999844129000053],[-97.63343028799994,25.99505668300003],[-97.61120585499998,25.961678075000066],[-97.58755472499996,25.962515402000065],[-97.58470133099996,25.938375992000033],[-97.53388192099999,25.922359984000025],[-97.51779915099996,25.886784110000065],[-97.47103858199995,25.888426339000034],[-97.47683692299995,25.878841908000027],[-97.46464514699994,25.883636986000056],[-97.42222570199999,25.839979675000052],[-97.41613744499995,25.859280139000077],[-97.40814946599994,25.840553787000033],[-97.37384769899995,25.84570553700007],[-97.35995457099995,25.873600517000057],[-97.37340519699995,25.910988372000077],[-97.32459231799999,25.92964224700006],[-97.48466379299998,26.04903286600006],[-97.76647636099995,26.18316847400007]]],[[[-81.85201581499996,26.372658760000036],[-81.86810621199999,26.37576392400007],[-81.85424359799998,26.364382772000056],[-81.85201581499996,26.372658760000036]]],[[[-81.86434491999995,26.384932551000077],[-81.88048661499994,26.396938790000036],[-81.86744245299997,26.38222411600003],[-81.86434491999995,26.384932551000077]]],[[[-82.08159089699996,26.457333310000024],[-82.08347442399997,26.45789667300005],[-82.08300342899997,26.457144783000047],[-82.08159089699996,26.457333310000024]]],[[[-82.10913411599995,26.46455674200007],[-82.11729072099996,26.46800392600005],[-82.11675588199995,26.462845849000075],[-82.10913411599995,26.46455674200007]]],[[[-82.12472097399996,26.468535471000052],[-82.13087484599998,26.472060199000055],[-82.13180868299997,26.468201685000054],[-82.12472097399996,26.468535471000052]]],[[[-82.13678304999996,26.47198777400007],[-82.13503552899994,26.473302155000056],[-82.14125059399998,26.475156955000045],[-82.13678304999996,26.47198777400007]]],[[[-82.16040366299995,26.478879024000037],[-82.18711954699995,26.48883165600006],[-82.09185353099997,26.42264465200003],[-82.03221328799998,26.442549330000077],[-82.09277668799996,26.44946770400003],[-82.09958210999997,26.462071465000065],[-82.12150136799994,26.453688666000062],[-82.16040366299995,26.478879024000037]]],[[[-81.24742526899996,26.985211611000068],[-81.26976535499995,27.032406242000036],[-81.35378518299996,27.063644518000046],[-81.55142310299993,27.053977530000054],[-81.71218554899997,26.923178344000064],[-81.74463914899997,26.845042068000055],[-81.78171835299997,26.57427430000007],[-81.83155568799998,26.382170829000074],[-81.84240185799996,26.38544681600007],[-81.83744366699995,26.349242236000066],[-81.85329755199996,26.361590412000055],[-81.85521243899996,26.351253014000065],[-81.83276395099995,26.294451414000036],[-81.81525737799996,26.28774167100005],[-81.82837994099998,26.287554749000037],[-81.80229848199997,26.097603866000043],[-81.79639750499996,26.135630580000054],[-81.78420572799996,26.10020538400005],[-81.79624425699996,26.080908543000078],[-81.76104692499996,25.999121978000062],[-81.74713448699998,26.014717999000027],[-81.72354439199995,25.993372856000065],[-81.73342445999998,25.980631764000066],[-81.68243720099997,25.969315462000054],[-81.71836482499998,26.121428609000077],[-81.72447871599996,26.60027394800005],[-81.63134567299994,26.76491083600007],[-81.62691308799998,26.889348151000036],[-81.57795966899994,27.01014716800006],[-81.47420376199995,26.976800684000068],[-81.43374020699997,26.941230887000074],[-81.38341424099997,26.768411813000057],[-81.36051063899998,26.538807684000062],[-81.38213158899998,26.359019905000025],[-81.44463583999999,26.142655338000054],[-81.46705291499995,26.00399615400005],[-81.55053434099995,25.918857831000025],[-81.54560396899996,25.899947086000054],[-81.47554321999996,25.89038363900005],[-81.46248169099994,25.87292948700008],[-81.39467924099995,25.85595599000004],[-81.36575619699994,25.81585397300006],[-81.35703579599993,25.822115801000052],[-81.32951656199998,25.786204233000035],[-81.37160031399998,25.77153671800005],[-81.33928218899996,25.76190460500004],[-81.34257599899996,25.722692980000033],[-81.30669253099995,25.698048391000043],[-81.27555383799995,25.746338731000037],[-81.29225458799993,25.757899175000034],[-81.28345789299993,25.766468892000034],[-81.26136316099996,25.751057512000045],[-81.26813043599998,25.77532853100007],[-81.19305717099996,25.722346187000028],[-81.18136130399995,25.69607817600007],[-81.19161521199999,25.688944690000028],[-81.22680962199996,25.71770179200007],[-81.28631110199996,25.67823116200003],[-81.26738275099996,25.67059980500005],[-81.27290950199995,25.647498961000053],[-81.24742425099998,25.635773518000065],[-81.21797477499996,25.553402739000035],[-81.17259512399994,25.563752015000034],[-81.11633595399996,25.615492677000077],[-81.12707051499996,25.608839844000045],[-81.10592182599999,25.59712299800003],[-81.11229237299995,25.586176721000072],[-81.12106617899997,25.578078117000075],[-81.13653096699994,25.59520038900007],[-81.15322408599997,25.559044680000056],[-81.18080435699994,25.557488282000065],[-81.20470143899996,25.530053553000073],[-81.20894156799994,25.506798571000047],[-81.18213383199998,25.476470936000055],[-81.15728292099999,25.479876339000043],[-81.16765917899994,25.457065018000037],[-81.14538868999995,25.384011066000028],[-81.09600360499996,25.38169363700007],[-81.05110460399999,25.350258617000065],[-81.00729885499999,25.38385278900006],[-81.01542722599999,25.514865143000065],[-81.17549300899998,25.770194609000043],[-81.16370250899996,26.079352761000052],[-81.17172669099995,26.439205684000058],[-81.23096068199999,26.538995423000074],[-81.25451235599996,26.641391464000037],[-81.23533541499995,26.86600741700005],[-81.24742526899996,26.985211611000068]]],[[[-82.65845838199994,28.73143540600006],[-82.66665235399995,28.738425840000048],[-82.68045393099999,28.719308479000063],[-82.65977063599996,28.71445999900004],[-82.65845838199994,28.73143540600006]]],[[[-82.67858472999995,28.73903237600007],[-82.67589155299999,28.745425811000075],[-82.67993274699995,28.74576991200007],[-82.67858472999995,28.73903237600007]]],[[[-82.68536813499998,28.751726533000067],[-82.68665663299998,28.754283541000063],[-82.68888095799997,28.752117198000064],[-82.68536813499998,28.751726533000067]]],[[[-82.65510907599997,28.746085755000024],[-82.65190473099995,28.751557940000055],[-82.66073194199998,28.751666659000023],[-82.65510907599997,28.746085755000024]]],[[[-82.66950574699996,28.75499116900005],[-82.67833295899999,28.75509988500005],[-82.67686811599998,28.74911271900004],[-82.66950574699996,28.75499116900005]]],[[[-82.67589918399995,28.778028130000052],[-82.68403974899996,28.78868830400006],[-82.68781960299998,28.756300941000063],[-82.66624036699994,28.764592763000053],[-82.67589918399995,28.778028130000052]]],[[[-82.69874922799994,28.81182444800004],[-82.70259477099995,28.81324727300006],[-82.69923848999997,28.80940997400006],[-82.69874922799994,28.81182444800004]]],[[[-82.72728317299999,28.848891868000067],[-82.72721450799997,28.853482859000053],[-82.73292892699999,28.853549615000077],[-82.72728317299999,28.848891868000067]]],[[[-82.65840497799996,28.83244670700003],[-82.65096631899996,28.84245456900004],[-82.66447034899994,28.843080178000037],[-82.65840497799996,28.83244670700003]]],[[[-82.65919843599994,28.847606317000043],[-82.65550580899998,28.85123218800004],[-82.66170850799995,28.853604930000074],[-82.65919843599994,28.847606317000043]]],[[[-82.71899001899999,28.847415581000064],[-82.70064131999999,28.857295650000026],[-82.72093551499995,28.856162685000072],[-82.71899001899999,28.847415581000064]]],[[[-82.67047468599998,28.857846876000053],[-82.72120366499996,28.830665173000057],[-82.67037550199996,28.83121837400006],[-82.67047468599998,28.857846876000053]]],[[[-82.71516006199994,28.859765667000033],[-82.71146743299994,28.863393445000042],[-82.71767013399995,28.865764279000075],[-82.71516006199994,28.859765667000033]]],[[[-82.66373792799999,28.856385845000034],[-82.65952650099996,28.860005994000062],[-82.66572920099998,28.861919065000052],[-82.66373792799999,28.856385845000034]]],[[[-82.70467727299996,28.86514820600007],[-82.70097701399999,28.869235655000068],[-82.70718734299999,28.871146819000046],[-82.70467727299996,28.86514820600007]]],[[[-82.67557112199995,28.864335677000042],[-82.69005171799995,28.869561813000075],[-82.69121138699995,28.86177219800004],[-82.67557112199995,28.864335677000042]]],[[[-82.66205183199997,28.86462750100003],[-82.66450849899996,28.873380325000028],[-82.67084089499997,28.867490433000057],[-82.66205183199997,28.86462750100003]]],[[[-82.69095198599996,28.87829556300005],[-82.68725935799995,28.88192334100006],[-82.69346205799997,28.88429227000006],[-82.69095198599996,28.87829556300005]]],[[[-82.64264264799993,28.874942445000045],[-82.65400281799998,28.88013615500006],[-82.65061536599995,28.864484450000077],[-82.64264264799993,28.874942445000045]]],[[[-82.67635695099995,28.880412720000038],[-82.67266432299994,28.884040500000026],[-82.67886702299995,28.886409427000046],[-82.67635695099995,28.880412720000038]]],[[[-82.64877668199995,28.88190617600003],[-82.64454999599997,28.885526325000058],[-82.65127912399998,28.88790479000005],[-82.64877668199995,28.88190617600003]]],[[[-82.67778364799995,28.889150288000053],[-82.67408339299999,28.89277615900005],[-82.68028609099997,28.895148900000038],[-82.67778364799995,28.889150288000053]]],[[[-82.65751234099997,28.888442661000056],[-82.65329328499996,28.892060903000072],[-82.65949598499998,28.894431738000037],[-82.65751234099997,28.888442661000056]]],[[[-82.66730085899997,28.894071249000035],[-82.66356245299994,28.89999166000007],[-82.66980329899997,28.900067954000065],[-82.66730085899997,28.894071249000035]]],[[[-82.69552199599997,28.919202479000035],[-82.69495742299995,28.92195097000007],[-82.69783048399995,28.91997658500003],[-82.69552199599997,28.919202479000035]]],[[[-82.68777052799999,28.91543737300003],[-82.68407790199996,28.91906515100004],[-82.69028060299996,28.92143407800006],[-82.68777052799999,28.91543737300003]]],[[[-102.54816496799998,30.078183704000026],[-102.59042733499996,30.022679098000026],[-102.58209395499995,29.75274257500007],[-102.57188528899997,29.768311677000042],[-102.54438894299994,29.746045286000026],[-102.51239125599994,29.765574634000075],[-102.51638905899995,29.776021184000058],[-102.48294178699996,29.78320044700007],[-102.39358629699996,29.766415777000077],[-102.36425890199996,29.844020087000047],[-102.32100785499995,29.87792893900007],[-102.21997175899998,29.840180599000064],[-102.18911084999996,29.847216811000067],[-102.11827953299996,29.79364510100004],[-102.05917459999995,29.785615165000024],[-102.03542428899999,29.80346795300005],[-101.99060158599997,29.798339094000028],[-101.98103432199997,29.816378800000052],[-101.92350104399998,29.784886562000054],[-101.85353185199995,29.80717012300005],[-101.82315159499996,29.78889962900007],[-101.82360935899999,29.809506627000076],[-101.80990696299995,29.808360311000058],[-101.80137729699999,29.77872583000004],[-101.78164767899995,29.79050180300004],[-101.73817537799994,29.77333948000006],[-101.72405102899995,29.849606066000035],[-101.75903360299998,29.90446920100004],[-101.84248163399997,29.944577868000067],[-101.93970578499994,29.948064514000066],[-102.20383920099994,30.011291757000038],[-102.30916555899995,30.078851305000057],[-102.54816496799998,30.078183704000026]]],[[[-84.57906548299997,29.827124765000065],[-84.61551112799998,29.79097651400008],[-84.57674815499996,29.80853445100007],[-84.57906548299997,29.827124765000065]]],[[[-97.22702529699995,30.349138028000027],[-97.51186223399998,30.447145998000053],[-97.62333564999994,30.466873664000047],[-98.03493440399996,30.278790582000056],[-98.21143372999995,30.218408900000043],[-98.19241314599998,30.13233449300003],[-98.14675042099998,30.08819141500004],[-98.03325216699994,30.036588008000024],[-97.91769797099994,30.021737505000033],[-97.89073595099995,29.968245996000064],[-97.90711842499996,29.898668395000072],[-97.76019366799994,29.712024115000077],[-97.65590721099994,29.66457033000006],[-97.65412568899995,29.623265441000058],[-97.73643340899997,29.52194429900004],[-97.85368900499998,29.462553074000027],[-98.20542364799996,29.37131760500006],[-98.39259230499994,29.34922553800004],[-98.56498378999999,29.385176134000062],[-98.75966658399994,29.337397340000052],[-98.93089479299994,29.319525162000048],[-99.07337058999997,29.19991503800003],[-99.09392745999997,28.848642505000043],[-99.23608461999999,28.757783947000064],[-99.44206957999995,28.57414256100003],[-99.54158755899994,28.423394014000053],[-99.60341749199995,28.280470587000025],[-99.63585488799998,28.15859188400003],[-99.55527051099995,27.93148053500005],[-99.60242922999998,27.64122995500003],[-99.57621035599999,27.602728701000046],[-99.54341157999994,27.605814794000025],[-99.51496919099998,27.562393994000047],[-99.52912171899999,27.503035385000032],[-99.49384338799996,27.498726684000076],[-99.48272735799998,27.47609980200008],[-99.51012451499997,27.335684583000045],[-99.54189332099998,27.31600836900003],[-99.49753600999998,27.30520514600005],[-99.48862487399998,27.259066374000042],[-99.45441466099999,27.26304319700006],[-99.43423158099995,27.195301291000078],[-99.12432460399998,27.215350957000055],[-99.04490579299994,27.245062011000073],[-99.00371705699996,27.282429138000055],[-99.03086309499997,27.37693161900006],[-99.15535738899996,27.530471844000033],[-99.19014741299998,27.648362811000027],[-99.19720532899998,27.84148661000006],[-99.00812809599995,28.06733183500006],[-98.91456574899996,28.156208123000056],[-98.76274002499997,28.196192721000045],[-98.61276626199998,28.300579148000054],[-98.55955929499999,28.409627391000072],[-98.45643363999994,28.476685216000078],[-98.33580960999996,28.466032493000057],[-98.06503686699995,28.348496409000063],[-97.91940524099994,28.336846110000067],[-97.78264162499994,28.360764224000036],[-97.72748951799997,28.472345635000067],[-97.72690026499998,28.690606823000053],[-97.64190184099999,28.794873643000074],[-97.61560631499998,28.863183324000033],[-97.63611801299999,28.93132633400006],[-97.70911892999999,28.989566242000024],[-98.08307076499995,28.907581494000055],[-98.26375227199998,28.910209183000063],[-98.35415891099996,28.95920535500005],[-98.40931175799994,29.049378787000023],[-98.39073676699996,29.131681515000025],[-98.22796943799995,29.210089156000038],[-97.38385788699998,29.217073755000058],[-97.28729073799997,29.191008469000053],[-97.14649721899997,29.182060956000043],[-97.10638130999996,29.240353148000054],[-97.22193050499999,29.394052439000063],[-97.19491922099996,29.60662901300003],[-97.08912270099995,29.936066753000034],[-97.07227024699995,30.028583853000043],[-97.07443489799994,30.166613872000028],[-97.12128393599994,30.248043024000026],[-97.22702529699995,30.349138028000027]],[[-97.62848689999998,30.05817557900008],[-97.67034957599998,30.109400163000032],[-97.67534513499999,30.194275892000064],[-97.51462721599995,30.303383722000035],[-97.40703287899998,30.32735310100003],[-97.32475442699996,30.316199681000057],[-97.27637448199994,30.268855676000044],[-97.24193742899996,30.19527037900008],[-97.25898687099999,30.121402553000053],[-97.27292278399995,30.07639415500006],[-97.35279747599998,30.01763566300008],[-97.54073430799997,30.006423905000077],[-97.62848689999998,30.05817557900008]],[[-98.80299855799996,28.370879339000055],[-98.84983280399996,28.387920880000024],[-98.86609278799995,28.475942978000035],[-98.81645873299999,28.61094749700004],[-98.74472003299996,28.634840216000043],[-98.63073899499994,28.55651447400004],[-98.64145879599994,28.44355435600005],[-98.70448869199998,28.391697503000046],[-98.77621855799998,28.361122266000052],[-98.80299855799996,28.370879339000055]]],[[[-84.56671550199997,29.87865241800006],[-84.56568553299996,29.882779920000075],[-84.57304027099997,29.880451048000054],[-84.56671550199997,29.87865241800006]]],[[[-104.51085117899999,30.141419368000072],[-104.58260086699994,30.145618531000025],[-104.68829899399998,30.082721580000054],[-104.70777293499998,30.052247195000064],[-104.67585916599995,29.95507539700003],[-104.68963022499997,29.93752397000003],[-104.67997903899999,29.90676606200003],[-104.61154335099997,29.842288134000057],[-104.61949318099994,29.833699340000067],[-104.57114569399994,29.77842246000006],[-104.53165593599999,29.691567513000052],[-104.53452458699996,29.66714200200005],[-104.50549473199999,29.635783278000076],[-104.37612305799996,29.54336459600006],[-104.27412565699996,29.51898486500005],[-104.23294980299994,29.48297984000004],[-104.21032864299997,29.481564589000072],[-104.21647030499997,29.457930626000064],[-104.16856532499997,29.40151124500005],[-104.05568077399994,29.331458136000037],[-103.97451162499999,29.297295612000028],[-103.78741593999996,29.266371769000045],[-103.77982468799996,29.22579101200006],[-103.76291794699995,29.23326400700006],[-103.71832412499998,29.18248274900003],[-103.65147535299997,29.158600834000026],[-103.55218638899998,29.156859428000075],[-103.51522959199997,29.122263933000056],[-103.48876338699995,29.35080672400005],[-103.50113750999998,29.56511017100007],[-103.84733325199994,29.724903880000056],[-104.04035993799994,29.794668733000037],[-104.28251749599997,29.843983172000037],[-104.51085117899999,30.141419368000072]]],[[[-84.33898564599997,30.043958555000074],[-84.34700667699997,30.051503601000036],[-84.35789128999994,30.026502495000045],[-84.33898564599997,30.043958555000074]]],[[[-84.21727388099998,30.087293530000068],[-84.22414796899994,30.091857815000026],[-84.22571199399994,30.085445306000054],[-84.21727388099998,30.087293530000068]]],[[[-84.20673768499995,30.094179059000055],[-84.21150605699995,30.101035978000027],[-84.20513551199997,30.08502950600007],[-84.20673768499995,30.094179059000055]]],[[[-81.34829893199998,30.128415335000057],[-81.36471939299997,30.190933977000043],[-81.45627558399997,29.989166995000062],[-81.47442813599997,29.725746008000044],[-81.47458093599994,29.49818791200005],[-81.36061410899998,29.261932166000065],[-81.33951133699998,28.94915341600006],[-81.41979530299994,28.742364551000037],[-81.34926527599998,28.64027082900003],[-81.22497243599997,28.611104243000057],[-81.16844352299995,28.479074755000056],[-81.60385671299997,28.43214241100003],[-81.79105665199995,28.349472775000038],[-81.87411935799997,28.362545908000072],[-81.96795886199999,28.448739146000037],[-81.99966522099999,28.666174909000063],[-81.95384172499996,28.867468080000037],[-81.98352076599997,28.939482205000047],[-82.25902614699999,28.958407288000046],[-82.48774993599994,28.993178685000032],[-82.73645441099995,28.972941969000033],[-82.67937056399995,28.920383129000072],[-82.68836562199994,28.910854013000062],[-82.65159955899998,28.900300651000066],[-82.63129773399999,28.869290970000065],[-82.64646497299998,28.831380499000034],[-82.63408246099993,28.794034603000057],[-82.66070905799995,28.818242678000047],[-82.69037977999994,28.815395005000028],[-82.66051069099996,28.765439627000035],[-82.63514294599997,28.760530110000047],[-82.65216412799998,28.735490432000063],[-82.63967211699998,28.700622499000076],[-82.43697446599998,28.689334747000032],[-82.32276398499994,28.667017427000076],[-82.19117733699994,28.609505268000078],[-82.07934070399995,28.490305857000067],[-82.00446920299999,28.321245430000033],[-81.89370804499998,28.292868465000026],[-81.83199170099994,28.18657922600005],[-81.79713511699998,28.157847954000033],[-81.51573933999998,28.04205538800005],[-81.45465013699999,27.511053220000065],[-81.28217191299996,27.41123471800006],[-81.04437545599995,27.36379188500007],[-80.85705463599999,27.393053714000075],[-80.57018587299996,27.367865497000025],[-80.46669768399994,27.23277723800004],[-80.42866965899998,27.14125208100006],[-80.42557848599995,27.093688874000065],[-80.45344090599997,27.063539905000027],[-80.52520822999998,27.043389710000042],[-80.55286389099996,26.998875949000023],[-80.54014893899995,26.935426948000043],[-80.44364845699994,26.907727559000023],[-80.41102115299998,26.880094040000074],[-80.41747765899999,26.80150962700003],[-80.48498433399999,26.703379089000066],[-80.46721486299998,26.611717464000037],[-80.48942137499995,26.499553493000064],[-80.48832607599996,26.386648449000063],[-80.40807762399999,26.322514316000024],[-80.30811677999998,26.105267839000078],[-80.30492560899995,25.734227490000023],[-80.36052866799997,25.569784902000038],[-80.53516500399996,25.365674589000037],[-80.73126996399998,25.262351283000044],[-80.91947190999997,25.228431886000067],[-80.95970442799995,25.205591911000056],[-81.06498247499997,25.248120072000063],[-81.09256274699999,25.30458904900007],[-81.13316639499999,25.329861425000047],[-81.15713795999994,25.29851986400007],[-81.17106160699996,25.237658259000057],[-81.14820422799994,25.19593629600007],[-81.08280474299994,25.146523213000023],[-81.13869007499994,25.17456505900003],[-81.14163936199998,25.15838176400007],[-81.08675676899998,25.11739227000004],[-80.90256787399994,25.14306519300004],[-80.89575482299995,25.166996703000052],[-80.87290477999994,25.178831803000037],[-80.81403635399994,25.166332947000058],[-80.81680582799999,25.186381093000023],[-80.79445169399997,25.184286825000072],[-80.80095193999995,25.15617631300006],[-80.77579781899999,25.16281007400005],[-80.77671334599995,25.151234372000033],[-80.76721474699997,25.165787445000035],[-80.72459693699994,25.14585946300008],[-80.74599739399997,25.160006272000032],[-80.72282691799995,25.166691531000026],[-80.70322699699994,25.14424203300007],[-80.67961401399998,25.175972694000052],[-80.65749639199998,25.16782259000007],[-80.67564672499998,25.148918852000065],[-80.65979283999997,25.146542296000064],[-80.63780491999995,25.174601309000025],[-80.66351598699998,25.180088752000074],[-80.65610784099994,25.191452738000066],[-80.61010258099998,25.208035232000043],[-80.61622135499994,25.191529032000062],[-80.60439579199993,25.187885996000034],[-80.57905093699998,25.211642030000064],[-80.56569949199996,25.195875882000053],[-80.55652895499998,25.213669543000037],[-80.53362550699995,25.19989657600007],[-80.55613222699998,25.223868137000068],[-80.58215610199994,25.22149348800008],[-80.56376925499995,25.245474589000025],[-80.53283204999997,25.232826958000032],[-80.50158204399997,25.241043818000037],[-80.49849976699994,25.230726969000045],[-80.52978792299996,25.22158313500006],[-80.50294007399998,25.206740143000047],[-80.46865356499995,25.216236838000043],[-80.43870055199994,25.179915188000052],[-80.43579375299998,25.20256114400007],[-80.45598113799997,25.221367606000058],[-80.48939026599999,25.221594579000055],[-80.44656646199996,25.244713559000047],[-80.41711698999995,25.195872071000053],[-80.39141355199996,25.190323595000052],[-80.43154417999995,25.24604488800003],[-80.31312831599996,25.369925310000042],[-80.30968745899997,25.39253693300003],[-80.32985195399993,25.400221642000076],[-80.31986507399995,25.436047382000027],[-80.33990750099997,25.471091106000074],[-80.30585750599994,25.567261556000062],[-80.30533107799994,25.615464084000052],[-80.27969630599995,25.629372474000036],[-80.24209864099998,25.723496340000054],[-80.19091301899994,25.758688840000048],[-80.17031364899998,25.86264508800008],[-80.12581138199994,25.948531111000023],[-80.12118033599995,25.848759588000064],[-80.14445762299994,25.788006703000065],[-80.12989310399996,25.776801027000033],[-80.10687522399996,26.091372489000037],[-80.11623649199998,26.084780688000023],[-80.12285880899998,26.10586261900005],[-80.10373954099998,26.105143549000047],[-80.06900854399998,26.34474645000006],[-80.20294941699996,26.45330910900003],[-80.16992516299996,26.659719336000023],[-80.19443223399998,26.83170440300006],[-80.39803596599995,26.918969161000064],[-80.40824453599998,27.071401957000035],[-80.33370655199997,27.175792725000065],[-80.35109324999996,27.206128982000052],[-80.59569161299999,27.46568959700005],[-80.68568577999997,27.598169287000076],[-80.83518681799995,27.682868228000075],[-80.93924170499997,27.69058480900003],[-81.02660388099997,27.74680624100006],[-81.08442101199995,27.81664439800005],[-81.13668770799995,28.092870455000025],[-81.11940456199994,28.263140371000077],[-81.04126340799996,28.541271390000077],[-81.00397251699997,28.591429835000042],[-81.11079681699994,28.718844174000026],[-81.16683657299996,29.14581593500003],[-81.10805832099999,29.437071841000034],[-81.23166967299994,29.70623388000007],[-81.28366845499994,29.906962156000077],[-81.29449013199996,29.90665621200003],[-81.27632453699994,29.88238710400003],[-81.29486397199997,29.89521402500003],[-81.30497292199999,29.85973351800004],[-81.25945593699998,29.771549142000026],[-81.27064826199995,29.76724616200005],[-81.30873421299998,29.82500832000005],[-81.31240395699996,29.93870539900007],[-81.37263804699995,30.04962346900004],[-81.38214427999998,30.132268904000057],[-81.29581001799994,29.914478251000048],[-81.34829893199998,30.128415335000057]]],[[[-81.49216020099999,30.647300835000067],[-81.48707902399997,30.67416584800003],[-81.52003801699999,30.656618234000064],[-81.49216020099999,30.647300835000067]]],[[[-81.46947037699994,30.693426258000045],[-81.48991715999995,30.703037390000077],[-81.47371232199998,30.676603440000065],[-81.46947037699994,30.693426258000045]]],[[[-81.43676315299996,30.70227445200004],[-81.45764481199996,30.697727331000067],[-81.48480546299999,30.644388314000025],[-81.44033665099994,30.624292671000035],[-81.43676315299996,30.70227445200004]]],[[[-81.49871385499995,30.693634159000055],[-81.49111497699994,30.71586812700008],[-81.54230822799997,30.693699008000067],[-81.50973070299995,30.68107998800008],[-81.49871385499995,30.693634159000055]]],[[[-81.52606524299995,30.70339597000003],[-81.50660265199997,30.71393216900003],[-81.58058491199995,30.71191800500003],[-81.52606524299995,30.70339597000003]]],[[[-81.47999131799997,30.758041522000042],[-81.47977006599996,30.769924308000043],[-81.48441636899997,30.777757789000077],[-81.47999131799997,30.758041522000042]]],[[[-81.49738634399995,30.795761258000027],[-81.49905718299993,30.82092109900003],[-81.51236285199997,30.82109848400006],[-81.49738634399995,30.795761258000027]]],[[[-81.48082292399994,30.799192581000057],[-81.47675645599998,30.817417300000045],[-81.48678911099995,30.82212654400007],[-81.48082292399994,30.799192581000057]]],[[[-81.49576128399997,30.82636086000008],[-81.49344957699998,30.83592621300005],[-81.50927294699994,30.844366234000063],[-81.49576128399997,30.82636086000008]]],[[[-81.52214373699996,30.839512030000037],[-81.53094043299996,30.853796166000052],[-81.53336658099994,30.83737579900003],[-81.52214373699996,30.839512030000037]]],[[[-81.49214495499996,30.964315603000045],[-81.48619402699995,30.968805504000045],[-81.49905718899998,30.96532459000008],[-81.49214495499996,30.964315603000045]]],[[[-81.56724110799996,30.97079295800006],[-81.56218281799994,30.985347938000075],[-81.57463399399995,30.975000570000077],[-81.56724110799996,30.97079295800006]]],[[[-81.40657364099997,30.94895572300004],[-81.40717636299996,30.972723200000075],[-81.42048966199997,30.973829461000037],[-81.43180405599998,30.94017619400006],[-81.46268785199999,30.91410654500004],[-81.44713150999996,30.89149683100004],[-81.48527086499996,30.903906043000063],[-81.49997271299998,30.886461429000065],[-81.47424638499996,30.837949914000035],[-81.47891557199995,30.73014272900008],[-81.46054398399997,30.717546595000044],[-81.46163498999994,30.772415306000028],[-81.41434036299995,30.878696614000035],[-81.40657364099997,30.94895572300004]]],[[[-81.45423448499997,31.022731984000075],[-81.47654284199996,31.028520789000027],[-81.47735155699996,31.01391430800004],[-81.45423448499997,31.022731984000075]]],[[[-81.47734393099995,31.100252371000067],[-81.49840106699997,31.116981730000077],[-81.50902881599995,31.09108946500004],[-81.44218766799997,31.038553445000048],[-81.44036424499996,31.077814318000037],[-81.47734393099995,31.100252371000067]]],[[[-81.42502915399996,31.015012944000034],[-81.40314041799996,31.06951925900006],[-81.40802323099996,31.12029479800003],[-81.43513047799996,31.100124582000035],[-81.42502915399996,31.015012944000034]]],[[[-81.50087299199998,31.12797759700004],[-81.51652088599997,31.14874099700006],[-81.52308216699998,31.141063919000032],[-81.50087299199998,31.12797759700004]]],[[[-81.42427384999996,31.16391587100003],[-81.41765916399999,31.174326182000073],[-81.42408311499997,31.173959970000055],[-81.42427384999996,31.16391587100003]]],[[[-81.43875444599996,31.162292716000024],[-81.44015825599996,31.20022035200003],[-81.45764483199997,31.180824519000055],[-81.43875444599996,31.162292716000024]]],[[[-81.29346784399996,31.20583177800006],[-81.29172071199997,31.21265627400004],[-81.29767164199995,31.209549201000073],[-81.29346784399996,31.20583177800006]]],[[[-81.29208692699996,31.296684537000033],[-81.30351576399994,31.313755310000033],[-81.30480513199996,31.303272519000075],[-81.29208692699996,31.296684537000033]]],[[[-81.40545213499996,31.33306340200005],[-81.41501176999998,31.33776501600005],[-81.41455400499996,31.33365086500004],[-81.40545213499996,31.33306340200005]]],[[[-81.36010300099997,31.32327488800007],[-81.35621200899999,31.33006695800003],[-81.37391220899997,31.32941273600005],[-81.36010300099997,31.32327488800007]]],[[[-81.32479415199998,31.320925033000037],[-81.32146773499994,31.326355257000046],[-81.33018050599998,31.319635665000078],[-81.32479415199998,31.320925033000037]]],[[[-81.44575823999998,31.354633611000054],[-81.47729053699999,31.359634679000067],[-81.44866503899993,31.34280613900006],[-81.44575823999998,31.354633611000054]]],[[[-81.46508521399994,31.560411808000026],[-81.43340252999997,31.590631630000075],[-81.42091855099994,31.64941764200006],[-81.45331101799997,31.69005377700006],[-81.48431679999999,31.709764566000047],[-81.68876937499994,31.747080563000054],[-81.81771047599995,31.799934938000035],[-81.83355800099997,31.898891225000057],[-81.88229241799996,31.947469154000032],[-81.99859375199998,32.006517141000074],[-82.03301185899994,32.06935267100005],[-82.06598583199997,32.10301979600007],[-82.08536142899999,32.10329255200003],[-82.18508724199995,31.97947418900003],[-82.22879945899996,31.89461514000004],[-82.34896606099994,31.77866735400005],[-82.56264766799995,31.516129031000048],[-82.94967138999993,31.47410782000003],[-83.04642097099997,31.39905648200005],[-83.30122615299996,31.284571695000068],[-83.46878766299994,31.173157588000038],[-83.73109440299999,30.943493584000066],[-83.80125759199996,30.78825724400008],[-83.87121097599999,30.720465543000046],[-84.00187254299999,30.673189956000044],[-84.07404237299994,30.519402854000077],[-84.19778679099994,30.337620978000075],[-84.34870797599996,30.240196181000044],[-84.45543506299998,30.191735550000033],[-84.63170564799998,30.143852028000026],[-84.64704388399997,30.09402328300007],[-84.62491642699996,29.861277949000055],[-84.52851511399996,29.913186882000048],[-84.49124931699998,29.910726125000053],[-84.45383858099996,29.930003982000073],[-84.36210271399995,29.906083919000025],[-84.42792914699999,29.909047937000025],[-84.41788886099994,29.90130410000006],[-84.34626408499997,29.89697632700006],[-84.33994191099998,29.944632538000064],[-84.44454597499998,29.964382039000043],[-84.43569587499996,29.984104030000026],[-84.45000099599997,29.99869334300007],[-84.34183903699994,29.971160763000057],[-84.38785955999998,30.00900447400005],[-84.38744757299997,30.03326786100007],[-84.36733648399996,30.017316701000027],[-84.36435339099995,30.057607542000028],[-84.34333440299997,30.075525181000046],[-84.27891940599994,30.06289471900004],[-84.27167148199999,30.104104901000028],[-84.24635714299995,30.109199432000025],[-84.23521822299995,30.08817090900004],[-84.20680635099995,30.121641071000056],[-84.18774811799994,30.096044447000054],[-84.17667786299995,30.102012543000058],[-84.17345062599998,30.07409849000004],[-84.11967100999999,30.097513107000054],[-84.10911192499998,30.089744476000078],[-84.07252010399998,30.17496659300008],[-84.00806628199996,30.26867507700007],[-83.79194120799997,30.284552027000075],[-83.69725595599994,30.315897979000056],[-83.55823724699997,30.401949599000034],[-83.43422092699996,30.519598305000045],[-83.31974675699996,30.60245465500003],[-83.11725741699996,30.61079094300004],[-82.46298090299996,30.54855014800006],[-82.25625797299995,30.47550808300008],[-82.19610977199994,30.378428822000046],[-82.10192738299997,30.366691458000048],[-81.95774888899996,30.470188720000067],[-81.86616288799996,30.61696733100007],[-81.79933581299997,30.69344512300006],[-81.65545758999997,30.715096221000067],[-81.52741052899995,30.65901082000005],[-81.48907792599994,30.678325776000065],[-81.53677691499996,30.683057907000034],[-81.58509388599998,30.70332921100004],[-81.57349720299999,30.71770871600006],[-81.61145345199998,30.724115502000075],[-81.56887378999994,30.72585882000004],[-81.57939472599998,30.73239530400008],[-81.54667224399998,30.71825612600003],[-81.52725542999997,30.733539714000074],[-81.53972949299998,30.74970449800003],[-81.52650011999998,30.74587263400008],[-81.53055895899996,30.727184429000033],[-81.50128496299999,30.728620663000072],[-81.49438799099994,30.78520789600003],[-81.52588214199994,30.809396895000077],[-81.50960863799997,30.826090015000034],[-81.55452289699997,30.84542290400003],[-81.56528034899998,30.870241330000056],[-81.57941761899997,30.853971642000033],[-81.58671132399996,30.863205118000053],[-81.56409779299997,30.876623319000032],[-81.56026783299995,30.852354210000044],[-81.49015367799996,30.84136597500003],[-81.51762713699998,30.882866075000038],[-81.45114457699998,30.960554311000067],[-81.47227037599998,30.971811485000046],[-81.49280871199994,30.95701426900007],[-81.53994312499998,30.97591991300004],[-81.57374135299995,30.96493739600004],[-81.64528220799997,30.992788505000078],[-81.59102956799995,30.982977103000053],[-81.52788867899994,30.993578151000065],[-81.49776019199999,30.978100013000073],[-81.45820939999999,31.009994706000043],[-81.48271502199998,31.012159547000067],[-81.53718128899999,31.070450040000026],[-81.47256029799996,31.041715830000044],[-81.51401843999997,31.081106401000056],[-81.51073017199997,31.114864572000045],[-81.54714528299996,31.140466918000072],[-81.53577748399994,31.177768944000036],[-81.55775014699998,31.20545793100007],[-81.61762565399994,31.207586529000025],[-81.56062643099995,31.22421861500004],[-81.52334156799998,31.185367822000046],[-81.51900806899994,31.159279102000028],[-81.45676744899998,31.114584195000077],[-81.43815172299998,31.137619249000068],[-81.46019304999999,31.18771004900003],[-81.43284166299998,31.219297658000073],[-81.41655290199998,31.203996906000043],[-81.41398942199999,31.14321541100003],[-81.37660537799997,31.141308064000043],[-81.37129531999994,31.166349651000075],[-81.31096204999994,31.213405860000023],[-81.33404860699994,31.261703754000052],[-81.32319960599995,31.26839091900007],[-81.31287702999998,31.224396007000053],[-81.29263624099997,31.21997667900007],[-81.28228314999996,31.254068636000056],[-81.26224072599996,31.26517322400008],[-81.28677686599997,31.269207265000034],[-81.27778180899998,31.289615901000047],[-81.38063370699996,31.31489971700006],[-81.39545762299997,31.296850473000063],[-81.38699661999993,31.26430728300005],[-81.41421830999997,31.296205787000076],[-81.37779557299996,31.323076523000054],[-81.38563096299998,31.333235064000064],[-81.44929827999994,31.33779171900005],[-81.48420276899998,31.36246709200003],[-81.46630420499997,31.373636529000066],[-81.43688524999999,31.34264020100005],[-81.29149946499996,31.324529925000036],[-81.28583082499995,31.364620495000054],[-81.34244858099999,31.45312339800006],[-81.32297836199996,31.434574429000065],[-81.31210646999995,31.441257780000058],[-81.27364667799998,31.38315039200006],[-81.19729167999998,31.489219984000044],[-81.41326725699997,31.505083065000065],[-81.46508521399994,31.560411808000026]]],[[[-80.88176273799996,31.95503850600005],[-80.86425267899995,31.96611525900005],[-80.92232868999997,31.984739653000076],[-80.88176273799996,31.95503850600005]]],[[[-80.93038488399998,31.975098094000032],[-80.93385952099999,31.988432809000074],[-81.01111876099998,32.013137965000055],[-80.99846962099997,31.995483840000077],[-80.93038488399998,31.975098094000032]]],[[[-95.20287597899994,32.67942654700005],[-94.96278943399994,32.91850132800005],[-94.91785383599995,33.07088926500006],[-95.01106781799996,33.10769339400008],[-95.16006208799996,33.06587318700008],[-95.29186969799997,33.06238276100004],[-95.48067488399994,32.99991636100003],[-95.53702730599997,32.93179398500007],[-95.54739369799995,32.841574044000026],[-95.62038464999995,32.74225306500006],[-95.73228554799994,32.629702415000054],[-95.86841184199994,32.582176109000045],[-95.92583689899999,32.51865222600003],[-95.93691642699997,32.469078823000075],[-95.91588131599997,32.37350498500007],[-95.87951853699997,32.29894765100005],[-95.80468247699997,32.270053318000066],[-95.68146018999994,32.27656637800004],[-95.59969802699999,32.32120558200006],[-95.48363462099996,32.42513568800007],[-95.54983882499994,32.52866044500007],[-95.52867656199999,32.646194036000054],[-95.36271859899995,32.673679691000075],[-95.29016354999999,32.660312857000065],[-95.20287597899994,32.67942654700005]]],[[[-96.91813063999996,34.075713894000046],[-96.81411454999994,34.185228994000056],[-96.87255733399996,34.23806082500005],[-96.95214800999997,34.23743598200008],[-97.00226175999995,34.19559274200003],[-97.01861862299995,34.09498293300004],[-96.94695624699995,34.047579658000075],[-96.91813063999996,34.075713894000046]]],[[[-94.18846603699996,33.80605322700006],[-94.14708860999997,33.84588223900005],[-94.19054225799994,33.94062966900003],[-94.29492736799995,34.061502450000035],[-94.41434398899997,34.24294560800007],[-94.53373641699994,34.30214446000008],[-94.82348854499998,34.22874999700008],[-94.85297178499997,34.08564523200005],[-94.79737816899996,33.95866069400006],[-94.45589252199994,33.814241579000054],[-94.29540880699994,33.780095939000034],[-94.18846603699996,33.80605322700006]]],[[[-87.61583083199997,34.60117992200003],[-87.41589150399994,34.65679037000007],[-87.32846966799997,34.72794848600006],[-87.32608974399994,34.752398355000025],[-87.36695992499995,34.79118820200006],[-87.53398388399995,34.80083808300003],[-87.65359156699998,34.77795568300007],[-87.81730152599994,34.77868071600005],[-87.94667783299997,34.71645380700005],[-87.96037325499998,34.67834149400005],[-87.94588505799999,34.620066731000065],[-87.91555967199997,34.61051941100004],[-87.61583083199997,34.60117992200003]]],[[[-77.87925949499999,34.06484895300002],[-77.88082352299995,34.06851487800003],[-77.88811722499997,34.06546311900007],[-77.87925949499999,34.06484895300002]]],[[[-77.86733475099999,34.11554629200003],[-77.86333694799998,34.11956698300003],[-77.87052384099997,34.12060839600008],[-77.86733475099999,34.11554629200003]]],[[[-77.84801711899996,34.13155657900006],[-77.82193221399996,34.171076853000045],[-77.85770645399998,34.14264590600004],[-77.87393417799996,34.077025469000034],[-77.84801711899996,34.13155657900006]]],[[[-77.82931746999998,34.18485172800007],[-77.83653487899994,34.18498524200004],[-77.83106459999993,34.18215855100004],[-77.82931746999998,34.18485172800007]]],[[[-77.82084883999994,34.18969257900005],[-77.82061232899997,34.19832524200007],[-77.82738723299997,34.19436177000006],[-77.82084883999994,34.18969257900005]]],[[[-77.81938399599994,34.20239552400005],[-77.81922377899997,34.20830067700007],[-77.82430495699998,34.20521458600007],[-77.81938399599994,34.20239552400005]]],[[[-77.80920637899999,34.18902119300003],[-77.78856123299994,34.21181020100005],[-77.80780257199996,34.199446763000026],[-77.80920637899999,34.18902119300003]]],[[[-77.77220380799997,34.23968038400005],[-77.80259169499999,34.226622672000076],[-77.80807723099997,34.20945271700003],[-77.77220380799997,34.23968038400005]]],[[[-77.77368391099998,34.246070005000036],[-77.77235639599996,34.253771880000045],[-77.78025282199997,34.24983129700007],[-77.77368391099998,34.246070005000036]]],[[[-77.76063001399996,34.255366425000034],[-77.75995099799997,34.259898286000066],[-77.76503980499996,34.256812196000055],[-77.76063001399996,34.255366425000034]]],[[[-77.72635113499996,34.28697119900005],[-77.74701154099995,34.28419409800006],[-77.75427472699994,34.26388083100005],[-77.72635113499996,34.28697119900005]]],[[[-77.72608410699996,34.296057810000036],[-77.71807324099996,34.30362998600003],[-77.72690045299998,34.30607520800004],[-77.72608410699996,34.296057810000036]]],[[[-77.71782146999999,34.312258833000044],[-77.72103344599998,34.31641304000004],[-77.72448193399998,34.312842482000065],[-77.71782146999999,34.312258833000044]]],[[[-99.69146027799997,35.11613570800006],[-99.77661089099996,35.37270597100007],[-99.81537469599999,35.41692745700004],[-100.01310356599998,35.50933622400004],[-100.06219245699998,35.555802139000036],[-100.17818305199995,35.60525472200004],[-100.29399583599997,35.686395882000056],[-100.42576673999997,35.603360004000024],[-100.40209386399994,35.41001089900004],[-100.67656018099996,35.18368601800006],[-100.86296547299997,34.990892676000044],[-100.90835182199999,34.84949322500006],[-100.86690303299997,34.61560098700005],[-100.88149986599996,34.33593959700005],[-100.69632273099995,34.25507086500005],[-100.64156952599996,34.157308353000076],[-100.58144645299996,34.131707591000065],[-100.41025035199999,34.12634953400004],[-100.23172286999994,34.16498606600004],[-100.12681031799997,34.21273879900008],[-100.05209497899995,34.27932569500007],[-100.13573123199996,34.380300583000064],[-100.35150040999997,34.472355382000046],[-100.33952907499997,34.608678515000065],[-100.30251604499995,34.73791119200007],[-100.04132055599996,34.910437398000056],[-99.90712237599996,34.935055257000045],[-99.81514435499997,34.94611020700006],[-99.76395248199998,34.78110494300006],[-99.57670579099994,34.78760198600003],[-99.44072829799995,34.85112102200003],[-99.59222251799997,34.89662628800005],[-99.69146027799997,35.11613570800006]],[[-100.74823645299995,34.731273729000065],[-100.79631757799996,34.86956305100006],[-100.67238273899994,35.032675733000076],[-100.19283050999996,35.042907970000044],[-100.16035195799998,34.99199746700003],[-100.22756079199996,34.89644749900003],[-100.33333304899998,34.81148450500007],[-100.46993319399996,34.78230930400008],[-100.71367408799995,34.69059447200004],[-100.74823645299995,34.731273729000065]]],[[[-77.69096599499994,34.31718361000003],[-77.68123088299996,34.326079486000026],[-77.70514141499996,34.32701027200005],[-77.71015392599998,34.308016889000044],[-77.69096599499994,34.31718361000003]]],[[[-77.69106517699998,34.33263695200003],[-77.67959056499996,34.34377587100005],[-77.68956981499997,34.34533608300006],[-77.69106517699998,34.33263695200003]]],[[[-77.66304240299996,34.33889687200008],[-77.66118845799997,34.34476769200006],[-77.66853556899997,34.34128105800005],[-77.66304240299996,34.33889687200008]]],[[[-77.67222056699995,34.348174218000054],[-77.67151866299997,34.353156213000034],[-77.67880473699995,34.35148537600003],[-77.67222056699995,34.348174218000054]]],[[[-77.66482768299994,34.353476648000026],[-77.65400919799998,34.361441737000064],[-77.66232524199995,34.36251748300003],[-77.66482768299994,34.353476648000026]]],[[[-77.64162668699998,34.36573708900005],[-77.63591226899996,34.370619902000044],[-77.64192423399999,34.374377380000055],[-77.64162668699998,34.36573708900005]]],[[[-77.62339242899998,34.37945474400004],[-77.60446389599997,34.397246497000026],[-77.62920602999998,34.38957132300004],[-77.62339242899998,34.37945474400004]]],[[[-77.49251775999994,34.46533504700005],[-77.49125890899995,34.469855464000034],[-77.49685888599998,34.46906582200006],[-77.49251775999994,34.46533504700005]]],[[[-77.43609837099996,34.48546902500004],[-77.34080720599997,34.53195875400007],[-77.53211432699999,34.44754710900003],[-77.65030893999995,34.35500252800006],[-77.43609837099996,34.48546902500004]]],[[[-77.35463930199995,34.535453018000055],[-77.35334993499998,34.54042356900004],[-77.35840059599997,34.539630111000065],[-77.35463930199995,34.535453018000055]]],[[[-77.34935213199998,34.543059526000036],[-77.35199953199998,34.54720991700003],[-77.35544039099995,34.54456251600004],[-77.34935213199998,34.543059526000036]]],[[[-77.33268952899994,34.54086225900005],[-77.33920503199994,34.54601210200008],[-77.33992219699996,34.54148405600006],[-77.33268952899994,34.54086225900005]]],[[[-77.34792543499998,34.55211561800007],[-77.34944368499998,34.55669707100003],[-77.35293031899994,34.552684009000075],[-77.34792543499998,34.55211561800007]]],[[[-77.33140778999996,34.529471572000034],[-77.29565643499996,34.54637450000007],[-77.24327299999999,34.59104461700008],[-77.33140778999996,34.529471572000034]]],[[[-77.23472807499996,34.59584350800003],[-77.23237822099998,34.59896774400005],[-77.23742125299998,34.59863205100004],[-77.23472807499996,34.59584350800003]]],[[[-77.19222470499994,34.61255188500007],[-77.18133755899999,34.620017251000036],[-77.22438261399998,34.60377807900005],[-77.19222470499994,34.61255188500007]]],[[[-77.16493435399997,34.62552567400007],[-77.12678737199997,34.64458772200004],[-77.15952511199998,34.63584824900005],[-77.16493435399997,34.62552567400007]]],[[[-77.17292233199998,34.636172497000075],[-77.16019649999998,34.648131576000026],[-77.17820950699996,34.64448091000003],[-77.17292233199998,34.636172497000075]]],[[[-77.11403102099996,34.65699693600004],[-77.11501521199995,34.660659045000045],[-77.11851710599996,34.65665361200007],[-77.11403102099996,34.65699693600004]]],[[[-77.12599391599997,34.66592714400008],[-77.13092250499994,34.668776723000065],[-77.13160152099994,34.665610524000044],[-77.12599391599997,34.66592714400008]]],[[[-77.09327143099995,34.644213885000056],[-77.08837212399999,34.661983371000076],[-77.10555475999996,34.64451905900006],[-77.09327143099995,34.644213885000056]]],[[[-77.09605616299996,34.67427752000003],[-77.09165528599993,34.70888483900006],[-77.09105127699996,34.688235500000076],[-77.10850733799998,34.685034968000025],[-77.09605616299996,34.67427752000003]]],[[[-85.89416633399998,35.84441825500005],[-85.80710537099998,35.91943369100005],[-85.81354467399996,35.95569486100004],[-85.86532680299996,36.00034892100007],[-85.95395459799994,36.02181958500006],[-86.04847538899998,35.95511053300004],[-86.07263694699998,35.83221322700007],[-86.05654420299999,35.80389609700006],[-86.00676557299994,35.793353969000066],[-85.89416633399998,35.84441825500005]]],[[[-84.54243778299997,35.89174380400004],[-84.49072615199998,35.91906374600006],[-84.48790675599997,36.02188637200004],[-84.51119753599994,36.063185082000075],[-84.64555151599995,36.066329256000074],[-84.69624208199997,36.04283800800005],[-84.71480087199996,36.012767189000044],[-84.68524859599995,35.91894664000006],[-84.60953361699995,35.87990531300005],[-84.54243778299997,35.89174380400004]]],[[[-90.06631581199997,36.62884164700006],[-90.06504535399995,36.769486217000065],[-90.38398519899994,36.836403576000066],[-91.24189330499996,36.55058668400005],[-91.68092841099997,36.459619333000035],[-91.77353348099996,36.18117428200003],[-91.88380823599994,36.112193269000045],[-91.83702728799994,35.70478709500003],[-91.61960958899994,35.67924147800005],[-91.64632772599998,35.54013045500005],[-91.74583329999996,35.438055560000066],[-92.27775975499998,35.31568086900006],[-92.39212592299998,35.311937759000045],[-92.85238210999995,35.405036092000046],[-93.03663080899997,35.48488141400003],[-93.23906074599995,35.514599718000056],[-93.37885727899999,35.499507031000064],[-93.61329120999994,35.57894031300003],[-93.72788147799997,35.53982098300003],[-93.79229987199994,35.395894002000034],[-93.79803711999995,35.25149388700004],[-93.75085994599999,35.10988454200003],[-93.62939128799997,34.988126280000074],[-93.65425469299998,34.917577839000046],[-93.65702594199996,34.826549887000056],[-93.61978738099998,34.70986113500004],[-93.40887409399994,34.30576385300003],[-93.28852020999994,34.22477103600005],[-93.18560376899995,34.105831290000026],[-93.13304315899995,33.965085345000034],[-92.84264428099999,33.745208810000065],[-92.72868365199997,33.63993684900004],[-92.68078920899995,33.53130604900008],[-92.53421139399995,33.341676654000025],[-92.47733695999995,33.23374131400004],[-92.45617525099999,33.123673557000075],[-92.42833465899997,33.06685853600004],[-92.38643339799995,33.01231978800007],[-92.26528337499997,32.92597678800007],[-92.07953980299999,32.86905611900005],[-91.74718930999995,33.06387110400004],[-91.46011351099997,33.05100311600006],[-90.53259986799998,32.919226157000026],[-90.17302767099994,33.157895332000066],[-89.79063121499996,33.330106632000025],[-89.60845073999997,33.50043811000006],[-89.51122934699998,33.64924848800007],[-89.39426972299998,33.75943627000004],[-89.37034295999996,33.83725970300003],[-89.41455528299997,33.92841717700003],[-89.52737002899994,34.074133053000025],[-89.62536718399997,34.16217798800005],[-89.76176386599997,34.23859478500003],[-89.88006349499994,34.25340379200003],[-90.13740705599997,34.33779223800008],[-90.32060522699999,34.33268143300006],[-90.60194402799999,34.417224316000045],[-90.73366912899996,34.52991630300005],[-90.70249212499994,34.79840047300007],[-90.78948254199997,34.83940462700008],[-91.15782337699994,34.83048754400005],[-91.14531617199998,34.973123514000065],[-91.31865268399997,34.88424385500008],[-91.38804270699995,34.831196342000055],[-91.51351811399996,34.81246413200006],[-91.53536114099995,34.908383585000024],[-91.48967522399994,35.08406572000007],[-91.21881286999997,35.256061498000065],[-91.21224663399994,35.387492859000076],[-91.10761234699999,35.531936416000065],[-90.97364169999997,35.768378418000054],[-90.64933744399997,35.728004508000026],[-90.27155868699998,35.807178890000046],[-89.74000528799996,35.75893440900006],[-89.70538804799997,36.01291701500003],[-89.60685015299998,36.308110002000035],[-89.62023900399998,36.382756132000054],[-89.90305303699995,36.42369110200008],[-89.96992359799998,36.50163209900006],[-90.06723095599995,36.527197615000034],[-90.06631581199997,36.62884164700006]],[[-90.85455117899994,35.946697484000026],[-91.11445996199996,36.098423095000044],[-91.23104122599995,36.22732937100005],[-91.25284803499994,36.37720438800005],[-91.13040469799995,36.49645284200005],[-90.90769744399995,36.54514543200003],[-90.32950466499994,36.58543951200005],[-90.12302138899997,36.38723163800006],[-90.11848787499997,36.157484397000076],[-90.17122560899998,36.04100725400008],[-90.44214173499995,35.91156519200007],[-90.85455117899994,35.946697484000026]],[[-91.70055621599994,35.29301047800004],[-91.57563049799995,35.24377442300005],[-91.54583933199996,35.15034181500005],[-91.64129159699996,34.902689836000036],[-91.59384377199996,34.782920432000026],[-91.60771603199998,34.57212848900008],[-91.87159077499996,34.75617641400004],[-91.94209413899995,34.78137237800007],[-92.07110239399998,34.92100473700003],[-92.11028567399995,34.997635838000065],[-92.33874758999997,34.99340721000004],[-92.50107174099998,34.78804522000007],[-92.63733387199994,34.755765644000064],[-92.99195057199995,34.72040120100007],[-93.09383951599995,34.723710209000046],[-92.97645805199994,34.57002910800003],[-93.05121781499997,34.521957231000044],[-93.25455463699996,34.52067226100007],[-93.33223690199998,34.60369088400006],[-93.39981200799997,34.594174019000036],[-93.42786949699996,34.656109112000024],[-93.49188307099996,34.88110282500003],[-93.53073214899996,35.26275758100007],[-93.46505305599999,35.385519516000045],[-93.30489285199997,35.477584258000036],[-93.01059674199996,35.43283031800007],[-92.85750702699994,35.37568330100004],[-92.17441776699997,35.24339461400007],[-91.70055621599994,35.29301047800004]],[[-91.53298474399998,34.00217965300004],[-91.34001813699996,34.18323336100008],[-91.24824326899994,34.23040841100004],[-91.08808456499997,34.38014657600007],[-90.98810486099995,34.39957888400005],[-90.93090758699998,34.39293758700006],[-90.84909076699995,34.33800594600007],[-90.76754314799996,34.25614789800005],[-90.69724896899999,34.139171453000074],[-90.58048650099994,34.06975422800008],[-90.29975312299996,33.992240492000064],[-90.06505678199994,33.96916780300006],[-89.99771651399999,33.92417523700004],[-90.04220074999995,33.421623655000076],[-90.15752322899993,33.35870095800004],[-90.29682255499995,33.25031640100008],[-90.81069863299996,33.01126592000003],[-91.10880062199999,33.01256217200006],[-91.46021572799998,33.12271848200004],[-91.74190323399995,33.12225152800005],[-91.79528521299994,33.070394899000064],[-92.02055767999997,33.09033421300006],[-92.18812901499996,33.13756073600007],[-92.33476953899998,33.20876783700004],[-92.45495724899996,33.42834094800003],[-92.58991128499997,33.80156214900006],[-92.55388540699994,33.80038144100007],[-92.49400702699995,33.86570958200008],[-92.24382480499997,34.00483015100008],[-92.14550231899995,33.98908970300005],[-91.96822376699998,33.87983714400008],[-91.75593005999997,33.85762431300003],[-91.53298474399998,34.00217965300004]]],[[[-77.08482573299995,35.54881613200007],[-77.24118511399996,35.43312576300008],[-77.26893676099996,35.225533763000044],[-77.38172794699994,35.05630858100005],[-77.48462885499998,35.00164886700003],[-77.73080575699998,34.817955564000044],[-77.84404545299998,34.67495418300007],[-78.01693187599994,34.380902081000045],[-78.03627182099996,34.29723564000005],[-77.89346883799999,34.07401807000008],[-77.86551132799997,34.16188342800007],[-77.84964981199994,34.17295749900006],[-77.86410751999995,34.192771040000025],[-77.83728256099994,34.19818409800007],[-77.83513870299998,34.21541508900003],[-77.76339185699999,34.27541647800007],[-77.74711835399995,34.29964744100005],[-77.75818860799995,34.30168067400007],[-77.68428264399995,34.35477746000004],[-77.68306194299998,34.376567016000024],[-77.60232003599998,34.41265406100007],[-77.60949929999998,34.43279948300005],[-77.56101448399994,34.432704116000025],[-77.47076635099995,34.49985806500007],[-77.37574984299994,34.52184217300004],[-77.37298037199997,34.53768843000006],[-77.38527896099998,34.537055190000046],[-77.36181093699997,34.55424803400007],[-77.41720035899993,34.56730193000004],[-77.44369725599995,34.61014480500006],[-77.45336370199993,34.604907223000055],[-77.43271092499998,34.62126464900007],[-77.40115573999998,34.612841795000065],[-77.37266757299994,34.64537735700003],[-77.41335514899998,34.69899293800006],[-77.43938665099995,34.68957063400006],[-77.43522100199993,34.747634154000025],[-77.41763524099997,34.72135088400006],[-77.36861636699996,34.73161623800007],[-77.39887455499996,34.71366426700007],[-77.35557009599995,34.68770524800004],[-77.37824466299998,34.67867204200007],[-77.32137513799995,34.641940317000035],[-77.40602329299998,34.58432311300004],[-77.37112643199998,34.592177578000076],[-77.36059786199996,34.573310080000056],[-77.31102204099994,34.55400008100003],[-77.20653745799996,34.63379975400005],[-77.21821806399998,34.650889601000074],[-77.20248624799996,34.63779374400008],[-77.16371365299995,34.65866777200006],[-77.16726895299996,34.683749411000065],[-77.19017240299996,34.69974443900003],[-77.14759273999994,34.67145464300006],[-77.11670131099999,34.690234401000055],[-77.11248225499997,34.713301880000074],[-77.14759274299996,34.76232837900005],[-77.12629146499995,34.76317143000006],[-77.09497278999999,34.71786807400008],[-77.11131258999995,34.854276165000044],[-77.05120174599995,34.92869071000007],[-76.96440044699995,34.993866222000065],[-77.03422754999997,35.090247462000036],[-77.06256312999994,35.069609945000025],[-77.13112088899999,35.06907969900004],[-77.12323209399995,35.085189168000056],[-77.07645626099998,35.073588673000074],[-77.03426569799996,35.103873563000036],[-77.05323237999994,35.13705380600004],[-77.08064480299998,35.14091428000006],[-77.09494229399996,35.16443570900003],[-77.03136652799998,35.13514264400004],[-76.97920433799999,35.05977565500007],[-76.98150841699999,35.07255107800006],[-76.95289054699998,35.057277028000044],[-76.93808188999998,35.076422999000044],[-76.94356742599996,35.051585498000065],[-76.92032065299998,35.056880301000035],[-76.92030539399997,35.02917033400007],[-76.83680881699996,35.05035297500007],[-76.79519214699997,35.12000246700006],[-76.77166266199998,35.19074694200003],[-76.79456383699994,35.342912073000036],[-76.96376294999999,35.43333921800007],[-76.96166437199997,35.40359439500003],[-77.00322862999997,35.454630431000055],[-76.99724335199994,35.47455525700008],[-77.07149717399994,35.51307241400008],[-77.02176876399994,35.49821035000008],[-77.08482573299995,35.54881613200007]]],[[[-84.06517718699996,36.57231613400006],[-83.87669453099994,36.585830878000024],[-83.82795051099998,36.649630193000064],[-83.85739050299998,36.75395518700003],[-84.03306745199995,36.86546289300003],[-84.17598697899996,36.879637340000045],[-84.42649845199998,36.852603128000055],[-84.49195760499998,36.81341353900007],[-84.49887140299995,36.73591920600006],[-84.38518559399995,36.64962069500007],[-84.24432171799998,36.57477138400003],[-84.06517718699996,36.57231613400006]]],[[[-101.52460421299998,37.404925726000045],[-101.46533367599994,37.420652560000065],[-101.40899974399997,37.48451092400006],[-101.43189999399999,37.53528229900007],[-101.52588953199995,37.578603592000036],[-101.61413705199999,37.591067157000055],[-101.73554532099996,37.57994948700008],[-101.82419936399998,37.53014411800007],[-101.81731701199999,37.44246061700005],[-101.68951419899997,37.38989926100004],[-101.52460421299998,37.404925726000045]]],[[[-81.85842581099996,37.30455492400006],[-81.77133159299996,37.436118271000055],[-81.79729900399997,37.51769366000008],[-81.84694077399996,37.54494362100007],[-82.52504887499998,37.38181070600007],[-82.74434774999997,37.39490749400005],[-83.44344750899995,37.32180213500004],[-83.53625016999996,37.147358515000064],[-83.53192485999995,37.08965654800005],[-83.54641592399997,37.05708976600005],[-83.48071567299996,36.926264133000075],[-83.21835169199994,36.86131809400007],[-82.99872559099998,36.86145266500006],[-82.74023249899994,36.91382860700003],[-82.53504366599998,37.01031982300003],[-82.28796768599994,36.96853863000007],[-82.13333874599994,37.02523959600006],[-81.88627481299994,37.251132994000045],[-81.85842581099996,37.30455492400006]],[[-83.39923839499994,37.08934562200005],[-83.35124396599997,37.18958444300006],[-83.25182495399997,37.307592046000025],[-83.09511702599997,37.34126603000004],[-82.49218509099995,37.37408662400003],[-82.23328188599999,37.29721066900004],[-82.20852725199995,37.23100560200004],[-82.23987497299998,37.17757401600005],[-82.66097305299996,37.02469318200008],[-82.88358175199994,36.96577897800006],[-83.17296063999999,36.94701612700004],[-83.41088146699997,36.98055069900005],[-83.39923839499994,37.08934562200005]]],[[[-97.92667569799994,38.67485361700005],[-97.98835771899996,38.68887418500003],[-98.31200166599996,38.63407798500003],[-98.56447469599999,38.62565549900006],[-98.88760682199995,38.55062465100008],[-99.02708259199994,38.494141644000024],[-99.08383205999996,38.41179155800006],[-99.04829628599998,38.33001546100007],[-97.89694646599997,38.07219781900005],[-97.64732908399998,38.067706273000056],[-97.37726145199997,38.110101179000026],[-97.24779595299998,38.107812583000054],[-97.07182837199997,38.15091423400003],[-96.95080215399997,38.227841107000074],[-96.98597278399996,38.34061335900003],[-97.28036838699995,38.42903194100006],[-97.35563811599997,38.51041397800003],[-97.42764516999995,38.556729164000046],[-97.54520197599999,38.610355635000076],[-97.92667569799994,38.67485361700005]]],[[[-76.91665865399995,37.237872896000056],[-76.88427949599998,37.25441342800008],[-76.88368731099996,37.276284503000056],[-76.95706343999996,37.24963818700007],[-76.91665865399995,37.237872896000056]]],[[[-76.38868150299999,37.22319014200008],[-76.38421830599998,37.23305495100004],[-76.41024217999995,37.233264759000065],[-76.38868150299999,37.22319014200008]]],[[[-76.61799065999998,37.30460723500005],[-76.65563410499993,37.349487156000066],[-76.67717998699999,37.35290645200007],[-76.87108196799994,37.28103156100008],[-76.87011933499997,37.24594098400007],[-76.80097411099996,37.23852521300006],[-76.75356503599994,37.191200071000026],[-76.73636837599997,37.20305233900007],[-76.74708767799996,37.21010190000004],[-76.69497126899995,37.22795468800007],[-76.63483636199999,37.21293622300004],[-76.60442558299997,37.16232281300006],[-76.62712303699999,37.12794093800005],[-76.56156362599995,37.07692698100004],[-76.55104268899998,37.08029917600004],[-76.56995596599995,37.112960620000024],[-76.54213918399995,37.08643321000005],[-76.52015889099994,37.087703505000036],[-76.52133381599998,37.05825403700004],[-76.46657000399995,37.028766423000036],[-76.44734392099997,36.99108483600003],[-76.41134638199998,36.96956648500003],[-76.30156140799994,37.02994898600008],[-76.31172376399996,37.007991583000035],[-76.29905896399998,37.007655889000034],[-76.27095227299998,37.097633174000066],[-76.28457837499997,37.102989009000055],[-76.30157666999997,37.08348064100005],[-76.32413679599995,37.09586696700006],[-76.35501296299998,37.048137463000046],[-76.35805709399995,37.07180385000004],[-76.33845717299994,37.08490352300004],[-76.35093123999997,37.10382442500003],[-76.37919052599995,37.10456066100005],[-76.37752731899997,37.116763880000065],[-76.28548627399994,37.12206249900004],[-76.32474715199999,37.13580304100003],[-76.35093124299993,37.172317330000055],[-76.37642868499995,37.14304333600006],[-76.38128861299998,37.16494351700004],[-76.39514359799995,37.16529828300003],[-76.44683276099994,37.14484005600008],[-76.40693101699998,37.17376309800005],[-76.44169817899996,37.18553525500005],[-76.39945420799995,37.186729257000025],[-76.39949998599997,37.213485551000076],[-76.40107164099999,37.20355207600005],[-76.43672381399995,37.20808775000006],[-76.41620836699997,37.21482450800005],[-76.42330370399998,37.22498304800007],[-76.48183643899995,37.22191984400007],[-76.61799065999998,37.30460723500005]]],[[[-104.44681310999994,38.52322580800006],[-104.55572464399995,38.529734544000064],[-104.62733800799998,38.58951088600003],[-104.75023164999999,38.64495006900006],[-104.82798036999998,38.63186735200003],[-104.86830989999999,38.60527350000007],[-104.77118586599994,38.38163014700007],[-104.65549997699998,38.261487223000074],[-104.54429141399999,38.22781295000004],[-104.41512035599999,38.236752824000064],[-104.31272003399994,38.279285952000066],[-104.15480483299996,38.443890286000055],[-104.14569141799996,38.56887895400007],[-104.20937656199999,38.64625086500007],[-104.24287842299998,38.59416845800007],[-104.29093382599996,38.567149045000065],[-104.37234742699997,38.52660989100008],[-104.44681310999994,38.52322580800006]]],[[[-76.47657979299998,37.39413820300007],[-76.62033933499998,37.362978171000066],[-76.57477775499996,37.31400283600004],[-76.54702200999998,37.313331453000046],[-76.56346335999996,37.307380522000074],[-76.54502310699996,37.29060348100006],[-76.53541769599997,37.29944213600004],[-76.50493062199996,37.25152190000006],[-76.47488605999996,37.26483519800007],[-76.47645008499995,37.25489790900008],[-76.43579302899997,37.25886138200008],[-76.42827807399993,37.27273162400007],[-76.38858232099994,37.26718124100006],[-76.39940080699995,37.27154144000008],[-76.37972459399998,37.28509887700005],[-76.40153703999994,37.31740936800003],[-76.45192920699998,37.30281051900005],[-76.45183002399995,37.29101547100004],[-76.46957600199994,37.310054630000025],[-76.44398700499994,37.31304153700006],[-76.45054828699995,37.32228073600004],[-76.47567951999997,37.31655868900003],[-76.48466694999996,37.33764634000005],[-76.41803179699997,37.32463059200006],[-76.40399370599994,37.341964580000024],[-76.44234668799999,37.36697373900006],[-76.47902882799997,37.362449506000075],[-76.48560536699995,37.37168489000004],[-76.46537220799996,37.38478837900004],[-76.47657979299998,37.39413820300007]]],[[[-99.68052861999996,38.56075604600005],[-99.69943145499997,38.62822533000008],[-99.83412159899996,38.73751364200007],[-99.89960217399994,38.87237537200008],[-99.89915056599995,38.91113844800003],[-99.93714871399999,38.91548591900005],[-100.05489397399998,38.82372366900006],[-100.11448122699994,38.809101869000074],[-100.09891794299995,38.74602901700007],[-99.89446987299999,38.54591705900003],[-99.75387168599997,38.525472396000055],[-99.68052861999996,38.56075604600005]]],[[[-76.41671954499998,37.412132136000025],[-76.47004099999998,37.40228630200005],[-76.40618334599998,37.37285982000003],[-76.41671954499998,37.412132136000025]]],[[[-76.41505633699995,37.42433535500004],[-76.40924273899998,37.42464053100008],[-76.40797625799996,37.427329893000035],[-76.41505633699995,37.42433535500004]]],[[[-76.24292951599995,37.448863870000025],[-76.24866682399994,37.463535198000045],[-76.26216322499994,37.44665897200008],[-76.27230269399996,37.46688450200003],[-76.28124434699998,37.448074226000074],[-76.28480727699997,37.459506876000034],[-76.30961044499998,37.44927585500005],[-76.31368454299997,37.462535745000025],[-76.39924786399996,37.43086831900007],[-76.38575945199995,37.390022147000025],[-76.35973557799997,37.37483965000007],[-76.34067734699994,37.38704287000007],[-76.36730394199998,37.42900836200005],[-76.35980424699994,37.44196689100005],[-76.35693559199996,37.42737948600006],[-76.33278855099996,37.42267215000004],[-76.32354171999998,37.394760004000034],[-76.33625992399999,37.36833177600005],[-76.31978805499995,37.347038130000044],[-76.30446822599998,37.35298524500007],[-76.30766494199997,37.33266053400007],[-76.27168470599997,37.30766663400004],[-76.26622205899997,37.353332385000044],[-76.29107863499996,37.36805330400006],[-76.25286298599997,37.36749254500006],[-76.27248579599996,37.38253008400005],[-76.24270826099996,37.387630337000076],[-76.24292951599995,37.448863870000025]]],[[[-76.28459365299994,37.46448887200006],[-76.27900130599994,37.47295750200004],[-76.31025359599994,37.46670886900006],[-76.28459365299994,37.46448887200006]]],[[[-76.25510603399994,37.47549809100008],[-76.25966392799995,37.48703817300003],[-76.26633878099994,37.48435775400003],[-76.25510603399994,37.47549809100008]]],[[[-111.76265811599995,37.21843854200006],[-111.73370100099999,37.483632304000025],[-111.82159098399995,37.65310275100006],[-112.14207704499995,38.07695999300006],[-112.21717322199999,38.133677455000054],[-112.37850106499997,38.166823726000075],[-112.46016974799994,38.084355197000036],[-112.62052174799999,37.84351779700006],[-112.64557969599997,37.613718927000036],[-112.64858076899998,37.40297714800005],[-112.59352330799999,37.17441837000007],[-112.41949581099999,37.078538078000065],[-112.21674749199997,37.04386970100006],[-112.06672099699995,37.05451777800005],[-111.84467973399995,37.127199648000044],[-111.76265811599995,37.21843854200006]],[[-112.22103606899998,37.11954919800007],[-112.22107204399998,37.119587541000044],[-112.22091429699998,37.11941752300004],[-112.22103606899998,37.11954919800007]]],[[[-76.44703879999997,37.972522724000044],[-76.43899741799999,37.98320387900003],[-76.46390739799995,37.98836135000005],[-76.45437827999996,37.978599537000036],[-76.47642723599995,37.953754407000076],[-76.41572612099998,37.96536249800005],[-76.44703879999997,37.972522724000044]]],[[[-76.73549867699995,38.14624406300004],[-76.74357820899996,38.16501619100006],[-76.75461031799995,38.16753007800003],[-76.73549867699995,38.14624406300004]]],[[[-76.47825067099996,38.12328340500005],[-76.48876397999999,38.125183124000046],[-76.46153466199996,38.105464951000044],[-76.47825067099996,38.12328340500005]]],[[[-76.07937817099997,38.11568072600005],[-76.07676891799997,38.12970355700003],[-76.08371167199994,38.13386539100003],[-76.07937817099997,38.11568072600005]]],[[[-76.05690959899994,38.12811282700005],[-76.05096629899998,38.13257602400006],[-76.05851177099998,38.13583759100004],[-76.05690959899994,38.12811282700005]]],[[[-76.84849005299998,38.26677325800006],[-76.85437231599997,38.26498798000006],[-76.83803777799994,38.25629046800003],[-76.84849005299998,38.26677325800006]]],[[[-76.04711345699997,38.20913701400008],[-76.06958203099998,38.198520709000036],[-76.05558971699998,38.19518284900005],[-76.06513408999996,38.18622975200003],[-76.09256177299994,38.191082046000076],[-76.08972363599997,38.156143228000076],[-76.05251506899998,38.172935530000075],[-76.05060771799998,38.15070347000005],[-76.02939799499995,38.15770344100008],[-76.01855662199995,38.172985123000046],[-76.04711345699997,38.20913701400008]]],[[[-76.16160019199998,38.29157263500008],[-76.19446000499994,38.290569369000025],[-76.18156632099993,38.25733953400004],[-76.13982588899995,38.23241048400007],[-76.12146193199999,38.243084011000064],[-76.17098434699994,38.25904089000005],[-76.16160019199998,38.29157263500008]]],[[[-76.23811541299995,38.309154576000026],[-76.25298250499998,38.331669211000076],[-76.26188098699998,38.32616812800006],[-76.23811541299995,38.309154576000026]]],[[[-76.18989762599995,38.315902780000044],[-76.18798264799995,38.32494742700004],[-76.19449052299996,38.321842263000065],[-76.18989762599995,38.315902780000044]]],[[[-76.20953569499994,38.33333594800007],[-76.23291508799997,38.33430668900007],[-76.21065721499997,38.30297857900007],[-76.20953569499994,38.33333594800007]]],[[[-76.17680558199999,38.32664115400007],[-76.16965683699993,38.332454754000025],[-76.18074235099994,38.33575065200006],[-76.17680558199999,38.32664115400007]]],[[[-75.04239819099996,38.46220793300006],[-75.05235456099996,38.56376663800006],[-75.13363519499995,38.49588437700004],[-75.81126793499999,38.48019307900006],[-76.02590678099995,38.38756841500003],[-76.16791673099993,38.34675688500005],[-76.15043838599996,38.32454307100005],[-76.16229446899996,38.31787116300006],[-76.12733656999995,38.30524832900005],[-76.14377029099995,38.27279287700003],[-76.10754591499995,38.29732138800006],[-76.07853894799996,38.280670231000045],[-76.08671002999995,38.25175482100008],[-76.03341106199997,38.220760400000074],[-76.04059795599994,38.27206808900007],[-76.02388194999997,38.28682715600007],[-76.05517010599993,38.306236338000076],[-76.00492289999994,38.35413750400005],[-76.00503734299997,38.37725457500005],[-75.97644999199997,38.36874779800007],[-75.95915414899997,38.35357292900005],[-75.96027566799995,38.32820137300007],[-76.01569560599995,38.314830854000036],[-75.95833779799995,38.25292975100007],[-75.96623422199997,38.239429535000056],[-75.95275307699995,38.23971563900005],[-75.94259835199995,38.24865347400004],[-75.95696450899999,38.29053504500007],[-75.94903756299993,38.27683646500003],[-75.93229103799996,38.29248817100006],[-75.93657113099994,38.31158454900003],[-75.88509559099998,38.358512966000035],[-75.88830756899995,38.37260446200003],[-75.86845587799996,38.36780938600003],[-75.84614752399995,38.39380274000007],[-75.82872198499996,38.46292506900005],[-75.80739781999995,38.44450007800003],[-75.83922766199998,38.41410837700005],[-75.82318303899996,38.39666757800006],[-75.85586737499995,38.37942895700007],[-75.85273931999996,38.36170968400006],[-75.91636085599998,38.269622871000024],[-75.89457897299997,38.232160331000046],[-75.87125586199994,38.26812369600003],[-75.87038610999997,38.254516669000054],[-75.84907972399998,38.25314226100005],[-75.69246142699996,38.32388340700004],[-75.13797273199998,38.376917314000025],[-75.12959456499993,38.39478314200005],[-75.19712998799997,38.41419995200005],[-75.17858292499994,38.424732334000055],[-75.09784101399998,38.39598095800005],[-75.09200452799996,38.41264356100004],[-75.12096571799998,38.44358075900004],[-75.09201215799999,38.44936765800003],[-75.09294294699998,38.46147932300005],[-75.06047986099998,38.441944256000056],[-75.06883404799999,38.38498318500007],[-75.04239819099996,38.46220793300006]]],[[[-75.14602067899995,38.787971699000025],[-75.23552113799997,38.853912566000076],[-75.29668289699998,38.84079620800003],[-75.34841657899995,38.78225094100003],[-75.31029671099998,38.744365180000045],[-75.07576918599995,38.68758410700008],[-75.06206105399997,38.66021869800005],[-75.08104110599999,38.796379295000065],[-75.14602067899995,38.787971699000025]]],[[[-76.56205966099998,39.214935540000056],[-76.57037570399996,39.21499657500004],[-76.56398006399996,39.19880008800004],[-76.56205966099998,39.214935540000056]]],[[[-75.93142898899998,39.51414903300008],[-75.93868881199995,39.514570959000025],[-75.93579923099998,39.50703908100007],[-75.93142898899998,39.51414903300008]]],[[[-106.11848745499998,40.52908060500005],[-106.12031908499995,40.64809747100003],[-106.15021007899998,40.71569339100006],[-106.27097062599995,40.88569819300005],[-106.35741048699998,40.898341548000076],[-106.48480065699994,40.79045544600007],[-106.47852788299997,40.64500657200006],[-106.33754513399998,40.53296050000006],[-106.18349216499996,40.50687447200005],[-106.11848745499998,40.52908060500005]]],[[[-84.29198421799998,41.26812623100005],[-84.10601031599998,41.32620172700007],[-84.08177815099998,41.37599940800004],[-84.11679936499996,41.42019885900004],[-84.27054630099997,41.460357497000075],[-84.39194196899996,41.454167264000034],[-84.59181778999994,41.370604455000034],[-84.57782881499998,41.28219621400007],[-84.42370555599996,41.238587316000064],[-84.29198421799998,41.26812623100005]]],[[[-74.07270196499996,40.63071121100006],[-74.08513025399998,40.64536727900003],[-74.18768460699994,40.636036525000065],[-74.20408780699995,40.56680357000005],[-74.24141081499994,40.543598761000055],[-74.24582060399996,40.49919186100004],[-74.13797145199999,40.54343854700005],[-74.12725977699995,40.534248940000055],[-74.05211784999995,40.60054076500006],[-74.07270196499996,40.63071121100006]]],[[[-73.82134385099994,40.60450042800005],[-73.81087631899999,40.61162247000004],[-73.82837815699997,40.639977120000026],[-73.83879228399996,40.63512482400006],[-73.82134385099994,40.60450042800005]]],[[[-88.98131459999996,41.90752759000003],[-88.79404184899994,41.95639059300004],[-88.62328690599998,42.04937177800008],[-88.61906906099995,42.13993921400004],[-88.67331609699994,42.23779050100006],[-88.80733621099995,42.34797394700007],[-89.05814757299999,42.42877406200006],[-89.49256300299999,42.459183170000074],[-89.73121554999994,42.44724676300007],[-89.80529877999999,42.40344748500007],[-89.82617598699994,42.29001251300008],[-89.76273158999999,42.15677439900003],[-89.67068259099995,42.045784379000054],[-89.51733176599998,41.96321928800006],[-89.30082741399997,41.928480431000025],[-88.98131459999996,41.90752759000003]]],[[[-73.23415494499994,40.65570895700006],[-73.49907049399997,40.609356551000076],[-73.56163917699996,40.579929968000044],[-73.24862790999998,40.63872591900008],[-73.23415494499994,40.65570895700006]]],[[[-72.86541856499997,40.72799749500007],[-72.75170240499995,40.76597663300004],[-73.09822197999995,40.660923653000054],[-73.30050780699997,40.62647692300004],[-73.26439787299995,40.619042077000074],[-73.07163352999999,40.65860050100008],[-72.86541856499997,40.72799749500007]]],[[[-106.45952710599994,42.021893797000075],[-106.63132748699996,42.102693646000034],[-107.03737252899998,42.11515623100007],[-107.36434791099998,42.149655256000074],[-107.690961975,42.35683670800006],[-107.83024651299996,42.366571874000044],[-108.55700004299996,42.32918997500008],[-108.97982196599997,42.168771022000044],[-109.00358956299999,42.10527916700005],[-108.90899909099994,41.79224503900008],[-108.72341473599994,41.61962475900003],[-108.51980357099995,41.522937607000074],[-108.35384789099999,41.53799694800006],[-108.19816104499995,41.61654197000007],[-108.08057304099998,41.70076777000003],[-107.99426474699999,41.708309987000064],[-107.74708775099998,41.68564887200006],[-107.38102799799998,41.77489562400007],[-106.89363689699996,41.79750726900005],[-106.45440319999994,41.87233075300003],[-106.45952710599994,42.021893797000075]]],[[[-73.58512485999995,41.00160696100005],[-73.56450022599995,41.010941253000055],[-73.57133770699994,41.02004704800004],[-73.58512485999995,41.00160696100005]]],[[[-73.58724434099997,41.015239147000045],[-73.57918426399993,41.02229904100005],[-73.59670679999994,41.02732583200003],[-73.58724434099997,41.015239147000045]]],[[[-73.60899486899996,41.01328729000005],[-73.60183086599994,41.02241967600003],[-73.70596880699998,41.09592325400007],[-73.74906976399996,41.160076452000055],[-73.84213511599995,41.14601379800007],[-73.89199019399996,41.08345426300008],[-73.92329443399996,41.008428956000046],[-73.93497532599997,40.89151721600007],[-74.03838608499996,40.77435703100008],[-74.19468015599995,40.680043140000066],[-74.72039809499995,40.71251912500003],[-74.92773995499994,40.70406557900003],[-75.04573033099996,40.61579683900004],[-75.38609335699994,40.58999489200005],[-75.50927849699997,40.60283609500004],[-75.62073887199995,40.74177341400008],[-76.05012154299999,40.59311562200003],[-76.29328701899993,40.48213665900005],[-76.70317250399995,40.45044194900004],[-76.73564513399998,40.37686067000004],[-76.52048619799996,40.27780297100003],[-76.16739740999998,40.21473679200005],[-76.09226666999996,40.146167443000024],[-76.14440412599998,40.04687515100005],[-76.36921126299995,40.05528230500005],[-76.64425196399998,40.09843694400007],[-76.81480521999998,40.08820060700003],[-76.96502140899997,39.96845067400005],[-76.99510573699996,39.976033021000035],[-77.11105494199995,40.020035746000076],[-77.15457875099997,40.29335499300004],[-77.21602954699995,40.33717769100008],[-77.53350615399995,40.288713837000046],[-77.83336411499994,40.26393732400004],[-77.98598618599993,40.193542997000065],[-78.15501800799996,40.052462512000034],[-78.23997813699998,39.95612919000007],[-78.19329329499999,39.90674429500007],[-78.19417494699996,39.862809568000046],[-78.39356386699995,39.64039738900004],[-78.52886988199998,39.61673450600006],[-78.60011416299994,39.485329626000066],[-78.90098437099994,39.30601115500008],[-79.01831499499997,39.160127008000075],[-78.97678314899997,38.94455974500005],[-78.85764589799999,38.74818644100003],[-78.79525680599994,38.707094840000025],[-78.79345659499995,38.61889853400004],[-78.97855530299995,38.60834928700007],[-79.11492170599996,38.505338675000075],[-79.54000673299998,38.586835894000046],[-79.66520935499994,38.55889248400007],[-79.75082267499994,38.35866627300004],[-79.82118124799996,38.091383619000055],[-79.83611818899999,37.98181567000006],[-79.81790442399995,37.800395199000036],[-79.91347657499995,37.69071605200003],[-79.98774752699995,37.62793671600008],[-80.20775403899995,37.61000766900003],[-80.31039164799995,37.513456087000066],[-80.40999954699998,37.46086573500003],[-80.49895793199994,37.39175698300005],[-80.52423274899996,37.26783695000006],[-80.67605690799996,37.115049112000065],[-81.35273581899997,36.77032585100005],[-81.71404613799996,36.62853627700008],[-81.84778300999994,36.48312551200007],[-81.97758692399998,36.24991185700003],[-82.09009903499998,36.144086264000066],[-82.21420644199998,36.07531391900005],[-82.27319881399995,36.00482180700004],[-82.28075392499994,35.96353028200008],[-82.26084230899994,35.93356240600008],[-82.14433155599994,35.85524723300006],[-81.98192776699995,35.781899347000035],[-81.80090634999993,35.754954034000036],[-81.79832869999996,35.67929463000007],[-81.91773897799999,35.64481508100005],[-82.11751087299996,35.62578145600003],[-82.29007540499998,35.57600365600007],[-82.48598313699995,35.43404574600004],[-82.58630510999996,35.478104951000034],[-82.70931650899996,35.572468194000066],[-82.86759033799996,35.73245005000007],[-82.95260645699994,35.781446559000074],[-83.04960310699994,35.79362816400004],[-83.35372152899998,35.732844913000065],[-83.57002550399994,35.63166657900007],[-83.73333764999995,35.575109207000025],[-83.81338089099995,35.56392967800008],[-83.83671604899996,35.541312170000026],[-83.85846793699994,35.39251563100004],[-83.94462189599994,35.32149109900007],[-84.11132922999997,35.29156530200004],[-84.20554708399999,35.226760685000045],[-84.37243980299996,35.020831635000036],[-84.43827375899997,34.99334007500005],[-84.57399253299997,35.01032925800007],[-84.63425374599996,35.03642340300007],[-84.62186371299998,35.265295679000076],[-84.54176165299998,35.50593297800003],[-84.56516265499994,35.527586849000045],[-84.64675362599996,35.53240840700005],[-84.74356758299996,35.41525614400007],[-84.81584234199994,35.43505054100007],[-84.89761919899996,35.66451204900005],[-84.88577034999997,35.72576636200006],[-84.90761521599995,35.75345789900007],[-85.04381141799996,35.75563993000003],[-85.14034476899997,35.39646421400005],[-85.09234837399998,35.054008768000074],[-85.02006047099997,35.005828388000054],[-84.36257445899997,34.86785813200004],[-84.27035472199998,34.83141921400005],[-84.17639064899998,34.75179622200005],[-84.07898019499999,34.605662739000024],[-84.11662138099996,34.506332378000025],[-84.11861015399995,34.43189387100006],[-84.06417365599998,34.35340653900005],[-83.97216930499997,34.299833714000044],[-83.88530546199996,34.29953583200006],[-83.81566123799996,34.32163753800006],[-83.65876205299998,34.448114188000034],[-83.62132147399996,34.509897057000046],[-83.60967848999996,34.61791111900004],[-83.58257271499997,34.68199869400007],[-83.48863826799999,34.71588872700005],[-83.33870363599993,34.73162125700003],[-83.22888922399994,34.808070230000055],[-83.11445130799996,34.823422866000044],[-82.97902191099996,34.80524414800004],[-82.87173861299993,34.72768867600007],[-82.30506556899996,34.521170710000035],[-82.19064871099994,34.45285120200003],[-82.07204365999996,34.20764214700006],[-81.93889725899999,34.11968877900006],[-81.73494391199995,34.02345825000003],[-81.63510359999998,33.838519304000044],[-81.59020862399996,33.566451166000036],[-81.50556863899999,33.441674180000064],[-81.47663856899999,33.42193045300007],[-81.53800871199996,33.28803090100007],[-81.56772494299997,33.17096716100008],[-81.58825615299997,33.059434475000046],[-81.58551583499997,32.88209238700006],[-81.72886157899995,32.662805426000034],[-81.68637467199994,32.54834459500006],[-81.66131388999997,32.37655816800003],[-81.63036125799994,32.28329976400005],[-81.58376114199996,32.191182369000046],[-81.00670679399997,31.994753330000037],[-81.22855137699997,32.12571778000006],[-81.36335291699999,32.229914896000025],[-81.45983250899997,32.35774494200007],[-81.51465496299994,32.480068811000024],[-81.48946887099999,32.66404698700006],[-81.39645246799995,32.961728976000074],[-81.38398790399998,33.22615254300007],[-81.28196474499998,33.303004773000055],[-81.13659945599994,33.27921960500004],[-80.70525096299997,33.38363781500004],[-80.49828397899995,33.469900851000034],[-80.45039394799994,33.63563683000007],[-80.50838344099998,33.94766635900004],[-80.38279569399998,34.435457099000075],[-80.22068694399997,34.70690780700005],[-80.39357561699995,34.75425503800005],[-80.48824081999999,34.90596980400005],[-80.63217415499997,35.02997534000008],[-80.61659487499998,35.06969671600007],[-80.48876104899995,35.14665338900005],[-80.17287446499995,35.48505972600003],[-80.09317419999996,35.53323426800006],[-79.94216663799995,35.55015599200004],[-79.81764772599996,35.535062511000035],[-79.79535538999994,35.46726690000003],[-79.77765993999998,35.23087313800005],[-79.74587738299994,35.146760776000065],[-79.77457434699994,35.070535121000034],[-79.77659500899995,34.99522455700003],[-79.70504680699997,34.93182169100004],[-79.63032264099996,34.894285876000026],[-79.40804128899998,34.838706545000036],[-79.29967179099998,34.79006996100003],[-79.20891968099994,34.780918591000045],[-79.08390644799994,34.79577543900007],[-79.01295337399995,34.82689518900003],[-79.09433797699995,34.909754666000026],[-79.04423714899997,35.00671713000003],[-78.93483373299995,35.08336009800007],[-78.90930522999997,35.13506903000007],[-78.90952507999998,35.20877969500003],[-78.93569813099998,35.27748729600006],[-78.77108891499995,35.451373223000076],[-78.71156486699994,35.459751150000045],[-78.63242141099994,35.44660485600008],[-78.58865205499995,35.38006844300003],[-78.55268866399996,35.25873917900003],[-78.48407588099997,35.19135882200004],[-78.27519573399996,35.18953221500004],[-78.03062750699996,35.25584887900004],[-77.88670681999997,35.36931899700005],[-77.71751435599998,35.56950765000005],[-77.15077011899996,35.702860197000064],[-77.05521606399998,35.689163964000045],[-76.98063280599996,35.639237888000025],[-76.99329571499999,35.604472756000064],[-77.08375532399998,35.55345456300006],[-76.99101441499994,35.495279495000034],[-76.84985460799999,35.60228654900004],[-76.78670278499999,35.72872919400004],[-76.76279951399994,35.96903251200007],[-77.03479195299997,36.32587552600006],[-77.07479936899995,36.52462664300003],[-76.84927271799995,36.786600975000056],[-76.80402835299998,36.884124790000044],[-76.80448316399998,36.97630649400003],[-76.76902141799997,37.022361584000066],[-76.66703457899996,37.077034111000046],[-76.65812890499996,37.10236720000006],[-76.67338770399994,37.18708782900006],[-76.69293421899994,37.189807708000046],[-76.71704310999996,37.147731589000045],[-76.74245663099998,37.14786128600008],[-76.80387327899996,37.19051723700005],[-76.80110380899998,37.20315533300004],[-76.90516878199998,37.20270519500008],[-76.98425511199997,37.239749724000035],[-77.21572723099996,37.16930339900006],[-77.24345676099995,37.10238692000007],[-77.15686794499999,36.99229999600004],[-77.15745268299997,36.92739200200003],[-77.52195813099996,37.00819267300005],[-77.58849225399996,37.069426736000025],[-77.67029847099997,37.03132781100004],[-78.34222019099997,37.07471475800003],[-78.37211688999997,37.10290968800007],[-78.37912607599998,37.14842533500007],[-78.33876423899994,37.17459978100004],[-78.06518815799996,37.22630829600007],[-77.83912828299998,37.298067658000036],[-77.63323807299997,37.51974784500004],[-77.51545401799996,37.59797376000006],[-77.44115307799996,37.70843768100008],[-77.46052764999996,37.84887471900004],[-77.32082692099993,37.944445477000045],[-77.14572089999996,37.96567634200005],[-76.86030077499998,37.93156838800007],[-76.88749914099998,37.954154937000055],[-76.88211278799997,37.97444531600007],[-76.93007880699997,37.98906323700004],[-76.91658240499999,38.00736997400003],[-76.93597633599995,38.07125472200005],[-76.99574503299993,38.10241317300006],[-77.03933940599995,38.09332274700006],[-77.06208263999997,38.11327361600007],[-77.06491314799996,38.15140915200004],[-77.07185589799997,38.136135101000036],[-77.08657300599998,38.13370513800004],[-77.09060895599998,38.153278353000076],[-77.12626875699993,38.136745451000024],[-77.13433302899995,38.15911483800005],[-77.14927138999997,38.16801453000005],[-77.17250290299995,38.155761719000054],[-77.19981614499994,38.18075943400004],[-77.05404125699994,38.16162109900006],[-77.04622112399994,38.11522292700005],[-77.02965770199995,38.10310363200006],[-76.98888620599996,38.114967344000036],[-76.97609933499996,38.09521102400004],[-76.92745429899998,38.081050866000055],[-76.89361028999997,37.995998360000044],[-76.85537938199997,37.98701856200006],[-76.85254124399995,37.95204541000004],[-76.81455296599995,37.929898853000054],[-76.48591562599995,37.94349681800003],[-76.46669212699999,37.977546681000035],[-76.50907342699998,37.98403166600008],[-76.46425072099998,38.008323665000034],[-76.51201837699995,38.02672958100004],[-76.53548639999997,38.024578090000034],[-76.52426355799997,38.012969965000025],[-76.53306025199998,37.997764578000044],[-76.57315273299997,38.003265370000065],[-76.54320735099998,38.021591181000076],[-76.55594081399994,38.024620051000056],[-76.55410976099995,38.05586242800007],[-76.54622096499997,38.06292724800005],[-76.53714961199995,38.04139709400005],[-76.52886408799998,38.05842972100004],[-76.60919400999995,38.11249543400004],[-76.62294218499994,38.150001545000066],[-76.64303801599993,38.145030992000045],[-76.63698790299998,38.11994935300004],[-76.69919800899999,38.161743183000056],[-76.69021057699996,38.13614655900005],[-76.71222138699994,38.142539992000025],[-76.70566010399995,38.11473465800003],[-76.72599244599996,38.08753586100005],[-76.70600342499995,38.07483673100006],[-76.72002625699997,38.075157166000054],[-76.75286318299999,38.10446167500004],[-76.72220063499998,38.11057282200005],[-76.72413850399994,38.12150193200006],[-76.77316501099995,38.15660859600007],[-76.76919009499994,38.16921617500003],[-76.82851628699996,38.16417314200004],[-76.90362769999996,38.19298936700005],[-76.91939003099998,38.17790604900006],[-76.91569740699998,38.199592609000035],[-76.99973521499999,38.20903780000003],[-76.96683725399998,38.21154024100008],[-76.97320017399994,38.24794008900005],[-76.95748361599993,38.244895961000054],[-77.03029858299999,38.31076053400005],[-77.06744611599999,38.30515292800004],[-77.05383527299995,38.326190987000075],[-77.01550518399995,38.33177189200006],[-77.01338421399998,38.37706761700008],[-77.04191815999997,38.401668603000076],[-77.08936537799997,38.369964647000074],[-77.13994064899998,38.36777119300007],[-77.16763535899997,38.34608463400008],[-77.23848956699999,38.33244708600006],[-77.36531303199996,38.350124391000065],[-77.29188008799997,38.352455175000046],[-77.37323998199997,38.44138341200005],[-77.31639334199997,38.39641575500008],[-77.31457754999997,38.47707754500004],[-77.28501364099998,38.52143104000004],[-77.30872580899995,38.55494697600005],[-77.28266378699993,38.540882185000044],[-77.25981374499997,38.55678566300003],[-77.27367635999997,38.58469399300003],[-77.24813314099998,38.591938105000054],[-77.25942464799994,38.60800942700007],[-77.23137135799999,38.63877878300008],[-77.23605580899994,38.65881357600006],[-77.19607014099995,38.655807598000024],[-77.21444935399995,38.63348016900005],[-77.18244403499995,38.620643710000024],[-77.13278429199994,38.644184213000074],[-77.17820972299995,38.679950821000034],[-77.16703265799998,38.697422139000025],[-77.14243547999996,38.67383586100004],[-77.12372819999996,38.687076680000075],[-77.12602464999998,38.70706951100004],[-77.04434432799997,38.715446591000045],[-77.03306808699995,38.85712829200003],[-77.07638780499997,38.90134064000006],[-77.02750625699997,38.86947265500004],[-76.98308790899995,38.88107696800006],[-77.01393355899995,38.86488738600008],[-77.02600326399994,38.826866292000034],[-77.02930678899997,38.772487772000034],[-77.00523604099999,38.75290311300006],[-77.03026808999994,38.71402370900006],[-77.00675428799997,38.70350658700005],[-77.09469071599995,38.69022762000003],[-77.11744157199996,38.62458811000005],[-77.18171161199996,38.60799798700003],[-77.20305103299995,38.57451256600007],[-77.13875810699994,38.601081941000075],[-77.12526170299998,38.591976257000056],[-77.19015735099998,38.560882649000064],[-77.23195118599995,38.55871589900005],[-77.23845906199995,38.547397690000025],[-77.21785206099997,38.552337726000076],[-77.26387257999994,38.512554238000064],[-77.27515645699998,38.47813040300008],[-77.25369495799998,38.39062123000008],[-77.21095507399997,38.36151890100007],[-77.14274826699994,38.386722613000074],[-77.11958542399998,38.43741232100007],[-77.14129105699999,38.445182861000035],[-77.14121476399998,38.46059042600007],[-77.09893264599998,38.454116885000076],[-77.10859145799998,38.40610890900007],[-77.08272017499996,38.41146093200007],[-77.04317701299993,38.44168478600005],[-77.02285993099997,38.494182661000025],[-77.02547681299995,38.453399725000054],[-76.98187480599995,38.38705831200008],[-76.97744975299997,38.34806065400005],[-76.90960915499994,38.320560500000056],[-76.89393837099993,38.299636881000026],[-76.91437752599995,38.31061176600008],[-76.91099770299996,38.29292301100003],[-76.82728795999998,38.27753452200005],[-76.86844855899994,38.331684159000076],[-76.86236793099994,38.356582693000064],[-76.90202553599994,38.38669591900003],[-76.85446387799993,38.387813626000025],[-76.83361273399998,38.355522208000025],[-76.80715398599995,38.36081701100005],[-76.82547979599997,38.34596257600003],[-76.82169561399996,38.31149296500007],[-76.77142551199995,38.23506549100006],[-76.74688937099995,38.228118927000025],[-76.75615908899994,38.23814776800003],[-76.71715761399997,38.269176523000056],[-76.72252108299995,38.31634526400006],[-76.70012879999996,38.272239726000066],[-76.71460939199994,38.233352694000075],[-76.69256806799996,38.266754191000075],[-76.62729857899996,38.28352742000004],[-76.63935302399994,38.25596241200003],[-76.68057465399994,38.23857120300005],[-76.56559964099995,38.20193866100004],[-76.54413051799997,38.18681719800003],[-76.52834529199998,38.14046098700004],[-76.50206964899996,38.136169454000026],[-76.52267665199997,38.17078402200008],[-76.49930017999998,38.16787722400005],[-76.46292321299995,38.131313343000045],[-76.47358148299998,38.16448977300007],[-76.45200554799999,38.15887072400005],[-76.44227806899994,38.18371585300008],[-76.47345941499998,38.21525577500006],[-76.44835106999994,38.20960239300007],[-76.42992607499997,38.18768695400007],[-76.43609825699997,38.165985136000074],[-76.40736594699996,38.168903381000064],[-76.43451896999994,38.15373232600007],[-76.41651358999997,38.104621904000055],[-76.41089072599993,38.128597282000044],[-76.39622702599996,38.13118364800005],[-76.40296378099998,38.110847490000026],[-76.35060322899994,38.05552292800007],[-76.31281482399999,38.042015083000024],[-76.32992756499993,38.10609438200004],[-76.34514821299996,38.104877491000025],[-76.35293782699995,38.13078692000005],[-76.35158742499993,38.14210512900007],[-76.32081806699995,38.12685778200006],[-76.31871235399996,38.14859393200004],[-76.38971915799993,38.252147724000054],[-76.37603202199995,38.30414968700006],[-76.39875236699999,38.31432730000006],[-76.39660087599998,38.301616728000056],[-76.42899529499994,38.29193120700006],[-76.46880548799999,38.29635244100007],[-76.49290675699996,38.33507925500004],[-76.50883693499998,38.32886129600007],[-76.52388973599994,38.34394079700007],[-76.50718898799994,38.363746709000054],[-76.58140776299996,38.39015967600005],[-76.66115785199997,38.45100792200003],[-76.68472506099994,38.49830254700004],[-76.68141390599999,38.53136835000004],[-76.70540072899996,38.54376230400004],[-76.67889620599993,38.54585657300004],[-76.67872073299998,38.61383830700004],[-76.70345524099997,38.66838848800006],[-76.69258335199999,38.69188702900004],[-76.66797090999995,38.57569514200003],[-76.65097261399995,38.56832896100008],[-76.66160035999997,38.514465424000036],[-76.63810181599996,38.46172722500006],[-76.60003112399994,38.45148476000003],[-76.59806274099998,38.46778496600007],[-76.59961913499995,38.43697746500004],[-76.55061551699998,38.41032417200006],[-76.52296658299997,38.41327674900003],[-76.49685878499997,38.389041973000076],[-76.48804683499998,38.43248375500008],[-76.47654933299998,38.41425712800003],[-76.48639888099996,38.38125617500003],[-76.46487635299997,38.367027352000036],[-76.45910089599994,38.31893163900003],[-76.44829004199994,38.33651739700008],[-76.41205803599996,38.326683107000065],[-76.38756767399997,38.35592276800003],[-76.37946525399997,38.38667305000007],[-76.48219508999995,38.47277459600008],[-76.50856228899994,38.52239618700003],[-76.51947233799996,38.71873869600006],[-76.54760955499995,38.73210158200004],[-76.56305145599998,38.769840388000034],[-76.56112884799995,38.781612546000076],[-76.52865050499997,38.78226867500007],[-76.49329588399996,38.820961159000035],[-76.49401304799994,38.85450761300007],[-76.51128600199996,38.84422318800006],[-76.51646636399994,38.85423676900007],[-76.51970885399999,38.83295838300006],[-76.54579376299995,38.82590882200003],[-76.51856444899994,38.87419526900004],[-76.52195190199996,38.88600938900004],[-76.54570984299994,38.87758271900003],[-76.53474640199994,38.90197390000003],[-76.51529143899995,38.89773958500007],[-76.51031707099997,38.872318438000036],[-76.49034331199994,38.906150996000065],[-76.59778810999995,38.96862048700007],[-76.52507995899998,38.962177465000025],[-76.45484372799996,38.90721529800004],[-76.44423123999997,38.94610995800008],[-76.46432706999997,38.94763583900004],[-76.53013062299993,39.02703496100003],[-76.57096315699994,39.03006764400004],[-76.56171632799999,39.05810186100007],[-76.60885074399994,39.08020421900005],[-76.54326081799996,39.06475850900006],[-76.49957488799998,39.00956745800005],[-76.45549986099996,38.98518009700007],[-76.44825956199998,38.99509068200007],[-76.46464750899997,39.00837346000003],[-76.44167539399996,38.99956913800003],[-76.44141599599999,39.01769658300003],[-76.42737027599998,39.00624486000004],[-76.41773434599997,39.017040456000075],[-76.40605373999995,39.00605794100005],[-76.39749355799995,39.02411672200003],[-76.42732450099999,39.04930517100007],[-76.45701811399994,39.04457494500008],[-76.45447752599995,39.05678960900008],[-76.48588775299999,39.05659887200005],[-76.52700257399994,39.083671784000046],[-76.52978730499996,39.09729025400003],[-76.47844909199995,39.07965490700008],[-76.43794462499994,39.093368748000046],[-76.42892667599995,39.06155798100008],[-76.41723081199996,39.090923528000076],[-76.42678281899998,39.12636207200006],[-76.43438932799995,39.13322471300006],[-76.44539091799999,39.111107093000044],[-76.48141692999997,39.12228797200004],[-76.45347044899995,39.12658713800005],[-76.46285460799999,39.13391898700007],[-76.43908140799994,39.13689063700008],[-76.44476923199994,39.14579644400004],[-76.48464733499998,39.161478902000056],[-76.51433014999998,39.14431022300005],[-76.50161194799995,39.16279243500003],[-76.51118231999999,39.16849304600004],[-76.54512239499996,39.148628460000054],[-76.52353120399994,39.16568779000005],[-76.57013608199998,39.18405157300003],[-76.58944156299998,39.162555920000045],[-76.60053470699995,39.17714332700007],[-76.56545474399996,39.22855782700003],[-76.61982945699998,39.25025964200006],[-76.62611608099996,39.27115274400006],[-76.58931187099995,39.26771951600006],[-76.60689763099998,39.28733850700007],[-76.54189516799994,39.25829721500003],[-76.51307984799996,39.320507220000025],[-76.55528239199998,39.353302418000055],[-76.69631761099998,39.40501915500005],[-76.87942538699997,39.315885095000056],[-77.10774635999996,39.27876165400005],[-77.24203331799998,39.30605619500005],[-77.37708330999999,39.22439835800003],[-77.53860507899998,39.287290478000045],[-77.58714444199995,39.37022275600003],[-77.60646888699995,39.379178773000035],[-77.62295227599998,39.430193021000036],[-77.66673138799996,39.454916026000035],[-77.71348306999994,39.45331470700006],[-77.90541892799996,39.54733229100003],[-77.99222090099994,39.66032004900006],[-77.95570752599997,39.769445318000066],[-78.00579700199995,39.87258875400005],[-77.91307126999999,40.03639153300003],[-77.57477878899994,40.12974958700005],[-77.54367048999995,40.092297710000025],[-77.49632317699997,39.97234220800004],[-77.53847787399997,39.844627754000044],[-77.39875076499999,39.68649009500007],[-77.13740254899994,39.699312536000036],[-76.98320488699994,39.81924530500004],[-76.89560042499994,39.92072331300005],[-76.85154379899996,39.93232037200005],[-76.61212713299994,39.86175146700003],[-76.11677193099996,39.97248458000007],[-75.91917997299998,40.07221764800005],[-75.98747178299999,40.22519467200004],[-76.26130497799994,40.27288834600006],[-76.32299187399997,40.35860070800004],[-76.23239661699995,40.428415510000036],[-76.11838799899994,40.47581107800005],[-75.83407473199998,40.51912907600007],[-75.54628624899993,40.52463809900007],[-75.46177972899994,40.47932602900005],[-75.36729618099997,40.39484263400004],[-75.33592806099995,40.32966358500005],[-75.33614080999996,40.25894267100006],[-75.30175565799993,40.192266534000055],[-75.62072470399994,39.93048968200003],[-75.75689947799998,39.85824757200004],[-75.95040624099994,39.54509660300005],[-75.94099320299995,39.52057633900006],[-75.90210921699997,39.51876481800008],[-75.84504896099997,39.58829532200008],[-75.83057599299997,39.56861148000007],[-75.87910658499999,39.53388246700007],[-75.86747938399998,39.52058443000004],[-75.92838485699997,39.48962815400006],[-75.87668806399995,39.482170421000035],[-75.83381847999993,39.45394928700006],[-75.91555983999996,39.47632248800005],[-75.74435076499998,39.36332603400007],[-75.66952055199994,39.34016702900004],[-75.50091595399994,39.34401411400006],[-75.55861850299993,39.442062699000076],[-75.52084535899996,39.45628007900007],[-75.42341032699994,39.38541825200008],[-75.40857877999997,39.38960679000007],[-75.39424446499999,39.360784960000046],[-75.35092317399994,39.384845433000066],[-74.94239685999997,39.38814656100004],[-74.85865417899998,39.40092133100006],[-74.81088528799995,39.585093130000075],[-74.81129484899998,39.65583472900005],[-74.70274573899997,39.72496539100007],[-74.49956103899996,39.93400686200005],[-74.46376370599995,40.05810473300005],[-74.02628266899995,40.06859968100008],[-74.03255604599997,40.09111073300005],[-74.08366537699999,40.08811237800006],[-74.09494925499996,40.11263325700003],[-74.07460165399993,40.09669926400005],[-74.03250264199994,40.09972432100005],[-74.02578877199994,40.11420873000003],[-74.01336048799999,40.173561617000075],[-74.05604696599994,40.18097357400006],[-74.01330708299997,40.18262915400004],[-73.97899768999997,40.265923085000054],[-73.96430347899997,40.37741908100003],[-73.98667287399996,40.45550594800005],[-74.00955343699997,40.46693859800007],[-73.97676228499995,40.40649470900007],[-73.97112415699996,40.35250528800003],[-74.01600026799997,40.317764831000034],[-73.98189686699999,40.36433848100006],[-74.00778340899996,40.37260493100007],[-74.05922843399998,40.34875925100005],[-74.00648641399994,40.38575037900006],[-73.98663472199996,40.37660273600005],[-73.99547719399999,40.407021136000026],[-74.13410334099996,40.45284709900005],[-74.18545681199998,40.45207652800008],[-74.20485073899994,40.43624934600007],[-74.30132446699997,40.49494228400005],[-74.32557068899996,40.47184810300007],[-74.35396730399998,40.47369441400008],[-74.30674133999997,40.504925350000065],[-74.26688536799998,40.49034557600004],[-74.24671324699995,40.55334531400007],[-74.21579130199996,40.57142316900007],[-74.20527036599998,40.62854445800008],[-74.16033322099997,40.654286041000034],[-74.12069087699996,40.70315995400006],[-74.09889368899996,40.69900956300006],[-74.12943416399997,40.65374435600006],[-74.07126001099994,40.656738895000046],[-74.06260064799994,40.68573441400008],[-73.97446585599994,40.72029558300005],[-73.91308736099995,40.807552987000065],[-73.83369585699995,40.826954544000046],[-73.79280228999994,40.81007832200004],[-73.80733629499997,40.86244649500003],[-73.78035874699998,40.87252111300006],[-73.75679917199994,40.91576071700007],[-73.71319716799997,40.93239661700005],[-73.71213668399997,40.95053169000005],[-73.68003980899994,40.94463416800005],[-73.64895002099996,40.99886773000003],[-73.60899486899996,41.01328729000005]],[[-74.85453378399995,40.53601328800005],[-74.84630169499997,40.60099851000007],[-74.77288051099998,40.65465856900005],[-74.58488568699994,40.68094290400006],[-74.39488125899999,40.65017100000006],[-74.43867348699996,40.62040680400003],[-74.74973935599996,40.51140021900005],[-74.82816442199999,40.51141100900003],[-74.85453378399995,40.53601328800005]],[[-78.25555841599999,38.45807326700003],[-78.11574549499994,38.538542360000065],[-77.90830638299997,38.62571621300003],[-77.76207390499997,38.62489966800007],[-77.73276667499994,38.48597725800005],[-77.92382893699994,38.301569624000024],[-77.95164514999993,38.22685289000003],[-77.92741279599994,38.17763647400005],[-77.69178500499999,38.077402482000025],[-77.64721298799998,38.00105935100004],[-77.70189842699995,37.943159139000045],[-77.85299305799998,37.85844920100004],[-78.04237903499995,37.78677642400004],[-78.53442250599994,37.67138779900006],[-78.88038827899999,37.468439346000025],[-78.88726491399996,37.42860603500003],[-78.69969284799998,37.24403096100008],[-78.74748687299996,37.082986799000025],[-78.72987386999995,37.00875806200003],[-78.51555733399994,36.92473191500005],[-77.94723618999996,36.849131717000034],[-77.81898495799999,36.79181074500008],[-77.72229647299997,36.57753074300007],[-77.52232522699995,36.212374827000076],[-77.50295618499996,36.154454248000036],[-77.54165202399997,36.090378086000044],[-77.82200799599997,36.06415080100004],[-77.98793047599997,36.12268903200004],[-78.05108611399999,36.21393960300003],[-78.22487018799995,36.32241771200006],[-78.35246623899997,36.32609509100007],[-78.48560677999996,36.30063101400003],[-78.51194655099994,36.276811612000074],[-78.66640934599997,36.22663683900004],[-78.77489471099994,36.16064842500003],[-79.11463288199997,36.135564644000056],[-79.39357594999996,36.13678092600003],[-79.64693021799997,36.03420752100004],[-80.24040104899996,36.01284386800006],[-80.35579116599996,35.99226530400006],[-80.53389289499995,36.00064614900003],[-80.99181815899999,35.982825485000035],[-81.19973520899998,36.00156834000006],[-81.80421047099998,36.10412351900004],[-81.88307871899997,36.176464158000044],[-81.87684679899996,36.232184053000026],[-81.72329366699995,36.35383378600005],[-81.67001381199998,36.48611342100003],[-81.59691511099999,36.57736362500003],[-81.37941568799994,36.58680507100007],[-81.24666569799996,36.37391884600004],[-81.11055434499997,36.347347668000054],[-80.98615079599995,36.341808026000024],[-80.73709975299994,36.37737541400003],[-80.51108687399994,36.50240930700005],[-80.43188756299998,36.59170900000004],[-80.39885229099997,36.71650009100006],[-80.09069006999994,36.949308547000044],[-79.90529547499995,37.02109834300006],[-79.80140261599996,37.16204519200005],[-79.76697039199996,37.29296150500005],[-79.82727113399994,37.371245972000054],[-79.89946670699999,37.43089704800008],[-79.87573372199995,37.50725106700003],[-79.77331048399998,37.65053169400005],[-79.72003174399998,37.906262096000034],[-79.58574724999994,38.018231265000054],[-79.46589925299998,38.16302129500008],[-79.27044614199997,38.21137934300003],[-79.06872341699994,38.39344463500004],[-78.87837825899999,38.49674472100003],[-78.73406265599994,38.492480930000056],[-78.61877974899994,38.44320367100005],[-78.45888044899993,38.42868417300008],[-78.25555841599999,38.45807326700003]],[[-82.95434890199994,35.719844855000076],[-82.68469874099998,35.505235826000046],[-82.59865994399996,35.403537811000035],[-82.44162784599996,35.352060993000066],[-82.24542932199995,35.34592530800006],[-82.06554082799994,35.30977401900003],[-82.03833839699996,35.259091589000036],[-82.09668324599994,35.19960137600003],[-82.44785565899997,35.15241199800005],[-82.84639433899997,35.04511800300003],[-83.00199288099998,35.027377931000046],[-83.18018975399997,34.96072348900003],[-83.78499592799994,34.99136825800008],[-84.11438568699998,34.98509136000007],[-84.27429183099997,35.045858113000065],[-84.24929815499996,35.131584591000035],[-84.14934463799995,35.20847046000006],[-83.82903058799997,35.32254867900008],[-83.78399514599994,35.42957054900006],[-83.79913188499995,35.500183535000076],[-83.72242189599996,35.54096688300007],[-83.52218716699997,35.58434632500007],[-83.32353959099999,35.66908359900003],[-83.04993499199998,35.74505567400007],[-82.95434890199994,35.719844855000076]],[[-81.35969461399998,34.67908559500006],[-81.36411762299997,34.85299004600006],[-81.34509211799997,34.919416323000064],[-81.15727581999994,34.995047242000055],[-80.95173846799997,35.011706254000046],[-80.84835719099993,34.947610078000025],[-80.78725606199998,34.827379552000025],[-80.60678292599994,34.770420709000064],[-80.61454176399997,34.669347807000065],[-80.74128214799998,34.553381709000064],[-81.01289687799994,34.54293821700003],[-81.17282121899996,34.55842891800006],[-81.32192876499994,34.597820917000035],[-81.35969461399998,34.67908559500006]],[[-75.79953459399997,39.61276365900005],[-75.50005973999998,39.76128606800006],[-75.27773673599995,40.09701353600008],[-74.99260381099998,40.14555669600003],[-74.91509303899994,40.108871703000034],[-74.89801335499999,40.05405470900007],[-74.91274784399997,39.99450691000004],[-75.12195356499996,39.73608736500006],[-75.28685799599998,39.594384879000074],[-75.63985302399993,39.542409734000046],[-75.67631949499997,39.505062139000074],[-75.73344771599994,39.502626418000034],[-75.82555722699993,39.530220163000024],[-75.82817810499995,39.58014534200004],[-75.79953459399997,39.61276365900005]]],[[[-72.57780556799997,40.93501353800008],[-72.52976325799995,40.97792889100003],[-72.56879304299997,41.006246764000025],[-72.66646084099995,40.97879756100008],[-72.74419117999997,40.93607794800005],[-72.88985540099998,40.90348828900005],[-73.12199270899998,40.89151888500004],[-73.17418789899995,40.89556190900004],[-73.20112394599994,40.914090970000075],[-73.21326567099999,40.909428336000076],[-73.19561887399993,40.89096138300005],[-73.20956541299995,40.89212105100006],[-73.39986546499995,40.95438836000005],[-73.40369542099995,40.927681660000076],[-73.35220461999995,40.92046806700006],[-73.35176211199996,40.89505073500004],[-73.40123112499998,40.908127517000025],[-73.42211278299999,40.90121147000008],[-73.41768773299998,40.886162486000046],[-73.45159277399995,40.912125321000076],[-73.42749913999995,40.92489311400004],[-73.43816503699998,40.934597706000034],[-73.49026618899995,40.94223472900006],[-73.47080359399996,40.87839957500006],[-73.50259529199997,40.89342185300006],[-73.50435005199995,40.87439413800007],[-73.54074990599997,40.87677069500006],[-73.54519784299998,40.891812049000066],[-73.57602060799996,40.899090493000074],[-73.53568398699997,40.906189647000076],[-73.51976143299999,40.888245307000034],[-73.50906502099997,40.901238170000056],[-73.52504860899995,40.91691276300003],[-73.63008251599996,40.900803289000066],[-73.65273419199997,40.87163992200004],[-73.64582958599993,40.810288134000075],[-73.67920819899996,40.85841054800005],[-73.71357100499995,40.86933202700004],[-73.73288100799994,40.85054464000007],[-73.70224897799994,40.83650655100007],[-73.70896284599996,40.81119221600005],[-73.74781936599999,40.83623570800006],[-73.75364822099993,40.77234714400004],[-73.77612442699996,40.79670017500007],[-73.84295031499994,40.79486530400004],[-73.84700152299996,40.77722614000004],[-73.86486957199998,40.791973760000076],[-73.91525410999998,40.79215686500004],[-73.96677542299994,40.71158662600004],[-74.00978996099997,40.68442216100004],[-73.99987937399999,40.66570725300005],[-74.03748466899998,40.63484634400004],[-74.03740074399997,40.60944427000004],[-73.99183035399994,40.58804763100005],[-74.00787497599998,40.57326949000003],[-73.94312428499995,40.57294524400004],[-73.92051075099994,40.58309615400003],[-73.92555378399999,40.60129989400008],[-73.87696215399995,40.581642756000065],[-73.88706347699997,40.61669601600005],[-73.90984485699994,40.626961368000025],[-73.90117786299999,40.635471961000064],[-73.81050248099996,40.65289750300008],[-73.75943892699996,40.63496842300003],[-73.76728194399993,40.61148895800005],[-73.92277668099996,40.56271422400005],[-73.93531177899996,40.54291212600003],[-73.77144759399994,40.58976806700008],[-73.57843910799994,40.58517899200007],[-73.57032143099997,40.59458222400008],[-73.72102490899994,40.596329351000065],[-73.68939342999994,40.602234503000034],[-73.69436016899994,40.621357584000066],[-73.67546215299996,40.62607636600006],[-73.65720500399993,40.62944093100003],[-73.65038432399996,40.61210694300007],[-73.56295906599996,40.642555866000066],[-73.35435609599995,40.66868655400003],[-73.26387144999995,40.69344013400007],[-73.22900510599999,40.721859635000044],[-73.14160273299996,40.705292403000044],[-73.14650843799996,40.74032277600003],[-73.09612389899996,40.723046010000076],[-73.00779074199994,40.75083608800003],[-72.93944660399995,40.74448461700007],[-72.89111437599996,40.77163382500004],[-72.86110795499997,40.74605627600005],[-72.81256973199999,40.76183386800005],[-72.82829391999996,40.79574271900003],[-72.80204879599995,40.78293677800008],[-72.74903974599994,40.78770133800003],[-72.72133740599998,40.81296608500003],[-72.70246990499999,40.79848167600005],[-72.63352304799997,40.806477286000074],[-72.73502454199996,40.77333137200003],[-72.72364148199995,40.76945182400004],[-72.47772313299998,40.84190057700005],[-72.58736519599995,40.82085869800005],[-72.53213599299994,40.863152257000024],[-72.50600530799994,40.848469486000056],[-72.48935796399996,40.86850046500007],[-72.49198515999996,40.89724431800005],[-72.61749368999995,40.91685557400007],[-72.61947733399995,40.927792312000065],[-72.57780556799997,40.93501353800008]]],[[[-71.51425902099999,41.37488068300007],[-71.51427290999999,41.376389577000054],[-71.51462997299996,41.37670688000003],[-71.51425902099999,41.37488068300007]]],[[[-71.50593400899999,41.384867357000076],[-71.50394996299997,41.38637662800005],[-71.50721045299997,41.38499875300005],[-71.50593400899999,41.384867357000076]]],[[[-71.50098568999994,41.388289017000034],[-71.49999345099997,41.388958470000034],[-71.49984512499998,41.38950459600005],[-71.50098568999994,41.388289017000034]]],[[[-71.49954900899996,41.38980068500007],[-71.49941012899995,41.38993014500005],[-71.49950476799995,41.38988579200003],[-71.49954900899996,41.38980068500007]]],[[[-71.49786401399996,41.39014958000007],[-71.49790234199997,41.390989019000074],[-71.49849457099998,41.39044125600003],[-71.49707067699995,41.38993181400008],[-71.49786401399996,41.39014958000007]]],[[[-71.49533400599995,41.39306013500004],[-71.49591124699998,41.39423401700003],[-71.49684070299998,41.392817269000034],[-71.49533400599995,41.39306013500004]]],[[[-71.49727678899995,41.39748181700003],[-71.49736068299995,41.397655145000044],[-71.49730788999995,41.39744138200007],[-71.49727678899995,41.39748181700003]]],[[[-71.49751678799998,41.398100154000076],[-71.49737567399995,41.39859958400007],[-71.49766608399995,41.39850701100005],[-71.49751678799998,41.398100154000076]]],[[[-71.50005958299994,41.41423126300003],[-71.49987957599996,41.414608470000076],[-71.50014484399998,41.41463457700007],[-71.50005958299994,41.41423126300003]]],[[[-71.39991343699995,41.44906729300004],[-71.38059299099996,41.47742548700006],[-71.36281649599994,41.47740641400003],[-71.35838382199995,41.55002681900004],[-71.37122409699998,41.57318585000007],[-71.39339512299995,41.52418605400004],[-71.38362186199998,41.49876109200005],[-71.39895695099995,41.49241724900003],[-71.39991343699995,41.44906729300004]]],[[[-109.63769124299995,42.36380785000006],[-109.59601882999999,42.38061843600008],[-109.51557683599998,42.57161179500008],[-109.51715471399996,42.66480095900005],[-109.63157502999996,42.95511925100004],[-109.88465607199998,43.22358465900004],[-110.14631137199996,43.22125289200005],[-110.16069151199997,43.181637386000034],[-110.10142399699998,43.14331817300007],[-110.07017027499995,42.93029507700004],[-110.20520111599996,42.757947321000074],[-110.30308530299999,42.69369267500008],[-110.33233982699994,42.64840342400004],[-110.37560916099994,42.447924811000064],[-110.43085843699998,42.33133554700004],[-110.47084731999996,42.300623829000074],[-110.67164956899995,42.223807058000034],[-110.85647382599996,42.207671918000074],[-110.99526841299996,42.169989729000065],[-111.40553800199996,42.164554603000056],[-111.72032018199997,42.08320480900005],[-111.83926361599998,42.00379765200006],[-111.85319353399996,41.850977295000064],[-111.81490221399997,41.800475178000056],[-111.82792206499994,41.73122072500007],[-111.79235622999994,41.56577885200005],[-111.522031202,41.32452197200007],[-111.42780262299999,41.31268007300008],[-111.24328286199994,41.34956546800004],[-111.17250017499998,41.42722639400006],[-111.11653250099994,41.58965237500007],[-111.02243215099998,41.71268938700007],[-110.68005344299996,41.798776875000044],[-110.51061572199995,41.816865051000036],[-110.40416993399998,41.88032190800004],[-110.21463991699994,42.08089568500003],[-110.12465884799997,42.15062429100004],[-110.05354034299995,42.182513080000035],[-109.77783664599997,42.21730387300005],[-109.66150191099996,42.300778414000035],[-109.63769124299995,42.36380785000006]]],[[[-71.27773346899994,41.63615888800007],[-71.27341523199993,41.644322342000066],[-71.28446259899994,41.64570326200004],[-71.27773346899994,41.63615888800007]]],[[[-71.29988923799993,41.62212080000006],[-71.34587161599995,41.66031736800005],[-71.32701937199994,41.58039944500007],[-71.29988923799993,41.62212080000006]]],[[[-71.23458159299997,41.51260845000007],[-71.24472869599998,41.58888715200004],[-71.23971618299998,41.61702055000006],[-71.21940672899996,41.627419417000056],[-71.22483886099997,41.651944110000045],[-71.27471222699995,41.62071699100005],[-71.31489625499995,41.52092067500007],[-71.32592836499998,41.52365581300006],[-71.32112184199997,41.485070144000076],[-71.36469332599995,41.457890418000034],[-71.31115285499999,41.45545792900003],[-71.28507059999998,41.48874739900003],[-71.24568654899997,41.47193422400005],[-71.23458159299997,41.51260845000007]]],[[[-70.36431307199996,41.623304791000066],[-70.37178338399997,41.623963511000056],[-70.37136708499997,41.61483765600008],[-70.36431307199996,41.623304791000066]]],[[[-70.31754477899995,41.63003007700007],[-70.31434370999995,41.63121957800007],[-70.31849103199994,41.63051418400005],[-70.31754477899995,41.63003007700007]]],[[[-70.24775984499996,41.63097203900003],[-70.24425306599994,41.631523205000065],[-70.24890153699994,41.63116958000006],[-70.24775984499996,41.63097203900003]]],[[[-70.19422195499999,41.65214886200005],[-70.19092757499993,41.65459712100005],[-70.19358242699997,41.654992597000046],[-70.19422195499999,41.65214886200005]]],[[[-69.96806576399996,41.643866323000054],[-70.01574717899996,41.54764593600004],[-69.99107405199999,41.55031219600005],[-69.96806576399996,41.643866323000054]]],[[[-70.29764773399995,41.721297621000076],[-70.29770871399995,41.72129195800005],[-70.29753796099999,41.72123620200006],[-70.29764773399995,41.721297621000076]]],[[[-70.27849608799994,41.726410859000055],[-70.36404218199993,41.73666741300008],[-70.34216594999998,41.72400098800006],[-70.27849608799994,41.726410859000055]]],[[[-69.96148642299994,41.66962760700005],[-69.96176361499994,41.669967589000066],[-69.96157605399998,41.66952189300008],[-69.96148642299994,41.66962760700005]]],[[[-69.99589050799995,41.717897994000054],[-69.99622784699994,41.71955118200003],[-69.99637718099996,41.718930906000026],[-69.99589050799995,41.717897994000054]]],[[[-69.95094971999998,41.71560009800004],[-69.95094453799999,41.721216895000055],[-69.96001453599996,41.71845722300003],[-69.95094971999998,41.71560009800004]]],[[[-69.98012974099998,41.73685884200006],[-69.98112357199994,41.73728335900006],[-69.98120004099997,41.736871697000026],[-69.98012974099998,41.73685884200006]]],[[[-69.94557546999994,41.74930877800006],[-69.95275246699998,41.751392947000056],[-69.94824921699995,41.74575213300005],[-69.94557546999994,41.74930877800006]]],[[[-69.94445819899994,41.75413990900006],[-69.95185108499999,41.75377369800003],[-69.94395396299996,41.74931772900004],[-69.94445819899994,41.75413990900006]]],[[[-87.86408068399999,43.38182495800004],[-87.79401994499995,43.488346586000034],[-87.79079271899997,43.56705524700004],[-87.70696854899995,43.67976813100006],[-87.70044542399995,43.75936943200003],[-87.72416522299994,43.797493521000035],[-87.73805073299997,43.873287754000046],[-87.68868092299994,44.012028317000045],[-87.65696361399995,44.05338777400004],[-87.95379810899999,44.151944882000066],[-88.13809357199995,44.060399809000046],[-88.22230008799994,43.93783089300007],[-88.31016878099996,43.905863545000045],[-88.38763127699997,43.818608718000064],[-88.37768168899998,43.756885786000055],[-88.43389698099998,43.69407712200007],[-89.05462062399994,43.45307068100004],[-89.41014261199996,43.286821677000034],[-89.50002856299994,43.173366334000036],[-89.67530392399999,42.89695399400006],[-89.71182907299999,42.82239684500007],[-89.69312739499998,42.758680156000025],[-89.63827834699998,42.69919348700006],[-89.55966378399995,42.66179980100003],[-89.47427879099996,42.64727261200005],[-89.24526456699994,42.66174672300008],[-88.97975112999995,42.733308340000065],[-88.56196472399995,42.89459147400004],[-88.37330852899998,42.894797882000034],[-88.29193205199994,42.894658728000024],[-87.77813193499998,42.760401512000044],[-87.76869027099997,42.79198874300005],[-87.81350535199994,42.82440223000003],[-87.84541912499998,42.87483253500005],[-87.84826489899996,42.96536294400005],[-87.90654586599999,43.017933293000056],[-87.86524031699997,43.06836360200003],[-87.89915299299997,43.12018627100008],[-87.88236069499999,43.16728634700007],[-87.91116930699997,43.25226255600006],[-87.86408068399999,43.38182495800004]]],[[[-69.94781216599995,41.79494567900008],[-69.94731018299996,41.79624679600005],[-69.94844549499999,41.79493510900005],[-69.94781216599995,41.79494567900008]]],[[[-69.93650073999999,41.80762579000003],[-69.93766298199995,41.81210565200007],[-69.93848984999994,41.80917188300003],[-69.93650073999999,41.80762579000003]]],[[[-70.63160329899995,41.95103770000003],[-70.65172728899995,41.97909892300004],[-70.63684561199995,41.95455831600003],[-70.63160329899995,41.95103770000003]]],[[[-70.01135403799998,41.89754622800007],[-70.02143119299996,41.89854148500007],[-70.00410439699994,41.89044619800006],[-70.01135403799998,41.89754622800007]]],[[[-70.00078885699997,41.89757676200003],[-70.00112514799997,41.899411213000064],[-70.00186197999994,41.89833308400006],[-70.00078885699997,41.89757676200003]]],[[[-70.66872034499994,42.05173220200004],[-70.66777421399996,42.05219817100004],[-70.67053188199998,42.05268176900006],[-70.66872034499994,42.05173220200004]]],[[[-70.65597910399998,42.06074288000008],[-70.65594777899997,42.061135196000066],[-70.65643287199998,42.061758274000056],[-70.65597910399998,42.06074288000008]]],[[[-70.70373859699998,42.14603866200008],[-70.70398485599998,42.14827738200006],[-70.70434023599995,42.14587951200008],[-70.70373859699998,42.14603866200008]]],[[[-70.23396263699993,42.05831867100005],[-70.23416386099996,42.058138549000034],[-70.23356859299997,42.05790362500005],[-70.23396263699993,42.05831867100005]]],[[[-70.06632829299997,42.045432256000026],[-70.16783933199997,42.079529827000044],[-70.24415618999996,42.06439691800006],[-70.19273936799993,42.02050414800004],[-70.17015852699996,42.02863094300005],[-70.20087461899993,42.03217416500007],[-70.18746331199998,42.04974419400003],[-70.15734975599997,42.062143039000034],[-70.09839492999998,42.035514360000036],[-70.07917179699996,41.99274957000006],[-70.06776423999997,41.994306652000034],[-70.07022966199997,41.88327822700006],[-70.06904060999994,41.92318828400005],[-70.02483937199997,41.92933790600006],[-70.02757060499994,41.91408316600007],[-69.99709056799998,41.91032187600007],[-70.00929482899994,41.87175700700004],[-69.99544049599996,41.819905247000065],[-70.00907718199994,41.80099320800008],[-70.05951654999996,41.77454100500006],[-70.21711223899996,41.74256388900005],[-70.25841551299999,41.71395968600007],[-70.33275470199999,41.70715990200006],[-70.36396757799997,41.72620296200006],[-70.37256878599999,41.62625629300004],[-70.36588022899997,41.642146480000065],[-70.34724667799998,41.63846678500005],[-70.36562508799994,41.628098883000064],[-70.30475304499998,41.62860127500005],[-70.25987029399994,41.655022933000055],[-70.24695871399996,41.63976670100004],[-70.26886308399997,41.62091402300007],[-70.25709920999998,41.614225334000025],[-70.19798195999994,41.64694434100005],[-70.16923139199997,41.691243763000045],[-70.16771349599998,41.66757111800007],[-70.18845714099996,41.65329854400005],[-69.99068031199994,41.66344389000005],[-69.96768572699995,41.68163582900007],[-69.98586717599994,41.671834852000075],[-69.95453440499995,41.67692714900005],[-69.96809406599994,41.65816592200008],[-69.94674701299994,41.67879580700003],[-69.95119495299997,41.700188635000075],[-69.99735454499995,41.72094891300003],[-69.97130604699998,41.736752515000035],[-69.96405744599997,41.75541459200008],[-69.98410210799995,41.76078344800004],[-69.96742919399998,41.78034411700003],[-69.95465107399997,41.76652241900007],[-69.93873163499995,41.77517833200005],[-69.93183134699996,41.702432190000025],[-69.94818105299998,41.65290429800007],[-69.93973384999998,41.66071509900007],[-69.92826099699994,41.691706690000046],[-69.93414791699996,41.79304929800003],[-69.95751210099996,41.80424596700004],[-69.97879048699997,41.788605705000066],[-69.98086074899999,41.79900907700005],[-69.96283344499994,41.81605338700007],[-69.97244358699999,41.83408069600006],[-69.95403334699995,41.84119752400005],[-69.94255756999996,41.821918965000066],[-69.95493018899998,41.874118544000055],[-70.00553153499999,41.97873788100003],[-70.06632829299997,42.045432256000026]]],[[[-70.86336192199997,42.266589252000074],[-70.86336108699999,42.266886500000055],[-70.86438857299999,42.26703978000006],[-70.86336192199997,42.266589252000074]]],[[[-71.02030872399996,42.298542498000074],[-71.02030932199995,42.298548362000076],[-71.02032738499997,42.298538542000074],[-71.02030872399996,42.298542498000074]]],[[[-70.93690299099995,42.29082435400005],[-70.92827447199994,42.29852572100003],[-70.94696796499994,42.29099900700004],[-70.93690299099995,42.29082435400005]]],[[[-70.91869016299995,42.30418011800003],[-70.91792730699996,42.30445149500008],[-70.91960961199999,42.304028595000034],[-70.91869016299995,42.30418011800003]]],[[[-70.89665840199996,42.30140847000007],[-70.89687777799998,42.29966673400003],[-70.89394883199998,42.30000791100008],[-70.89665840199996,42.30140847000007]]],[[[-70.97505519499998,42.31030067900008],[-70.96344092799995,42.32020831600005],[-70.96786554899995,42.32104596200003],[-70.97505519499998,42.31030067900008]]],[[[-70.98681949499996,42.45519900100004],[-70.98496876999997,42.45886027700004],[-70.98704909199995,42.457563520000065],[-70.98681949499996,42.45519900100004]]],[[[-70.72302607899996,42.56848089700003],[-70.72325727099997,42.568403035000074],[-70.72332009399997,42.568333349000056],[-70.72302607899996,42.56848089700003]]],[[[-70.72088093299993,42.569557391000046],[-70.72130793199995,42.56947231200007],[-70.72177001899996,42.56911123400005],[-70.72088093299993,42.569557391000046]]],[[[-70.65708074799994,42.60618505700006],[-70.65525323799994,42.60774252700003],[-70.65841219699996,42.60779119500006],[-70.65708074799994,42.60618505700006]]],[[[-70.69466332699994,42.63210053800003],[-70.69600793799998,42.63222400800004],[-70.69498025699994,42.63184921100003],[-70.69466332699994,42.63210053800003]]],[[[-70.62288711899998,42.620453989000055],[-70.62197644699995,42.62086083500003],[-70.62402003699998,42.61989249100003],[-70.62288711899998,42.620453989000055]]],[[[-70.68994189199998,42.64088550900004],[-70.68852478799994,42.64128817300008],[-70.69250603699999,42.64093188600003],[-70.68994189199998,42.64088550900004]]],[[[-70.68819948099997,42.64506141800007],[-70.69216512599996,42.64217059400005],[-70.68581027399995,42.642495076000046],[-70.68819948099997,42.64506141800007]]],[[[-70.68492563799998,42.645508783000025],[-70.68572058499996,42.644989656000064],[-70.68542516999997,42.64326222200003],[-70.68492563799998,42.645508783000025]]],[[[-70.74708607699995,42.65804783400006],[-70.76070454999996,42.667214552000075],[-70.76202443399995,42.660859265000056],[-70.74708607699995,42.65804783400006]]],[[[-70.62315166099995,42.681370669000046],[-70.65138703199995,42.684198808000076],[-70.67971850099997,42.66218678300004],[-70.67256975399994,42.63441578100003],[-70.68795152399997,42.62202487400003],[-70.65422765199997,42.61494351500005],[-70.66266141799997,42.586565173000054],[-70.59720947299996,42.635052130000076],[-70.59748885999994,42.65755192700004],[-70.61838635599997,42.65897443100005],[-70.62315166099995,42.681370669000046]]],[[[-107.04898457999997,44.197959344000026],[-107.01382185599999,44.24979440100003],[-107.04037602199998,44.42589396200003],[-107.19719416899994,44.54896383400006],[-107.36072584799996,44.72055573800003],[-107.61655800199998,44.81544574700007],[-107.83914379199996,44.871314030000065],[-107.93460070899994,44.86640027100003],[-108.00438191199999,44.831386069000075],[-107.99031672399997,44.69611207600008],[-107.67000853099995,44.480547251000075],[-107.52099953999999,44.357367175000036],[-107.33288569599995,44.255629758000055],[-107.12264238199998,44.173836737000045],[-107.04898457999997,44.197959344000026]]],[[[-118.79087206099996,42.902172130000054],[-119.07690718099997,43.180404880000026],[-119.36279428799998,43.392603945000076],[-119.77971977199996,43.59520374700003],[-120.186188346,43.61314646500006],[-120.60682785699998,43.56301128300004],[-121.32750781099998,43.35808872900003],[-121.51414096299999,43.15156194600007],[-121.74209853499997,42.60455498600004],[-121.85320920599997,42.39024730500006],[-121.96173814399998,42.305567833000055],[-122.18203834099995,42.23573997200003],[-123.07518862899997,42.19593032900008],[-123.38172018899996,41.99893456800004],[-123.55928516999995,41.767989519000025],[-123.83553560799999,41.46548918000008],[-124.07287720599999,41.38763307000005],[-124.11575946799996,41.215585049000026],[-124.14302691799998,41.146909048000055],[-124.16635760799994,41.13015870800007],[-124.15640123599997,41.053296369000066],[-124.13429124499999,41.05092362900007],[-124.11605698499994,41.02387361000007],[-124.12982040599996,40.95478562200003],[-124.02005767699995,40.859891642000036],[-123.53504797999994,40.90033352700004],[-123.402061662,41.16089717600005],[-123.06471949299998,41.51179186400003],[-123.06287500899998,41.677169681000066],[-122.93603842499999,41.74427015100008],[-122.68724887299999,41.81494293800006],[-122.29582319399998,41.890113831000065],[-121.94014533799998,42.017117763000044],[-121.43824623499995,42.272558788000026],[-121.16979810199996,42.30661520000007],[-120.43829729899994,41.668216476000055],[-120.24875142999997,41.42366412900003],[-120.79298759399995,41.26013478700003],[-120.78715315999995,41.09570982400004],[-120.71167935299997,41.032684517000064],[-120.54442019799995,40.98645525000006],[-120.30574994399996,40.809495999000035],[-120.20602825799995,40.68229281600003],[-120.12844355099998,40.40361405800007],[-120.16571679699996,40.007994566000036],[-120.11846860099996,39.88721202500005],[-120.11811279699998,39.77863058100007],[-120.08202656399999,39.72276554200005],[-119.80624616799997,39.71563430000003],[-119.69499273899999,39.743252133000055],[-119.50396928799995,39.848243567000054],[-119.16562016899996,39.84086731200006],[-118.76415811599998,39.57449693900003],[-118.16647916,39.860113685000044],[-118.02478994999996,39.95811306400003],[-117.79076740099998,39.98481247700005],[-117.67641756399996,39.750016869000035],[-117.50408029799996,39.28619528100006],[-117.30391221599996,39.04458239100006],[-117.05818605899998,38.56164360100007],[-116.85188238599994,38.47493452200007],[-116.61156326099996,38.40789124100007],[-116.44722173699995,38.228802872000074],[-116.37979576199996,37.96721169800003],[-116.02386806799996,37.528133266000054],[-115.57120190299997,37.03324012500008],[-115.28983269699995,36.932824261000064],[-115.26890435499996,36.881971314000054],[-115.27150987499999,36.83333152200004],[-115.30191321299998,36.77414753200003],[-115.70994008999998,36.441580352000074],[-115.80718861099996,36.29251991900003],[-115.80845503499995,36.068949098000076],[-115.70376408599998,35.81142821900005],[-115.53178408499997,35.590241207000076],[-115.36894106199998,35.45444345200008],[-114.99046291899998,35.20311439100004],[-114.90983104299994,35.11977969000003],[-114.87326674499997,34.73906687400006],[-114.74691100599995,34.416273498000066],[-114.63573168799996,34.208878912000046],[-114.58675377099996,34.031043613000065],[-114.66936531399995,33.89477483100006],[-114.72779134599995,33.71826691600006],[-114.78965346899997,33.39804727200004],[-114.93723152299998,32.836100473000045],[-114.93339840199997,32.703283406000025],[-114.7192116,32.71804916600007],[-114.75630571999994,32.65149794700005],[-114.78253558099999,32.62260542400003],[-114.80588153099995,32.620663741000044],[-114.81071856399996,32.55720624400004],[-114.79010393699997,32.559083076000036],[-114.81341173699997,32.494702421000056],[-113.25544357399997,32.01582569100003],[-113.18267013899998,32.629140896000024],[-113.36779598399994,33.096544864000066],[-113.34866380599999,33.35743621300003],[-113.34968139499995,33.632632347000026],[-113.22311975099996,33.826659724000024],[-113.34080688699999,33.982732578000025],[-113.64376717999994,34.20083184300006],[-113.87149426199994,34.41898635500007],[-113.92350947699998,34.652441485000054],[-113.89204847599996,34.71628890000005],[-113.85778406099996,34.721798773000046],[-113.45528965899996,34.66867495900004],[-113.18087445999998,34.57619155800006],[-112.90268471999997,34.44173835000004],[-112.68905022799999,34.25544360300006],[-112.28745953999999,33.98892573100005],[-112.13158505499996,33.84321818800004],[-111.82542533099996,33.61535831900005],[-111.71975772599995,33.48131908100004],[-111.64836142999997,33.33549405300005],[-111.58466752499999,33.29025663400006],[-111.41546585499998,33.03891320200006],[-111.29372285399995,32.92336002400003],[-111.22966979199998,32.79351986700004],[-111.26635480699997,32.68044335400003],[-111.45565385199995,32.50209007700005],[-111.59461605199999,32.32350227000006],[-111.94435259299996,32.03636776600007],[-111.99550202199998,31.794158803000073],[-112.07489562599994,31.649467729000037],[-111.59509564799998,31.49744516900006],[-111.52944822599994,31.57678844800006],[-111.46337867899996,31.712024033000034],[-111.38381068199999,32.01855327200008],[-111.32739682099998,32.111824813000055],[-111.25299141199997,32.18531806800007],[-111.02848616999995,32.32646909500005],[-110.89854037499998,32.50634053300007],[-110.87712816799996,32.662174202000074],[-110.74405385399996,32.78404638000006],[-110.65070464799999,32.816956608000055],[-110.57112967099994,32.79872992700007],[-110.43067907899996,32.735464628000045],[-110.26704589099995,32.72402271400006],[-109.75787682999999,32.63139761600007],[-109.39153489299997,32.45862436900006],[-109.33552802199995,32.445004605000065],[-109.14098248399995,32.44883496700004],[-109.00270486399995,32.37213487200006],[-108.92824828299996,32.272951112000044],[-108.92045664399996,32.163505402000055],[-109.02688141699997,32.01468740800004],[-109.09299328499998,31.772274292000077],[-109.05714963899999,31.331927438000037],[-108.85100256699997,31.332839763000038],[-108.84456630099999,31.42042787200006],[-108.884988309,31.79772528600006],[-108.88571316999997,32.005501767000055],[-108.82013252099995,32.17373545700008],[-108.85120719399998,32.27798345600007],[-108.85944812099996,32.37285052100003],[-109.06253128599997,32.768668888000036],[-109.09367914099994,32.96792858500004],[-109.23215146899997,33.09628118300003],[-109.49088426699996,33.17299801300004],[-109.73959567299994,33.17370129200003],[-109.97481172099998,33.15114925300003],[-110.12637929599998,33.20290601600004],[-110.27153639499994,33.29508141000008],[-110.40181149799997,33.40419990000004],[-110.46809482099997,33.51372132500006],[-110.44857672599994,33.706334654000045],[-110.26271444199995,34.02606606300003],[-110.31256724699995,34.145260206000046],[-110.39080977499998,34.93366415000003],[-110.49058606999995,35.218775967000056],[-110.65287859899996,35.476060981000046],[-110.81509937299995,35.666227081000045],[-111.00479582799994,35.80967956000006],[-111.23912128999996,35.93278865700006],[-111.48029969799995,35.96842724700008],[-111.77923858799994,35.92925178400003],[-112.06919636399999,35.68343457100008],[-112.29606750099998,35.59152135800008],[-112.48703436399995,35.553399117000026],[-113.41013885599995,35.54176938000006],[-113.72252448799998,35.58452198900005],[-113.77611545699995,35.65815085100007],[-114.15162207899999,35.85678900400006],[-114.49724328599996,36.31339645800006],[-114.47444717199994,36.80877559900006],[-114.38900661599996,37.297304316000066],[-114.53750476999994,37.83076575300004],[-114.76172988699994,38.16272076100006],[-114.99966633599996,38.31048744000003],[-115.31067748199996,38.341936804000056],[-115.44334438699997,38.42584273800003],[-115.49952684199997,38.561986997000076],[-115.45816379299998,38.67370998700005],[-115.46301471899994,38.78804812300007],[-115.81898227799996,38.991188427000054],[-115.95516575699997,39.10432691700004],[-116.52005821699998,39.22160953800005],[-117.08454289099996,39.306561816000055],[-117.38722219499999,39.480348940000056],[-117.51129176099994,39.58441321200007],[-117.56742752699995,39.72548902600005],[-117.71114092699997,39.98160231000003],[-117.81877104299997,40.05440348600007],[-118.570184128,40.062267579000036],[-118.85800072999996,40.12607041100006],[-118.88264635999997,40.21122598900007],[-118.82675404399998,40.37401462400004],[-118.49833173099995,40.846115542000064],[-118.333649262,40.966774368000074],[-118.19817164399996,41.15483663500004],[-118.12949019199999,41.34914321300005],[-118.08019399799997,41.66206751000004],[-118.13573455699998,41.87038168300006],[-118.15704251199998,42.02602408900003],[-118.29616318699999,42.18044878200004],[-118.47033815299994,42.298734824000064],[-118.55372178399995,42.374784025000054],[-118.56645576099999,42.46698720300003],[-118.65283709899995,42.70000949900003],[-118.79087206099996,42.902172130000054]]],[[[-70.22880592699994,43.538121561000025],[-70.22769966499999,43.547234874000026],[-70.24333229899997,43.53843818100006],[-70.22880592699994,43.538121561000025]]],[[[-70.18774451899998,43.646386506000056],[-70.20921364299994,43.64482629400004],[-70.20397987399997,43.63485848800008],[-70.18774451899998,43.646386506000056]]],[[[-70.14735449199998,43.651753787000075],[-70.13800847899995,43.66002786700005],[-70.14500463699994,43.66224420700007],[-70.14735449199998,43.651753787000075]]],[[[-70.17648352899994,43.65377176100003],[-70.18315925199994,43.67374552000007],[-70.19936409099995,43.65994012700003],[-70.17648352899994,43.65377176100003]]],[[[-70.22958413399994,43.686974890000045],[-70.22264901199998,43.68886316800007],[-70.23595468099995,43.68964899400004],[-70.22958413399994,43.686974890000045]]],[[[-70.20085945399995,43.67313135200004],[-70.18841590799997,43.685078987000054],[-70.20417824199995,43.68175257100006],[-70.20085945399995,43.67313135200004]]],[[[-70.09270511999995,43.674981485000046],[-70.08596836399994,43.68915308700008],[-70.09847294499997,43.679486644000065],[-70.09270511999995,43.674981485000046]]],[[[-70.15856970499993,43.678971656000044],[-70.13880956899999,43.70828379500006],[-70.16948737299998,43.68843592200005],[-70.15856970499993,43.678971656000044]]],[[[-70.19146766999995,43.715100660000076],[-70.18458595299995,43.719716445000074],[-70.19655647599996,43.716424360000076],[-70.19146766999995,43.715100660000076]]],[[[-70.15465582699994,43.709512129000075],[-70.14082373099995,43.71509684700004],[-70.15786017299996,43.71175898400003],[-70.15465582699994,43.709512129000075]]],[[[-70.11780583799998,43.70117701500004],[-70.10906254999998,43.708539382000026],[-70.12039983599993,43.70480097800004],[-70.11780583799998,43.70117701500004]]],[[[-70.09245335099996,43.69865931500004],[-70.08816562999993,43.707799332000036],[-70.11441075699997,43.68709315000007],[-70.09245335099996,43.69865931500004]]],[[[-70.02195772399995,43.72472133300005],[-70.02829775399994,43.72558345500005],[-70.03510317499996,43.714600938000046],[-70.02195772399995,43.72472133300005]]],[[[-70.09639012399998,43.746892356000046],[-70.09216343899993,43.75967540900007],[-70.13968695099999,43.72284831300004],[-70.12553441699998,43.70930995000003],[-70.09639012399998,43.746892356000046]]],[[[-69.93580657199993,43.721261405000064],[-69.93015319099999,43.72449245400003],[-69.94162017399998,43.72987117800005],[-69.93580657199993,43.721261405000064]]],[[[-70.12842596399997,43.76892986400003],[-70.12352789099998,43.778993039000056],[-70.15481604499996,43.75595226200005],[-70.11381566699998,43.76632442700003],[-70.12842596399997,43.76892986400003]]],[[[-70.05517612099999,43.74403896300004],[-70.04084811299998,43.75963726400005],[-70.04660067799995,43.762776759000076],[-70.05517612099999,43.74403896300004]]],[[[-70.09136235399995,43.788369567000075],[-70.10141026999997,43.78282299700004],[-70.09754979299998,43.77921047700005],[-70.09136235399995,43.788369567000075]]],[[[-70.07502018599996,43.797154817000035],[-70.06366764399996,43.80089322100008],[-70.06753574699997,43.80495587400003],[-70.07502018599996,43.797154817000035]]],[[[-70.04252658399997,43.78603115800007],[-70.03446993999995,43.79793301600006],[-70.04577670599997,43.79147091800007],[-70.04252658399997,43.78603115800007]]],[[[-124.31436638199995,43.29703187000007],[-124.31610774599994,43.30634443800005],[-124.31803160699997,43.295521122000025],[-124.31436638199995,43.29703187000007]]],[[[-70.02326998599995,43.811685004000026],[-70.03205142199994,43.805695927000045],[-70.02693972499998,43.803002750000076],[-70.02326998599995,43.811685004000026]]],[[[-70.05173526399994,43.807816899000045],[-70.03852115099994,43.81429807100005],[-70.05744968499994,43.80822507000005],[-70.05173526399994,43.807816899000045]]],[[[-70.00805696899994,43.81179944400003],[-69.99746736399999,43.82463208900003],[-70.00888857299998,43.825456064000036],[-70.00805696899994,43.81179944400003]]],[[[-124.326689725,43.34929411500008],[-124.37084103499996,43.33889524600005],[-124.39471340799997,43.31542341000005],[-124.38291835599995,43.27387754000006],[-124.32394185299995,43.29308466300006],[-124.326689725,43.34929411500008]]],[[[-69.63012715399998,43.800939011000025],[-69.62833424499996,43.81278746100003],[-69.63527699799994,43.80956785800004],[-69.63012715399998,43.800939011000025]]],[[[-69.31934365999996,43.75424330200008],[-69.30230721799995,43.76885359700003],[-69.31498727599995,43.772012166000025],[-69.31934365999996,43.75424330200008]]],[[[-69.64875051199994,43.82680647700005],[-69.64505025499994,43.83730071200006],[-69.66987631499995,43.84719603800005],[-69.68746970399997,43.830708912000034],[-69.65786001099997,43.78486768800008],[-69.64875051199994,43.82680647700005]]],[[[-69.57109851199993,43.866330565000055],[-69.57255572899999,43.889092868000034],[-69.58204669999998,43.88540787000005],[-69.57109851199993,43.866330565000055]]],[[[-69.67022726899995,43.88271469000006],[-69.66488669299997,43.92099899900006],[-69.68488334099999,43.889016569000034],[-69.67022726899995,43.88271469000006]]],[[[-69.31854257999998,43.85397476600008],[-69.30846414699994,43.87039322700008],[-69.31861887499997,43.87127823600008],[-69.31854257999998,43.85397476600008]]],[[[-69.28436288199998,43.872270058000026],[-69.29957589999998,43.869046637000054],[-69.29763803199995,43.86131043200004],[-69.28436288199998,43.872270058000026]]],[[[-69.42610182299995,43.91287751400006],[-69.42362226899996,43.92245240600005],[-69.42869581899998,43.92106767000007],[-69.42610182299995,43.91287751400006]]],[[[-69.31109628999997,43.890881971000056],[-69.31621561799994,43.90043397300008],[-69.32446299499998,43.89859147300007],[-69.31109628999997,43.890881971000056]]],[[[-69.69332908599995,43.90810150300007],[-69.65982840599997,43.98844285900003],[-69.71298241399995,43.90572113200005],[-69.73258996299995,43.89877838100006],[-69.70989250399998,43.85290282400007],[-69.69332908599995,43.90810150300007]]],[[[-69.31372843399998,43.91182847500005],[-69.30677042299993,43.91594072100003],[-69.31503305999996,43.91911073400007],[-69.31372843399998,43.91182847500005]]],[[[-69.44068160099994,43.90873093700003],[-69.42307295499995,43.936116655000035],[-69.43206038399995,43.95111604500005],[-69.44068160099994,43.90873093700003]]],[[[-69.34806835199998,43.92221589700006],[-69.34240733999997,43.93316408100003],[-69.35316478799996,43.92538972600005],[-69.34806835199998,43.92221589700006]]],[[[-68.89551539699994,43.81697602300005],[-68.87709803299998,43.83426423600008],[-68.88469691299997,43.839280562000056],[-68.89551539699994,43.81697602300005]]],[[[-69.36775982399996,43.92398591700004],[-69.35195171499998,43.93723817800003],[-69.36653912199995,43.93355318000005],[-69.36775982399996,43.92398591700004]]],[[[-69.12827304699994,43.86658997700005],[-69.11943820599998,43.89392610400006],[-69.12895969299996,43.89300676100004],[-69.12827304699994,43.86658997700005]]],[[[-69.27310189299993,43.91282792900006],[-69.26999673099994,43.929685078000034],[-69.28201303099996,43.91736360300007],[-69.27310189299993,43.91282792900006]]],[[[-69.29667673299997,43.93145128200007],[-69.29352579199997,43.936925374000054],[-69.30114755999995,43.93645235100007],[-69.29667673299997,43.93145128200007]]],[[[-69.22042090699995,43.91383882400004],[-69.21409613899993,43.92159029100003],[-69.22615821599999,43.922936879000076],[-69.22042090699995,43.91383882400004]]],[[[-69.39206708499995,43.955342733000066],[-69.38829816399993,43.96218630100003],[-69.39718641099995,43.96215578400006],[-69.39206708499995,43.955342733000066]]],[[[-69.32976542799997,43.94503923600007],[-69.32407389799994,43.951428855000074],[-69.33612071599998,43.94638963800003],[-69.32976542799997,43.94503923600007]]],[[[-69.42765059299995,43.957509481000045],[-69.41886915899994,43.974843468000074],[-69.43089308799995,43.96751924800003],[-69.42765059299995,43.957509481000045]]],[[[-69.33872996999997,43.959592308000026],[-69.36850750599996,43.945390186000054],[-69.34752666299994,43.941804371000046],[-69.33872996999997,43.959592308000026]]],[[[-68.89163966699994,43.86296602200008],[-68.89415736799998,43.87435289600006],[-68.90941615999998,43.848863083000026],[-68.89163966699994,43.86296602200008]]],[[[-69.00836944299994,43.898534262000055],[-69.01090240499997,43.90718981200007],[-69.01471710099997,43.89944597500005],[-69.00836944299994,43.898534262000055]]],[[[-69.03439331799996,43.909917320000034],[-69.03186035799996,43.91538378300004],[-69.03884125599996,43.916291681000075],[-69.03439331799996,43.909917320000034]]],[[[-69.38153089099995,44.00229022100007],[-69.39297498599996,44.002255889000025],[-69.39469159899994,43.97036501300005],[-69.38153089099995,44.00229022100007]]],[[[-69.37512982599998,43.99411150900005],[-69.36694348299994,44.00916430800004],[-69.37266553099994,44.00914904900003],[-69.37512982599998,43.99411150900005]]],[[[-68.75009146299993,43.88190600200005],[-68.72974386199996,43.89325091400008],[-68.74752798599997,43.888734311000064],[-68.75009146299993,43.88190600200005]]],[[[-69.14312748999998,43.99001071600003],[-69.14060216099995,43.99867008000007],[-69.15837865399993,43.989537692000056],[-69.14312748999998,43.99001071600003]]],[[[-69.11136630999994,43.999608497000054],[-69.12725071499995,43.998227575000044],[-69.11325840099994,43.99459598400006],[-69.11136630999994,43.999608497000054]]],[[[-69.04592134599994,44.059323781000046],[-69.04466249499995,44.06752538200004],[-69.04974367399996,44.06661366900005],[-69.04592134599994,44.059323781000046]]],[[[-68.88182827099996,44.03148793400004],[-68.88817593099998,44.03923939900005],[-68.89327999499994,44.029222004000076],[-68.88182827099996,44.03148793400004]]],[[[-68.85827632299998,44.03693532400007],[-68.87290950599998,44.042870993000065],[-68.85002894399997,44.02918004300005],[-68.85827632299998,44.03693532400007]]],[[[-69.03384400999994,44.07390737000003],[-69.03639222899994,44.08438634600003],[-69.04466249599994,44.074357504000034],[-69.03384400999994,44.07390737000003]]],[[[-90.78330195299998,46.72466738600008],[-90.81512416799995,46.72665865600004],[-90.77916681799996,46.71645052700006],[-90.78330195299998,46.72466738600008]]],[[[-92.08427433099996,46.77373575200005],[-92.08712009399994,46.764588106000076],[-92.02797700299999,46.71304772800005],[-92.08427433099996,46.77373575200005]]],[[[-68.87541194799996,44.06382894300003],[-68.86776729399998,44.06382131500004],[-68.88240810699995,44.06702566100006],[-68.87541194799996,44.06382894300003]]],[[[-68.89384457399996,44.07614660300004],[-68.90146634099995,44.084355833000075],[-68.89767453099995,44.06840658100003],[-68.89384457399996,44.07614660300004]]],[[[-68.81680292199997,44.08791113400008],[-68.80151361099996,44.092896944000074],[-68.80722802999998,44.097920901000066],[-68.81680292199997,44.08791113400008]]],[[[-68.86195369499995,44.10664511400006],[-68.88548275899996,44.123982916000045],[-68.91100308899996,44.09620809900008],[-68.87599178499994,44.089345458000025],[-68.88301845799998,44.08069372300008],[-68.86138148899994,44.07566213700005],[-68.87096401199994,44.05972432900006],[-68.84873194699998,44.04010915300006],[-68.82388300199995,44.05693960000008],[-68.81249993999995,44.03368901700003],[-68.78061669199997,44.06051779000006],[-68.78052513899996,44.08876562800003],[-68.82827753599997,44.083367828000064],[-68.86195369499995,44.10664511400006]]],[[[-68.63992297999994,44.07570792000007],[-68.63543689499994,44.08115912300008],[-68.66983784599995,44.07578421200003],[-68.63992297999994,44.07570792000007]]],[[[-68.83644862199998,44.12438727500006],[-68.84535212899993,44.12986518100007],[-68.84413142499994,44.10799170300004],[-68.83078760799998,44.097497469000075],[-68.80592340399994,44.10976553800003],[-68.83644862199998,44.12438727500006]]],[[[-68.59808336499998,44.04733801300006],[-68.59912859399998,44.08743811800008],[-68.62139880399997,44.08749915200008],[-68.65595997099996,44.05114507900004],[-68.64449298799997,44.05430746400003],[-68.65300739099996,44.007401938000044],[-68.62113940099994,44.02007055100006],[-68.61483751899993,44.010488028000054],[-68.59808336499998,44.04733801300006]]],[[[-68.61055743099996,44.091115486000035],[-68.60353838599997,44.09473944900003],[-68.61946093699999,44.09250785100005],[-68.61055743099996,44.091115486000035]]],[[[-68.81668085499996,44.135297312000034],[-68.80584711099993,44.13755942800003],[-68.82559199099995,44.13712836700006],[-68.81668085499996,44.135297312000034]]],[[[-68.63278186599996,44.10210944500005],[-68.65373981999994,44.11264564000004],[-68.64933765699993,44.10169745700006],[-68.63278186599996,44.10210944500005]]],[[[-68.78673547099999,44.13662101400007],[-68.78224938599993,44.14663841000004],[-68.79245751899998,44.140729443000055],[-68.78673547099999,44.13662101400007]]],[[[-68.63202655599997,44.12397910800007],[-68.62625873199994,44.12988426100003],[-68.63645160599998,44.12900306500006],[-68.63202655599997,44.12397910800007]]],[[[-68.61867511099996,44.118928449000066],[-68.60781085099995,44.127099532000045],[-68.61478411999997,44.132131118000075],[-68.61867511099996,44.118928449000066]]],[[[-68.66189564699994,44.137273331000074],[-68.67523946099993,44.14459373400007],[-68.66638936099997,44.13044883500004],[-68.66189564699994,44.137273331000074]]],[[[-68.64595783599998,44.14042045600007],[-68.65037525699995,44.14772178800007],[-68.65293873499996,44.14454033000004],[-68.64595783599998,44.14042045600007]]],[[[-68.81655115699994,44.181775592000065],[-68.90582273099994,44.154073253000035],[-68.93962858899994,44.11718130700007],[-68.88098141499995,44.14721442600006],[-68.87400814399996,44.12944174900008],[-68.80071252899995,44.15076591300004],[-68.81655115699994,44.181775592000065]]],[[[-68.60138689799999,44.136189957000056],[-68.60006701299994,44.14347984600005],[-68.60644518899994,44.14258720600003],[-68.60138689799999,44.136189957000056]]],[[[-68.63063037799998,44.14630272100004],[-68.62231433599999,44.15265800700007],[-68.63571155599993,44.148595354000065],[-68.63063037799998,44.14630272100004]]],[[[-68.50035842099999,44.10304786300003],[-68.49323256499997,44.119424363000064],[-68.51037581999998,44.126321337000036],[-68.51624282599994,44.106751935000034],[-68.50035842099999,44.10304786300003]]],[[[-90.75947536199999,46.82903370500003],[-90.72629511999997,46.863747456000056],[-90.75019801999997,46.86444935900005],[-90.75947536199999,46.82903370500003]]],[[[-90.67600975399995,46.79719624200004],[-90.67962609199998,46.81414113000005],[-90.57926901099995,46.839749202000064],[-90.62292442399996,46.87151800400005],[-90.73438227099996,46.799435466000034],[-90.79177059199998,46.78514178800003],[-90.79037440599996,46.747998077000034],[-90.65796622999994,46.78909001200003],[-90.67600975399995,46.79719624200004]]],[[[-68.43270855699996,44.12282707600008],[-68.43455487199998,44.131036305000066],[-68.45049268199995,44.12882378000006],[-68.43270855699996,44.12282707600008]]],[[[-68.94783019599998,44.21698143500004],[-68.93441008799994,44.239308863000076],[-68.94972991599997,44.22518685000006],[-68.94783019599998,44.21698143500004]]],[[[-90.68938409999998,46.876923426000076],[-90.67370569099995,46.89128576500008],[-90.70806849399997,46.882725580000056],[-90.68938409999998,46.876923426000076]]],[[[-68.77889245499995,44.200402763000056],[-68.76607506899995,44.21769860400008],[-68.78585809399993,44.21363213500007],[-68.77889245499995,44.200402763000056]]],[[[-68.33527352699997,44.12191918000008],[-68.37480906199994,44.11618568800003],[-68.33227517299997,44.103219531000036],[-68.33527352699997,44.12191918000008]]],[[[-68.61443316899994,44.19319298900007],[-68.63736713899993,44.19644692500003],[-68.62087238099997,44.183183221000036],[-68.61443316899994,44.19319298900007]]],[[[-90.49611621799994,46.86745154500005],[-90.45206408599995,46.89575660400004],[-90.52009541299998,46.87324225500004],[-90.49611621799994,46.86745154500005]]],[[[-68.81706232999994,44.230084926000075],[-68.81511683499997,44.24147561500007],[-68.83235927099997,44.232381375000045],[-68.81706232999994,44.230084926000075]]],[[[-68.93885802699998,44.256631406000054],[-68.94778442199998,44.26939538500005],[-68.96501922899995,44.250714809000044],[-68.93885802699998,44.256631406000054]]],[[[-68.79284662399994,44.22366860500006],[-68.78008264199997,44.225469143000055],[-68.79726404499996,44.23780206200007],[-68.79284662399994,44.22366860500006]]],[[[-91.02193425599995,46.93652042600007],[-91.02996038199996,46.938729135000074],[-91.03054784599999,46.93550571600008],[-91.02193425599995,46.93652042600007]]],[[[-68.75767510399999,44.248673953000036],[-68.76472466499996,44.24094155800003],[-68.74620812099994,44.24455407700003],[-68.75767510399999,44.248673953000036]]],[[[-68.56217180099998,44.19166329600006],[-68.59202563199995,44.209989104000044],[-68.59468065999994,44.19313576800005],[-68.56217180099998,44.19166329600006]]],[[[-68.60213458499999,44.22596887200007],[-68.61424243699997,44.22782663100003],[-68.60535418799998,44.22096780500004],[-68.60213458499999,44.22596887200007]]],[[[-68.38777141099996,44.162721188000035],[-68.40794353799998,44.18787530600008],[-68.44506818399998,44.16935113000005],[-68.45258314199998,44.18533471600006],[-68.49292739099997,44.159974602000034],[-68.48793776399998,44.14582970200007],[-68.43434124999999,44.15654900700008],[-68.40778331699994,44.13319542500005],[-68.39244822999996,44.13722756100003],[-68.38777141099996,44.162721188000035]]],[[[-68.46395094299999,44.19905236900007],[-68.45565015899996,44.19992975100007],[-68.45878584199994,44.207234895000056],[-68.46395094299999,44.19905236900007]]],[[[-68.58171831699997,44.22636178800008],[-68.57341753199995,44.22861627300006],[-68.58934771499997,44.231401005000066],[-68.58171831699997,44.22636178800008]]],[[[-68.24012731799996,44.146016631000066],[-68.24377416899995,44.16152719100006],[-68.25144934299993,44.158380065000074],[-68.24012731799996,44.146016631000066]]],[[[-68.72826377999996,44.26593927500005],[-68.75057976599999,44.271451513000045],[-68.75125115199995,44.26188043600007],[-68.72826377999996,44.26593927500005]]],[[[-68.48688491099995,44.20096734700007],[-68.47282393199998,44.20592264000004],[-68.47656996599994,44.21550897600008],[-68.48688491099995,44.20096734700007]]],[[[-68.34499338099994,44.170720610000046],[-68.33275582999994,44.18433145200004],[-68.35255411499998,44.179872071000034],[-68.34499338099994,44.170720610000046]]],[[[-90.73935666099999,46.95817648500008],[-90.77033201099994,46.944584715000076],[-90.74583401199999,46.91405187500004],[-90.69602168099999,46.913582672000075],[-90.69840205599996,46.935131898000066],[-90.73935666099999,46.95817648500008]]],[[[-68.37419871399999,44.18316415400005],[-68.35115030599997,44.193994083000064],[-68.35681894799995,44.20131067300008],[-68.37419871399999,44.18316415400005]]],[[[-68.23919653199994,44.171529330000055],[-68.23657964899996,44.17743829700004],[-68.24934363099999,44.176599063000026],[-68.23919653199994,44.171529330000055]]],[[[-68.47462446999998,44.21960214500007],[-68.46627028099994,44.227773229000036],[-68.47708876599995,44.23146204400007],[-68.47462446999998,44.21960214500007]]],[[[-90.52904470499999,46.936043624000035],[-90.51467855099997,46.95221794400004],[-90.53615530799999,46.96582878300006],[-90.64134942599998,46.93883216100005],[-90.65890466399998,46.91757284800008],[-90.64272271099998,46.903481354000064],[-90.56732138699994,46.92106711800005],[-90.55512197899998,46.90555655700007],[-90.52904470499999,46.936043624000035]]],[[[-68.66693868699997,44.27765040000003],[-68.69515982499996,44.24717859100008],[-68.68506613099999,44.22391275000007],[-68.73033897399995,44.224465879000036],[-68.70114126899995,44.19387200300008],[-68.71525565199994,44.171571278000044],[-68.67456807599996,44.15097191000007],[-68.63883960899994,44.15953972300008],[-68.64768971099994,44.17460014900007],[-68.62476337299995,44.17043831400008],[-68.65901173799995,44.20425179600005],[-68.60732257299998,44.211400542000035],[-68.65897359199994,44.21245339800004],[-68.60911548299998,44.23145822400005],[-68.60775745099994,44.24649576200005],[-68.66693868699997,44.27765040000003]]],[[[-90.80130736399997,46.96540914800005],[-90.79085509199996,46.97469030900004],[-90.81004302599996,46.97037588500007],[-90.80130736399997,46.96540914800005]]],[[[-68.31987740799997,44.197480718000065],[-68.30966927499998,44.197885076000034],[-68.32803323399997,44.21074060700005],[-68.33449533199996,44.20211557500005],[-68.31987740799997,44.197480718000065]]],[[[-90.66350519699995,46.95241629700007],[-90.63792383299995,46.971451641000044],[-90.66844904899995,46.968899607000026],[-90.67755091799995,46.957344886000044],[-90.66350519699995,46.95241629700007]]],[[[-90.87476320099995,46.98259817200005],[-90.88352937699995,46.98848043500004],[-90.85804718999998,46.97771536000005],[-90.87476320099995,46.98259817200005]]],[[[-68.69055929899997,44.276795908000054],[-68.68604269599996,44.28726725400003],[-68.74023430599993,44.30516200000005],[-68.72563926699996,44.28325419000004],[-68.69055929899997,44.276795908000054]]],[[[-90.93003055099996,46.986622675000035],[-90.93624851199996,46.997578486000066],[-90.98826573499997,46.974987842000075],[-90.94406100799995,46.95985493900008],[-90.93003055099996,46.986622675000035]]],[[[-90.70435299599995,47.00577247200005],[-90.71656002699996,46.982712623000054],[-90.67491878199996,46.99592674000007],[-90.70435299599995,47.00577247200005]]],[[[-90.61230432099995,46.989106064000055],[-90.61455499499993,47.004238970000074],[-90.62919580699997,47.00503242700006],[-90.61230432099995,46.989106064000055]]],[[[-68.46595747799995,44.267880965000074],[-68.48499282399996,44.28208308600006],[-68.48827346499996,44.27070002600004],[-68.46595747799995,44.267880965000074]]],[[[-90.75533262399995,46.99384009500005],[-90.75383726499996,47.02048194500003],[-90.78250853899999,47.02388846700006],[-90.75533262399995,46.99384009500005]]],[[[-68.25938391999995,44.249570420000055],[-68.26887489199999,44.256459765000045],[-68.27229285899995,44.235059309000064],[-68.24798560099998,44.241757920000055],[-68.25938391999995,44.249570420000055]]],[[[-68.19316838199995,44.23733668600005],[-68.19180272199998,44.245076708000056],[-68.20462010899996,44.24059443700003],[-68.19316838199995,44.23733668600005]]],[[[-68.86978147199994,44.34454875200004],[-68.86078641199998,44.36778789200008],[-68.87608335499993,44.39151149800006],[-68.91000365299993,44.366464191000034],[-68.91770934199997,44.33546977000003],[-68.90430449199994,44.32908015000004],[-68.93947600999996,44.28488687400005],[-68.91586302499996,44.276670016000025],[-68.92867277999994,44.23656991000007],[-68.88645932999998,44.30490641000006],[-68.90113829099994,44.30902246900007],[-68.89472196899999,44.32724909600006],[-68.86978147199994,44.34454875200004]]],[[[-90.64879573099995,47.02277839900006],[-90.65106166399994,47.038369069000055],[-90.65821803599994,47.02912605600005],[-90.64879573099995,47.02277839900006]]],[[[-90.55856284999999,46.99549568600003],[-90.55142936599998,47.00657357000006],[-90.57847557999997,47.03390587800004],[-90.55856284999999,46.99549568600003]]],[[[-68.22602056799997,44.26579051600004],[-68.24019598799998,44.253564409000035],[-68.21720098399999,44.25571208500003],[-68.22602056799997,44.26579051600004]]],[[[-90.66312374099994,47.043320546000075],[-90.65394557699994,47.05120171200008],[-90.69630398699996,47.03844154600006],[-90.69997372399996,47.020962601000065],[-90.68725551899996,47.016480330000036],[-90.66312374099994,47.043320546000075]]],[[[-68.44976789899994,44.29698711000003],[-68.44644148299994,44.313840447000075],[-68.45536787799995,44.315240440000025],[-68.44976789899994,44.29698711000003]]],[[[-68.24443030299994,44.27455669300008],[-68.26997352599994,44.27333217300003],[-68.25534034099996,44.26914744900006],[-68.24443030299994,44.27455669300008]]],[[[-90.73129240299994,47.05971229800008],[-90.73220030399995,47.07256401500007],[-90.74009672899996,47.067440875000045],[-90.73129240299994,47.05971229800008]]],[[[-90.59550439899994,47.058106319000046],[-90.59170496099995,47.07007684100006],[-90.59639703999994,47.07187737800007],[-90.59550439899994,47.058106319000046]]],[[[-90.40004688199997,47.072838696000076],[-90.45383412999996,47.06329431700004],[-90.47331959799999,46.98602761300003],[-90.41193347599994,47.01766672100007],[-90.40004688199997,47.072838696000076]]],[[[-68.87025449799995,44.42934567300006],[-68.88108824299997,44.45580060300006],[-68.88878630399995,44.443952152000065],[-68.87025449799995,44.42934567300006]]],[[[-68.47638686699997,44.32262188000004],[-68.50466141599998,44.386544772000036],[-68.51748643099995,44.380666322000025],[-68.52745805199999,44.326001699000074],[-68.47638686699997,44.32262188000004]]],[[[-68.43021375399996,44.34522396700004],[-68.42035657799994,44.377091954000036],[-68.44863875099998,44.357610290000025],[-68.44316084199994,44.32385402800003],[-68.43021375399996,44.34522396700004]]],[[[-68.38558941599996,44.40429075000003],[-68.38615399199995,44.41295774400004],[-68.39257794399998,44.40934141200006],[-68.38558941599996,44.40429075000003]]],[[[-68.09336824599995,44.35429914300005],[-68.09706087499995,44.36480863500003],[-68.10282106899996,44.36439283400006],[-68.09336824599995,44.35429914300005]]],[[[-68.07449047499995,44.372204141000054],[-68.07300538499999,44.34777600900003],[-68.05206268999996,44.33759839600003],[-68.07449047499995,44.372204141000054]]],[[[-68.12944003699994,44.381436902000075],[-68.12724277199999,44.40330656400005],[-68.14791843599994,44.386571487000026],[-68.12944003699994,44.381436902000075]]],[[[-68.24021888499993,44.42223509400003],[-68.24520851099999,44.43411788000003],[-68.31867960499994,44.443631733000075],[-68.33679179399996,44.424119552000036],[-68.36495189799996,44.423337539000045],[-68.35044078299995,44.40184553100005],[-68.39478283999995,44.377435278000064],[-68.41551190799998,44.345613066000055],[-68.40930157799994,44.325074732000076],[-68.43050367199999,44.31012492900004],[-68.40728741399994,44.263074446000076],[-68.36787394799995,44.24648432500004],[-68.36610392699998,44.23052363000005],[-68.34934214299994,44.249131728000066],[-68.33046701099994,44.22260050400007],[-68.28939796899994,44.24654536400004],[-68.32039621199993,44.27314525200006],[-68.30918862899995,44.30818325200005],[-68.32212045899996,44.35611493300007],[-68.30735757599996,44.36287457700007],[-68.29464699699997,44.29443126700005],[-68.28131843899996,44.28661113700008],[-68.18720982699995,44.30931622000003],[-68.17228672899995,44.32837063800008],[-68.18138097099995,44.36854322200003],[-68.24021888499993,44.42223509400003]]],[[[-68.08801240999998,44.372499066000046],[-68.09098787599999,44.388932786000055],[-68.10890355699996,44.40788268700004],[-68.08801240999998,44.372499066000046]]],[[[-68.12081118999998,44.40599974300005],[-68.11687441999999,44.41372450800003],[-68.13215610399993,44.41884001600005],[-68.12081118999998,44.40599974300005]]],[[[-68.77275843699994,44.50855787900008],[-68.76560206399995,44.54183730500006],[-68.78794856999997,44.565583797000045],[-68.79320522299997,44.52546461900005],[-68.77275843699994,44.50855787900008]]],[[[-68.13204166399998,44.427960959000075],[-68.13873599899995,44.438776749000056],[-68.14031955999997,44.43074950300007],[-68.13204166399998,44.427960959000075]]],[[[-68.17822240599997,44.47157058500005],[-68.18747773099994,44.489182432000064],[-68.18069433199997,44.47842559700007],[-68.18905614999994,44.47528228600004],[-68.17822240599997,44.47157058500005]]],[[[-68.19611576499994,44.49810623500008],[-68.19584631399994,44.496297457000026],[-68.18807639399995,44.48980098900006],[-68.19611576499994,44.49810623500008]]],[[[-68.25371120499995,44.55753707000008],[-68.24593330999994,44.54173813700004],[-68.23059583699995,44.53369970000006],[-68.25371120499995,44.55753707000008]]],[[[-68.26783529699998,44.57209269300006],[-68.43724323299995,44.71918302900008],[-68.52570381799995,44.760682075000034],[-69.23615406899995,44.78839695100004],[-69.35301920499995,44.75975309900008],[-69.45790778299994,44.68459450100005],[-69.45056439999996,44.59801690900008],[-69.55116488199997,44.326081241000054],[-69.98902474199997,44.12738235000006],[-70.09571950799995,43.97143561200005],[-70.30208130599993,43.74796035800006],[-70.52571094599995,43.581955409000045],[-70.75679882799994,43.551779735000025],[-70.94059478099996,43.55409680100007],[-71.47933200199998,43.37542541000005],[-71.60083698299997,43.30248083200007],[-71.87101051999997,43.05189657000005],[-71.96133255799998,42.90447460400003],[-72.11299453199996,42.76857972400006],[-72.33645773199999,42.69385923500005],[-72.55287502699997,42.70068203500006],[-72.80235044099999,42.48395911600005],[-73.64226829999996,42.10863598800006],[-74.04888145099994,42.031927445000065],[-74.12383693299995,41.92215889400006],[-74.23947844899999,41.82108407100003],[-74.34018812099998,41.672722650000026],[-74.31962624799996,41.63566669700003],[-74.07409777399994,41.64368701400008],[-73.56199665099996,41.70912183300004],[-73.45462905899996,41.751166330000046],[-73.00751130799995,41.733313862000045],[-72.26013007099994,41.74169982600006],[-72.13788967899995,41.770452902000045],[-71.87556861299998,41.984826621000025],[-71.71922878899994,42.028752068000074],[-71.61989019799995,42.03240846800003],[-71.55807820899997,42.01532176000006],[-71.51802495799996,41.98492627100006],[-71.54174608899996,41.68588772600003],[-71.60181514299995,41.36659569200003],[-71.52894403099998,41.376747918000035],[-71.53525235199999,41.39348124000003],[-71.51909706099997,41.39215172100006],[-71.51133234599996,41.42219292100003],[-71.49393457899998,41.42848070600007],[-71.49478456899993,41.38849069200006],[-71.51113196999995,41.38171470900005],[-71.48843568699994,41.36128459300005],[-71.44665511799997,41.43989291100007],[-71.46844846199997,41.440456803000075],[-71.45258455999993,41.45335015500007],[-71.44904234799998,41.51179851100005],[-71.45082455299996,41.452102929000034],[-71.42842167999999,41.45431222900004],[-71.41853398599994,41.52874461600004],[-71.44794531399998,41.57823650800003],[-71.40188664599998,41.59318631100007],[-71.41353673499998,41.60136883800004],[-71.40308445999995,41.61316388400007],[-71.41597051199994,41.62225049500006],[-71.40491551799994,41.624966560000075],[-71.40916509299996,41.663102096000046],[-71.44235297099993,41.66629499700008],[-71.44725104499997,41.68990416300005],[-71.37596958799998,41.66715712100006],[-71.36605137399994,41.71164031500007],[-71.34882419599995,41.71616073300004],[-71.37648838999996,41.72300048500006],[-71.40465612799994,41.81791017100005],[-71.36886662899997,41.85329531100007],[-71.38803930199998,41.808361982000065],[-71.37148350699994,41.76702972900006],[-71.30703035799996,41.70702453100006],[-71.29712740199994,41.72971054100003],[-71.32105319299995,41.75471588600004],[-71.31302706799994,41.76378342400005],[-71.30508486499997,41.74334427100007],[-71.28108278099995,41.746483769000065],[-71.30655733099996,41.65481657500004],[-71.28746095299994,41.67022032600005],[-71.25865234799994,41.64792723200003],[-71.23764862099995,41.677849724000055],[-71.25659241499994,41.70966430500005],[-71.24248565899995,41.698285061000036],[-71.17170774399995,41.71361633500004],[-71.14452420299995,41.73851486900003],[-71.11763058399998,41.81879900400003],[-71.10616359699998,41.777447678000044],[-71.19830381899999,41.67963118900008],[-71.21073973499995,41.64419645900006],[-71.20603239399998,41.59379666900003],[-71.22151243799993,41.560696535000034],[-71.20825254299996,41.50302211500008],[-71.19678555699994,41.460781964000034],[-71.17642503399998,41.46009070500003],[-71.10103056099996,41.50443684000004],[-71.11791285499999,41.54096691900003],[-71.07018334699995,41.52174847200007],[-71.07282312199999,41.59257215500003],[-71.04508262999997,41.513947415000075],[-71.07208306599995,41.51222698600003],[-71.03938604599995,41.48546676700005],[-71.02056885399998,41.508724475000065],[-70.98359130699998,41.518831308000074],[-70.98632034199994,41.541779344000076],[-71.00638550899998,41.54493093600007],[-71.00417620299999,41.565200454000035],[-70.98503568399997,41.54372742900006],[-70.95123456299996,41.677469047000045],[-70.89302227199994,41.759324596000056],[-70.63837316899998,41.948930474000065],[-70.71047260399996,41.99165747400008],[-70.69168674199994,42.014793944000075],[-70.67278329499999,42.00687579400005],[-70.67004380599997,42.03887452500004],[-70.65421339099998,42.04410652800004],[-70.66690657599997,42.06330903800006],[-70.61380832299994,42.016672896000046],[-70.63751959499996,41.99725232800006],[-70.60010711899997,42.00269321900004],[-70.64450296999996,42.05348693700006],[-70.64140820899996,42.089520065000045],[-70.70192876099998,42.15603966500004],[-70.68016343099998,42.11943120300003],[-70.68984093299997,42.10451880100004],[-70.68111564599997,42.11956150000003],[-70.69374769299998,42.13688767800005],[-70.74032799399998,42.16043455500005],[-70.73569707099995,42.17398233400007],[-70.71604302899993,42.16746510200005],[-70.71576304899997,42.19188760500003],[-70.76540139999997,42.25122827300004],[-70.78921478999996,42.22878476100004],[-70.79667713399994,42.25571926400005],[-70.85276912999996,42.268922445000044],[-70.88191552099994,42.30930750700003],[-70.91791635999994,42.30445424700008],[-70.88608664999998,42.30458620500008],[-70.85138305399994,42.26190221000007],[-70.89405875799997,42.24712474700004],[-70.90757042099995,42.260815696000066],[-70.92381207599993,42.22733806400004],[-70.94732720699994,42.249634816000025],[-70.96700805299997,42.22324557500008],[-70.98416576299996,42.25290294500007],[-70.96686083199995,42.24941467200006],[-70.95070108399995,42.270480328000076],[-70.99486262699997,42.265703580000036],[-71.01951756099999,42.284818495000025],[-70.99528326299998,42.30360965500006],[-71.02756557899994,42.29901607900007],[-71.05928766999995,42.26704945200004],[-71.03923272799994,42.28548678300007],[-71.05219814399999,42.30509036500007],[-71.04417878499999,42.32945883700006],[-71.01545898999996,42.33842154900003],[-71.06020963899994,42.34385067800008],[-71.04783672599996,42.380081070000074],[-71.10098379199997,42.41241149800004],[-71.08409513799995,42.401328370000044],[-71.07329596699998,42.41230400000006],[-71.05601242999995,42.38783244700005],[-71.02379944799998,42.38601975000006],[-71.01024227699997,42.40049632100005],[-71.04006135699996,42.38348881600007],[-71.03898072399994,42.36448775000008],[-70.98871505699998,42.356073595000055],[-71.01597138699998,42.374027682000076],[-70.99037535599996,42.38736196000008],[-70.95464380499993,42.34461698100006],[-70.99061067599996,42.410353533000034],[-70.96080545499996,42.44130178900008],[-70.99896561299994,42.430884562000074],[-70.97300605299995,42.44416293200004],[-70.98323615199996,42.455108403000054],[-70.96295071599997,42.44527694300007],[-70.94264874299995,42.45889705400003],[-70.93634608499997,42.41834845500006],[-70.90590899199998,42.41669782500003],[-70.93372163099997,42.43183815000003],[-70.93285656099994,42.460206302000074],[-70.89009882699997,42.46411258400008],[-70.83458924399997,42.49838919600006],[-70.85433429999995,42.491763125000034],[-70.84483096899999,42.512864379000064],[-70.86120658999994,42.518220074000055],[-70.88651655999996,42.497676322000075],[-70.87201882899996,42.53007261800008],[-70.89645536999996,42.52565418200004],[-70.93164373099995,42.54555292600003],[-70.91998121399996,42.55603777600004],[-70.87905174999997,42.54102815400006],[-70.70954872599998,42.57288727900004],[-70.67710745999995,42.604122450000034],[-70.69067602399997,42.61819789700007],[-70.70714899499995,42.61153692700003],[-70.68962376499996,42.64621554400003],[-70.71279956699993,42.658299604000035],[-70.73986103699997,42.63527790100005],[-70.75976613299997,42.638573800000074],[-70.77186635999993,42.673184554000045],[-70.73516895799997,42.66479603400006],[-70.73683319299994,42.67535670600006],[-70.81839042399997,42.697980090000044],[-70.81549125599997,42.738877467000066],[-70.77307825599996,42.70314490000004],[-70.80920134299998,42.80649941200005],[-70.84551293599998,42.79858511900005],[-70.88967951599994,42.81925696700006],[-70.81654411499994,42.82253379400004],[-70.81530815799994,42.88429756800008],[-70.83278710599996,42.887570579000055],[-70.83630425999996,42.91168709900006],[-70.81329399799995,42.897927484000036],[-70.71350149299997,43.03966259100008],[-70.76412254299998,43.05136226800005],[-70.74019675599999,43.06031918100007],[-70.74631553199998,43.07400250100005],[-70.79807336299996,43.102940799000066],[-70.85192927799994,43.11504483200008],[-70.86046657099996,43.07415127100006],[-70.83808191999998,43.05266689300004],[-70.88755092999997,43.060181846000035],[-70.91778622799995,43.04394649200003],[-70.92260037999995,43.06761669100007],[-70.86844692099999,43.092381712000076],[-70.88260708399997,43.122472049000066],[-70.81902368799996,43.12673306900007],[-70.73998313299995,43.07913327000006],[-70.72558645999999,43.08023190500006],[-70.73400168699999,43.115601783000045],[-70.70829824599997,43.09137845200007],[-70.71745352399995,43.08125042800003],[-70.69234517799998,43.08066677900007],[-70.69516042399994,43.06743740700006],[-70.67148640499994,43.07410931600003],[-70.61717273299996,43.164864797000064],[-70.59580279199997,43.16421629900003],[-70.60383654999998,43.185502314000075],[-70.57931566699995,43.21218612600006],[-70.59579516699995,43.245198523000056],[-70.55785417999994,43.31891374700007],[-70.51432847199999,43.34308367300008],[-70.46448561999995,43.33864336800008],[-70.43466993699997,43.35808307100007],[-70.42526289299997,43.390042609000034],[-70.39077038799996,43.39814884300006],[-70.37245983799994,43.42792256200005],[-70.33123057799997,43.447461446000034],[-70.36698956099997,43.43799336400008],[-70.35710949199995,43.44856007800007],[-70.38420148299997,43.478772485000036],[-70.34023327199998,43.55296836200006],[-70.32193034899996,43.55360541600004],[-70.31066935699994,43.52686057000005],[-70.27114145399997,43.57413612300007],[-70.25873605299995,43.55194984100007],[-70.20266761399995,43.56021247900003],[-70.21526374899997,43.59378182000006],[-70.20690193399997,43.62117516700005],[-70.23216286799999,43.65463006600004],[-70.25711862499998,43.63618218600004],[-70.28255503499997,43.643224118000035],[-70.24178353799994,43.66227853600003],[-70.25351755399998,43.71498240300008],[-70.21912423099997,43.70392359300007],[-70.18555488899995,43.77526226100008],[-70.17420997599999,43.778550532000054],[-70.17711677399996,43.763497733000065],[-70.10937535999994,43.805070313000044],[-70.09473454899995,43.84071103900004],[-70.08335148799995,43.84262983000008],[-70.09630620299998,43.820207036000056],[-70.06093632099999,43.82869474000006],[-70.06204258199995,43.81866590000004],[-70.01704440099996,43.86182920700003],[-69.98988374599998,43.870232988000055],[-70.02349886899998,43.82716504900003],[-69.94595367899996,43.859624315000076],[-70.03932986299998,43.74279918700006],[-70.01857027399996,43.75252285200003],[-70.01965364799997,43.740220452000074],[-69.99825318899997,43.74903621900006],[-69.99916871799996,43.76815548600007],[-69.93580658099995,43.85969679400006],[-69.92951995499993,43.81784574200003],[-69.93669158899996,43.83236448400004],[-69.99799378799997,43.73127880100003],[-69.94927246199995,43.779450808000036],[-69.93966704999997,43.771779450000054],[-69.90685301699995,43.82983915400007],[-69.91028624399996,43.80158368700006],[-69.88800077499997,43.79399243800003],[-69.88813047699995,43.85273878700008],[-69.86563138699995,43.87930434400005],[-69.85416440299997,43.87527602400007],[-69.87066678599996,43.825986312000055],[-69.84735897899998,43.838433671000075],[-69.86469296699994,43.805077950000054],[-69.84940365499995,43.79925672200005],[-69.87398556999995,43.78816739500007],[-69.85003689399997,43.74825039600006],[-69.85331753099996,43.706338310000035],[-69.78156305399995,43.741391571000065],[-69.78737665399996,43.751828585000055],[-69.79991938299997,43.74128094400004],[-69.78690363399994,43.76549283300005],[-69.80371882499998,43.794534128000066],[-69.79033686199995,43.78823987700008],[-69.81213405099999,43.80951063200007],[-69.79698207199993,43.868802483000024],[-69.82614162699997,43.866803581000056],[-69.81163051799996,43.92701477300005],[-69.83429745899997,43.962857675000066],[-69.82817868399997,43.98248048100004],[-69.88181334199999,43.95207352300008],[-69.88398009299993,43.97210450100005],[-69.78665187999997,44.07339617900004],[-69.76232173199998,44.060323210000035],[-69.76663234099993,44.04754397100004],[-69.79068020099999,44.03692385200003],[-69.81369808799997,43.993958908000025],[-69.78929163999999,43.862473898000076],[-69.80082728499997,43.81823103100004],[-69.78994776499997,43.80964414700003],[-69.77363611599998,43.824769425000056],[-69.78092218699999,43.79603711900006],[-69.76647973499996,43.751950657000066],[-69.72369407799994,43.77860013700007],[-69.70349906799999,43.84792845800007],[-69.72316765299996,43.848275596000065],[-69.74811577999998,43.809888288000025],[-69.73346734099994,43.862794335000046],[-69.73931145999995,43.87505858900005],[-69.75756860599995,43.86174529300007],[-69.77506281499996,43.89398330500006],[-69.74681116099998,43.922387548000074],[-69.74783349799998,43.89960617000003],[-69.73584771499998,43.906503145000045],[-69.73170495399995,43.93476624200008],[-69.70317100999995,43.93902344600008],[-69.66069815899994,44.01257845300006],[-69.61963674699996,44.04147479100004],[-69.67196677499999,43.930528114000026],[-69.61989613899993,43.93032593700008],[-69.62226125099994,43.911187598000026],[-69.65663168599997,43.920587012000055],[-69.66382620499996,43.87682479700004],[-69.67523215199998,43.875401913000076],[-69.66358206199999,43.85178130400004],[-69.62359639299996,43.849698481000075],[-69.62403126699996,43.82783644700004],[-69.59197254099996,43.859864653000045],[-69.60487384999993,43.81198637700004],[-69.58466357799995,43.82118742900008],[-69.57290667899997,43.854936062000036],[-69.59082813299995,43.87444442900005],[-69.58045215699997,43.92185349300007],[-69.60063953999997,43.907185980000065],[-69.53815478599995,44.033635590000074],[-69.53601092199995,44.003121822000026],[-69.58119983799997,43.935513928000034],[-69.56456775099997,43.921010446000025],[-69.55815142299997,43.834962303000054],[-69.54993456899996,43.91742844700008],[-69.53205888899998,43.90429444000006],[-69.54203813999999,43.88193649600004],[-69.51921861399995,43.88567490100007],[-69.51995103599995,43.898877570000025],[-69.51100175199997,43.88980621800005],[-69.52548997699995,43.87608474900003],[-69.51689927299998,43.83103316800003],[-69.50487534299998,43.834264217000054],[-69.42790236699994,43.996682614000065],[-69.41321577599996,43.986253230000045],[-69.39553846399997,44.00680300800008],[-69.40397657899996,44.03593585700003],[-69.38244642099994,44.05148838000008],[-69.37659467199995,44.02963779000004],[-69.37092603099995,44.039678077000076],[-69.38260663999995,44.08110188100005],[-69.34043133099993,44.04613636100004],[-69.37335980799998,44.01962420900003],[-69.35114300299995,44.026975133000064],[-69.37180340799995,43.96633287800006],[-69.29951487099999,43.998406861000035],[-69.31581126099996,43.94962450300005],[-69.28662881699995,43.959260431000075],[-69.28421029899994,43.98705050500007],[-69.26067360999997,43.982087585000045],[-69.24555214499998,44.017648199000064],[-69.21820075799997,44.01541660200007],[-69.17384344699997,44.07288502800003],[-69.17062384099995,44.05785511900007],[-69.21945197899998,44.00813052800004],[-69.20610816399994,44.01088474100004],[-69.27832803299998,43.947888817000035],[-69.25727089599997,43.92196794500006],[-69.19892889599998,43.94621035200004],[-69.19209296099996,44.001336552000055],[-69.18571478399997,43.99132678400008],[-69.13742833099997,44.001862982000034],[-69.11394504799995,44.02374790500005],[-69.13176731999994,44.03329609300005],[-69.13690953499997,44.061082353000074],[-69.09806064399999,44.03241489800007],[-69.07517245199995,44.04017399600008],[-69.07710269099994,44.061585896000054],[-69.04467012699996,44.09076070700007],[-69.09812931099998,44.080251212000064],[-69.10452274699998,44.100751399000046],[-69.07780459999998,44.12309408500005],[-69.07399752899994,44.13266516300007],[-69.09055332199995,44.13038015800004],[-69.07276920199996,44.17550040700007],[-69.05173495199995,44.17368842500008],[-69.05304721099998,44.21379234600005],[-69.04283907799999,44.208325882000054],[-69.00012208799996,44.29583887000007],[-68.97074890899995,44.30312875900006],[-68.94901275899997,44.33366160200006],[-68.94835663199996,44.36694102700005],[-68.97774507099996,44.38791805000005],[-68.99180605299995,44.42439419200008],[-68.93679046999995,44.43213040100005],[-68.85159299499998,44.48176343800003],[-68.84782407299997,44.45120770800003],[-68.81194301799997,44.46666486400005],[-68.83557889199994,44.48539503100005],[-68.80673214199999,44.49994429000003],[-68.80332943399998,44.56697616300005],[-68.85966490499999,44.60444412500004],[-68.85189055299998,44.64092789700004],[-68.81584165199996,44.683763139000064],[-68.84169767399999,44.61081085400008],[-68.75852961299995,44.54820785000004],[-68.74118799499996,44.55866393700006],[-68.78191371099996,44.450204444000065],[-68.81331630799997,44.43110425000003],[-68.81983180999998,44.38734584900004],[-68.79553980999998,44.38867717900007],[-68.76535028799998,44.42874677000003],[-68.73204797099999,44.43917233900004],[-68.72360222899994,44.46970518300003],[-68.70381157399999,44.459176616000036],[-68.71549217699999,44.419076510000025],[-68.66198721299997,44.376550259000055],[-68.67160788099994,44.36928326100008],[-68.70978538799994,44.40857846200004],[-68.74427789099997,44.418225832000076],[-68.77250666099997,44.392739834000054],[-68.76174920899996,44.36126857700003],[-68.79620356699996,44.38001400100006],[-68.79112238799996,44.36906581800008],[-68.82443996299997,44.337659409000025],[-68.82067103799994,44.313493297000036],[-68.79257959899996,44.31072001300004],[-68.74966424299998,44.346200520000025],[-68.75098412799997,44.334352068000044],[-68.74137871699998,44.34162669700004],[-68.69110098799996,44.29913096300004],[-68.63049305599998,44.288037823000025],[-68.61124408899997,44.305757096000036],[-68.62097156899995,44.27935175700003],[-68.53067765099996,44.229383031000054],[-68.52988419699994,44.252625986000055],[-68.55594621599994,44.26729731300003],[-68.54949937699996,44.27684931700003],[-68.52342972499997,44.26308588900008],[-68.53082261399999,44.30140071200003],[-68.55004106499996,44.29189448600005],[-68.56520830699998,44.315644795000026],[-68.54448686699993,44.35751492000003],[-68.55077349199996,44.373944823000045],[-68.58425128399995,44.33394008500005],[-68.56156908799994,44.384923524000044],[-68.58185565699995,44.41233975800003],[-68.53716264899998,44.401254246000065],[-68.49870285799994,44.41433484700008],[-68.47792038199998,44.45574720900004],[-68.48159774899995,44.39283902600005],[-68.46570571299998,44.38092953800003],[-68.45870193199994,44.45795210500006],[-68.46872696099996,44.485349265000025],[-68.49491105199996,44.493657676000055],[-68.43863661899996,44.48477324700008],[-68.43205244899997,44.506631466000044],[-68.42078382899996,44.47694167100008],[-68.43163282799998,44.40403516500004],[-68.42081434299996,44.398522927000045],[-68.35254649999996,44.44881590600005],[-68.35405712299996,44.49168548200004],[-68.33651713599994,44.45192870000005],[-68.32361582699997,44.462804403000064],[-68.27184273799998,44.45569762400004],[-68.29086282599997,44.472669213000074],[-68.26461769999997,44.472982020000074],[-68.26638772099994,44.486672971000075],[-68.28413369899994,44.50409851200004],[-68.31743601699998,44.50427017100003],[-68.30648783299995,44.51014099100007],[-68.32031230199993,44.536206822000054],[-68.28913858499993,44.51552353100004],[-68.26347329299995,44.51948700300005],[-68.25799538399997,44.49300918400007],[-68.22692847799993,44.46593246000003],[-68.21597253099998,44.518609523000066],[-68.27732827999995,44.54190979800006],[-68.28926828699997,44.563867198000025],[-68.26783529699998,44.57209269300006]],[[-71.51169040399998,42.22860564200005],[-71.47569672299994,42.60386114100004],[-71.36215264899994,42.866553510000074],[-71.21059867699995,42.92691094300005],[-70.88604203399996,42.90997589700004],[-70.86444735799995,42.88906023200008],[-70.88315096099996,42.863287773000025],[-71.11780956299998,42.79133484000005],[-71.19272547399999,42.63640523300006],[-71.25672729499996,42.35362791400007],[-71.25230760699998,42.30221800400005],[-71.28283130899996,42.24195265000003],[-71.40468560699998,42.19111642200005],[-71.47724662399997,42.18644799600003],[-71.51169040399998,42.22860564200005]],[[-71.56618791699998,41.376664023000046],[-71.56361457499997,41.37321902300005],[-71.57204180799994,41.371588478000035],[-71.56618791699998,41.376664023000046]]],[[[-108.47157734499996,47.28943338600004],[-108.44906468499994,47.38424683900007],[-108.51704408999996,47.474626158000035],[-108.69532927199998,47.58009253800003],[-108.82564710799994,47.68989086700003],[-108.95545798899997,47.74549561400005],[-109.24954307299998,47.73111875200004],[-110.01419130199997,47.46561886300003],[-110.07171431499995,47.412288456000056],[-109.95948511599994,47.34920357200008],[-109.75196279799997,47.30478267800004],[-108.96099690099999,47.23056257700006],[-108.58227735599996,47.25229448500005],[-108.47157734499996,47.28943338600004]]],[[[-116.32511114399995,47.10799801100006],[-116.35396787199994,47.17119010600004],[-116.39051598099996,47.34764689000008],[-116.49132676899995,47.47099417000004],[-116.60484053399995,47.46306801600008],[-116.73536723599995,47.424863222000056],[-116.72313887999996,47.35929021900006],[-116.64917941299996,47.28167996600007],[-116.34165315899997,47.097478598000066],[-116.32511114399995,47.10799801100006]]],[[[-108.72978240799995,48.30887761100007],[-108.66915129299997,48.456972284000074],[-108.67731829499996,48.70079586400004],[-108.72628138899995,48.84592518200003],[-108.91728141999994,48.94407984900005],[-109.15176474299994,48.95627411600003],[-109.39068689599998,48.89274740700006],[-109.54166286499998,48.79648908000007],[-109.62028713499996,48.64589816400007],[-109.59893005899994,48.49832761600004],[-109.47966920199997,48.40795882300006],[-109.29215998899997,48.324101805000055],[-109.08963093799997,48.261851223000065],[-108.91910809599995,48.257460491000074],[-108.72978240799995,48.30887761100007]]],[[[-122.96773497199996,47.37956791400006],[-123.01121489399998,47.362233923000076],[-122.91423990299995,47.389538506000065],[-122.96773497199996,47.37956791400006]]],[[[-122.52963225899998,47.70410716400005],[-122.54761474799994,47.71994960100005],[-122.56082886099995,47.712392683000076],[-122.55969207099997,47.676507824000055],[-122.58881347199997,47.66272531900006],[-122.56503262799998,47.590837349000026],[-122.54659238099998,47.60215555700006],[-122.52976638599995,47.58556108300007],[-122.49446834699995,47.60935771800007],[-122.53380551899994,47.62259089300005],[-122.492103241,47.619974014000036],[-122.48848690999995,47.63337123400004],[-122.51180234699996,47.649141189000034],[-122.49934354699997,47.658983112000044],[-122.50540129799998,47.70308101300003],[-122.53739135199999,47.69386470000006],[-122.52963225899998,47.70410716400005]]],[[[-122.53684208899995,47.91258419400003],[-122.61461615699994,47.939981343000056],[-122.57978795599996,47.90596187400007],[-122.56230898999996,47.82286250900006],[-122.58179446599996,47.82119166700005],[-122.58268711299996,47.84926784100003],[-122.60520908999996,47.858137010000064],[-122.73716708999996,47.73727975000003],[-122.75418825499997,47.665662618000056],[-122.83048220499995,47.638627849000045],[-122.828933442,47.65154060000003],[-122.84566470399994,47.649877391000075],[-122.96278354499998,47.58526021700004],[-123.08331270399998,47.44321994400008],[-123.11429566499999,47.381013669000026],[-123.04048125999998,47.375032230000045],[-123.04967468199999,47.37072543700003],[-123.02912871599995,47.358228490000045],[-122.97962157399996,47.39315205100007],[-122.84630552599998,47.44421942000008],[-122.84253660199994,47.43278677100005],[-122.91297320899997,47.38992105600005],[-122.74345978999997,47.44097480000005],[-122.54310893199994,47.57655968200004],[-122.56084408799995,47.585836279000034],[-122.60993161099998,47.54737649500004],[-122.69711271199998,47.527620168000055],[-122.62283292599994,47.572942597000065],[-122.66336790699995,47.581518032000076],[-122.66248289999999,47.59533486600003],[-122.66699186799997,47.56949792000006],[-122.67781798099998,47.57208809700006],[-122.68432586299997,47.606035090000034],[-122.70579498299998,47.605691765000074],[-122.70558899299999,47.61950096900006],[-122.69563263699996,47.64266762900007],[-122.67748993599997,47.64249596900004],[-122.65441862999995,47.59499536000004],[-122.61326566299999,47.56756387400003],[-122.59132352599994,47.59458337800004],[-122.58999602199998,47.63693414800008],[-122.620040588,47.65212808600006],[-122.61283844599996,47.69917856600006],[-122.64685792699999,47.711545811000065],[-122.64998598699998,47.74510370400003],[-122.62592286299997,47.708646643000066],[-122.59383362199998,47.693487040000036],[-122.55246704499996,47.72448146100004],[-122.55488557199999,47.758512376000056],[-122.51198547599995,47.742109182000036],[-122.47176330299999,47.74637020400007],[-122.47039001499996,47.76756847900003],[-122.50484437399996,47.79377163100003],[-122.48171204999994,47.807916531000046],[-122.50181550999997,47.82650936500005],[-122.52469608999996,47.91230190700003],[-122.53684208899995,47.91258419400003]]],[[[-122.68568023799997,48.10191038500005],[-122.73464184799997,48.09433161800007],[-122.69053629999996,48.05031764200004],[-122.70153025999997,48.05567347600004],[-122.69710520299998,48.02486598000007],[-122.72565441799998,48.08894145200003],[-122.74276714999996,48.07529627800005],[-122.74188976299996,48.04996287100005],[-122.69466379399995,48.01246058500004],[-122.67510202299997,48.013231157000064],[-122.669708045,48.03359019800007],[-122.68568023799997,48.10191038500005]]],[[[-122.91722092599997,48.130010464000065],[-122.94271836499996,48.12449440600005],[-122.91031632099998,48.12643990500004],[-122.91722092599997,48.130010464000065]]],[[[-124.74650587999997,48.15455020700006],[-124.75304427399999,48.161267887000065],[-124.75120558799995,48.15394366800007],[-124.74650587999997,48.15455020700006]]],[[[-119.84250265799994,48.15123559400007],[-120.00697605799996,48.18192113200007],[-120.34818975499996,48.19053855200008],[-120.72337667099998,49.00112269300007],[-121.19350592399996,49.00061234000003],[-121.10812302899996,48.73577302900003],[-121.05147171099998,48.22019628600003],[-120.97514677799995,47.88902954400004],[-120.82586646299995,47.62177570000006],[-120.83352588199995,47.516222362000065],[-120.95649777099999,47.35970585900003],[-121.01329933699998,47.256242161000046],[-121.30276426399996,47.196607576000076],[-121.44060638099995,47.06706619100004],[-121.51374749999997,46.86876863500004],[-121.43424090199994,46.60069295400007],[-121.44438756799997,46.36708039100006],[-121.46953261599998,46.20373768200005],[-121.44092872899995,46.14650078600005],[-120.823926944,46.136122328000056],[-120.60993602199994,46.11496784900004],[-120.424751862,46.05828160300007],[-120.21859378999994,46.04127290200006],[-120.16187806499994,46.07215198000006],[-120.23319601999998,46.14580955500003],[-120.62785594199994,46.36613081400003],[-120.58991673099996,46.50550302900007],[-120.50670501499997,46.56427952200005],[-120.36642921699996,46.52701441500005],[-120.29438205699995,46.448356680000074],[-120.10192233299995,46.426227296000036],[-119.95009855599994,46.315947953000034],[-119.72647262199996,46.08963810800003],[-119.59641634599996,45.846478518000026],[-119.63041894299994,45.74342268400005],[-119.73873794199994,45.58907474800003],[-120.00677424199995,45.36274799500006],[-120.64341651699999,45.19547049100004],[-121.32096179499996,45.09747285900005],[-121.53430365699995,45.13012822700006],[-121.74965557099995,45.211469978000025],[-121.97691729699994,45.321121805000075],[-122.21351287599998,45.29886112500003],[-122.77770269099994,45.18722999700003],[-123.21958530999996,45.13575764800004],[-123.33562339399998,45.027238459000046],[-123.45143549899996,44.69878826400003],[-123.59907548499996,44.54734613200003],[-124.11401240499998,44.22403391100005],[-124.13696966799995,44.02672718800005],[-124.12147435599996,43.97472523300007],[-124.10025700499995,43.97028874100005],[-124.06600865299998,43.99628590900005],[-124.07604130599998,43.981427661000055],[-124.02295597399996,43.98786306100004],[-124.05548771399998,43.97742223100005],[-124.05949314199995,43.95680379100003],[-124.10614689699997,43.96146534500008],[-124.12570103999997,43.97050617700006],[-124.13115606599996,44.01321171500007],[-124.16007143799999,43.81732318100006],[-124.20103363899995,43.683583698000064],[-124.16366486399994,43.70695253800005],[-124.15492921199996,43.74501177700006],[-124.12788300599999,43.74894473200004],[-124.11370758399994,43.72062823500005],[-124.07767394799998,43.72206637900007],[-124.06648162099998,43.70186374300005],[-123.96357633199995,43.695947156000045],[-123.91392421999996,43.66534947200006],[-123.98442746999996,43.69494388800007],[-124.06155303099996,43.692429996000044],[-124.14147095499999,43.730348080000056],[-124.20699219299996,43.65334459200005],[-124.25775053099994,43.494290774000035],[-124.33540249599997,43.35860579100006],[-124.27567959699996,43.418626248000066],[-124.23596859499997,43.43069213900003],[-124.22911740299998,43.45548004400007],[-124.18997097599998,43.467057655000076],[-124.22189999199998,43.43883270500004],[-124.19254207399996,43.42098755300003],[-124.19579982399995,43.39949173300005],[-124.16607568999996,43.36252731700006],[-124.21103572099997,43.378114167000035],[-124.21470546699999,43.422639315000026],[-124.24935818399996,43.42165893500004],[-124.31602382999995,43.35006087200003],[-124.31795406499998,43.33953230600008],[-124.29329585799996,43.337968283000066],[-124.31568813299998,43.332765033000044],[-124.31263636899996,43.300527025000065],[-124.00933651399998,43.422184179000055],[-123.73280231899997,43.78593710400003],[-123.43180376299995,44.05085666600007],[-123.33026036999996,44.28063325000005],[-123.11563111299995,44.46681347400005],[-122.907018575,44.56042576600004],[-122.73380927399995,44.58923090500008],[-122.11881344299996,44.53431756800006],[-121.908268739,44.54185479000006],[-121.70615296699998,44.59570224300006],[-121.59489640199996,44.70240633600008],[-121.47209569699999,44.78918270400004],[-121.10621532099998,44.98822542000005],[-120.05101264399997,45.14886144700006],[-119.74066406499998,45.27144320700006],[-119.45627777599998,45.41062911300003],[-119.08314151999997,45.809915456000056],[-118.88373475799995,45.95122770800003],[-118.42221090499999,46.00498401100003],[-117.95755178199994,45.906426390000036],[-117.75623512199996,45.614571641000055],[-117.68778104799998,45.39903798200004],[-117.52858215599997,45.31000411400004],[-117.34410944899997,45.31786968800003],[-117.00535131199996,45.525647486000025],[-116.84714017299996,45.605306416000076],[-116.68652494099996,45.589379920000056],[-116.62601691099997,45.489540599000065],[-116.60782452699999,45.36952263100005],[-116.63783927399999,45.24887546200006],[-117.08870281699996,44.715616080000075],[-117.36746295699999,44.495401978000075],[-117.64875016799999,44.41204662100006],[-117.93674347899997,44.256098629000064],[-118.03483690899998,44.07179037000003],[-118.02720305899999,43.831761423000046],[-117.86598744099996,43.49367812700007],[-117.61457353199995,43.309643763000054],[-117.34608349399997,43.21353761600005],[-116.42242232699999,43.206777213000066],[-115.73787127299994,43.266324379000025],[-115.49272748099997,43.303231753000034],[-115.18319013699994,43.417235840000046],[-114.86538886699998,43.493896250000034],[-114.60395684199995,43.47976236300008],[-114.03356003399995,43.322047559000055],[-113.75778350499996,43.325623171000075],[-113.63413169799998,43.39797209500006],[-113.61703121499994,43.42805982100003],[-113.63963722299997,43.51942567200007],[-114.00170979299997,44.116482176000034],[-113.73386833999996,44.63764832500004],[-113.46033509399996,44.74666227900008],[-113.35318497399999,44.780174859000056],[-113.25043122199997,44.79055678800006],[-112.95630444299996,44.601550675000055],[-112.53092581799996,44.53282526300006],[-112.10870780899995,44.57455815900005],[-111.71868812499997,44.57100429500008],[-111.39989442399997,44.520031919000076],[-111.07750362799999,44.38750515000004],[-110.93469815699996,44.26012989900005],[-110.79024188599999,44.06644675800004],[-110.64274524499996,43.79826008500004],[-110.53904317799999,43.71939331800007],[-110.15478227899996,43.76779538200003],[-109.84961982099998,43.85767055100007],[-109.85598408099997,43.96365630500003],[-109.68833814099997,44.108559480000054],[-109.72610718499999,44.29443127300004],[-109.73790468699997,44.46840208100008],[-109.67085536299999,44.72218660900006],[-109.56031331299994,44.83497896200004],[-109.26578653399997,44.89274728200007],[-109.210740682,45.12870419800004],[-109.26642531699997,45.29644245600008],[-109.36318728499998,45.44010079000003],[-109.50143553399994,45.55086066100006],[-109.52537736299996,45.66830572400005],[-109.77925277999998,45.74347469800006],[-109.88754433299994,45.818735090000075],[-110.13340324499995,46.088746498000035],[-110.26015868799999,46.147775307000074],[-110.41221877499999,46.131648048000045],[-110.76247068899994,46.25381867400006],[-110.99953080499995,46.304491993000056],[-111.05328576499994,46.454153630000064],[-111.06313281399997,46.581680162000055],[-111.00974744899997,46.68916169100004],[-110.94058742499999,46.77127607600005],[-110.80640645099999,46.82657058900003],[-110.70042893899995,46.79064460300003],[-110.31355006099994,46.82301350100005],[-110.00337010799996,46.741378575000056],[-109.61750185299996,46.61245856000005],[-109.50615350599998,46.61571592800004],[-109.38576704999997,46.568552931000056],[-108.32672847499998,46.855601841000066],[-107.85149320199997,46.86827228400006],[-107.64428114599997,46.781792910000036],[-107.53665280999996,46.723533650000036],[-107.44489154799999,46.64367778600007],[-107.38584727599999,46.52740163400006],[-107.44149030799997,46.40155790400007],[-107.64378783199999,46.304493552000054],[-107.91374025399995,46.22195013900006],[-108.12416192799998,46.13205385300006],[-108.21719492699998,46.007242630000064],[-108.26332621499995,45.77386165900003],[-108.26510606199997,45.62969041400004],[-108.23114074199998,45.50520485000004],[-108.07180969599995,45.21330732500007],[-107.85688751299995,45.16539494800003],[-107.40563846399999,44.91209514700006],[-107.35842926399994,44.80880562200008],[-107.16334951199997,44.67857507100007],[-106.96052246199997,44.64849876200003],[-106.86561088399998,44.58031929600003],[-106.78082527599997,44.56848351300005],[-106.39614888099999,44.63639372700004],[-106.09867621099994,44.794858273000045],[-105.93360653599996,45.028075631000036],[-105.83316573399998,45.103630655000075],[-105.67062933699998,45.17283915400003],[-105.49461068999994,45.331194708000055],[-105.27562897199999,45.670508350000034],[-105.17122629499994,46.031408042000066],[-105.16440390399998,46.42603911000003],[-105.19557788499998,46.694439448000026],[-105.40886588299998,47.120414581000034],[-105.38859970099998,47.25797958900006],[-105.25206172799994,47.441291172000035],[-104.92326199099995,47.64583505100006],[-104.30160367899998,47.63670615500007],[-104.16247305299999,47.68997121900003],[-103.93545732499996,47.65365656000006],[-103.79444430599995,47.59488882000005],[-103.75085717699994,47.19908422000003],[-103.75901003099995,47.11750821800007],[-103.73560025999996,47.03091862200006],[-103.73455634199996,46.91794689000005],[-103.70291902299999,46.792169364000074],[-103.69432634399999,46.65470322500005],[-103.62183408699997,46.51441899400004],[-103.42197919199998,46.400550130000056],[-103.18729971499994,46.36461975900005],[-102.37446227499998,46.40847425800007],[-101.90376114799994,46.37837824300004],[-101.77546494899997,46.34768466200006],[-101.73315600799998,46.16605542000008],[-101.74538815699998,46.053930206000075],[-101.88413086399999,45.95857683700007],[-102.01484848499996,45.922675921000064],[-102.43332061399997,45.961597992000065],[-102.67518504199995,46.002470207000044],[-102.86607393899999,46.00837089800007],[-103.36647785599996,45.97771994100003],[-103.74061444799997,45.92746107900007],[-103.97689373199995,45.93084461600006],[-104.04327329799997,45.971891794000044],[-104.07302941599994,46.121800388000054],[-104.14952904299997,46.273461817000054],[-104.26809661699997,46.26643474400004],[-104.28833712999995,46.15314794500006],[-104.34479544899995,46.05053559800007],[-104.42755561499996,45.57555558200005],[-104.16599320599994,45.208120060000056],[-103.96949061999999,45.07298915600006],[-103.44773794299999,44.78636861800004],[-103.13354679099996,44.660366440000075],[-103.05519388999994,44.59449720100008],[-102.62558918699995,44.33734038400007],[-102.11258760499999,43.76199422900004],[-101.82968704699994,43.63490928400006],[-101.67803669999995,43.491671652000036],[-101.49006250199994,43.34658428400007],[-101.48098915899999,43.23303415600003],[-101.58480161299997,43.05779135100005],[-101.97336845599995,42.89824582000006],[-102.07379737199994,42.81531037800005],[-102.09614048199995,42.73597368900005],[-101.99451955799998,42.69087250700005],[-101.78052899199997,42.70054627900004],[-101.35566854499996,42.76138871000006],[-101.17007122699994,42.76176659400005],[-100.91023415299998,42.67935354000008],[-100.52696631499998,42.63635543000004],[-100.09766742099998,42.62924665700007],[-99.72798583299999,42.59636429300008],[-99.53683245299999,42.71945731500006],[-99.48853649999995,42.860135015000026],[-99.14846960599999,43.03524167200004],[-98.95028615899997,42.98625597000006],[-98.71900379299996,42.99932693300008],[-98.63047784899999,43.093923251000035],[-98.87735858699995,43.28439837600007],[-98.97390299699998,43.48228435400006],[-99.19149373399995,43.50718875300004],[-99.24735390099994,43.61323029500005],[-99.14099986499997,43.77822142400004],[-98.99193693099994,43.92607684600006],[-98.79181170999999,44.00113297100006],[-98.33859987999995,44.04199208000006],[-97.84955717699995,43.88681161000005],[-97.50778221899998,43.86716191700003],[-97.30442846299997,43.93045585400006],[-97.06009774199998,44.08251414600005],[-96.61317177199999,44.39978822300003],[-96.52491801099995,44.488086159000034],[-96.44849144799997,44.63890600000008],[-96.42730424699994,44.849093081000035],[-96.34644525599998,44.90947979900005],[-96.23025478799997,44.86264893400005],[-96.13528103199997,44.727651295000044],[-96.10374554699996,44.57081770900004],[-96.11048323999995,44.47089266000006],[-96.02531557099996,44.250151293000044],[-96.01092571799995,44.14027404600006],[-96.06435031899997,44.01143737000007],[-96.14854712799996,43.87785139600004],[-96.29986945499996,43.80441353300006],[-97.02764758199999,43.72697519600007],[-97.40854862799995,43.55319782200007],[-97.44441524299998,43.382129408000026],[-97.34071790199994,43.11308702300005],[-97.01477573299996,42.95257218300003],[-96.86658241799995,42.92568673300008],[-96.82109930699994,42.76227058300003],[-96.77908104199997,42.719495377000044],[-96.72784880299997,42.72229571400004],[-96.60240121299995,42.666006467000045],[-96.58172627099998,42.52407369700006],[-96.61899655999997,42.342857121000065],[-96.67620595899996,42.243192531000034],[-96.76295480599998,42.20722125200007],[-96.89076716899996,42.195932851000066],[-96.97619479499997,42.09189259000004],[-97.01710894499996,41.86504690000004],[-97.04546578499998,41.83211612200006],[-97.10417574499996,41.80126366800005],[-97.80051859199995,41.798822990000076],[-97.88045314599998,41.87723798800005],[-98.27173611799998,41.87723280800003],[-98.89457419799999,41.79378114900004],[-99.06856119699995,41.73602874900007],[-99.33194576899996,41.47802893700003],[-99.45123133599998,41.42675319800003],[-99.79818159099995,41.42511041300003],[-99.82528148799997,41.31215408800006],[-99.28960203099996,40.98251342400005],[-99.10714238899999,40.944538316000035],[-98.93173697299994,40.84232319900008],[-98.84266362299996,40.75216461300005],[-98.81757871099995,40.60177513100007],[-98.99517133799998,40.33994631100006],[-99.00718441399994,40.23559434300006],[-99.04257682799994,40.16243353700003],[-99.10680207099995,40.10294441100007],[-99.26235973299998,40.021383127000036],[-99.42139500399998,39.97518746000003],[-99.70798552299999,39.80965378500008],[-99.94510505299996,39.81159569700003],[-100.04296982799997,39.832935183000075],[-100.27175643499999,39.76863753300006],[-100.36334749999997,39.69092061500004],[-100.56714347399998,39.75793325200004],[-100.73527035799998,39.87680187700005],[-100.77820888099995,40.05249879400003],[-100.85690938199997,40.173626323000065],[-100.59506075799999,40.16761096100004],[-100.53516930099994,40.234083155000064],[-100.67184523699996,40.30712512400004],[-100.86017746199997,40.54454567800008],[-100.79139396799997,40.688610554000036],[-100.82200988499994,40.770973414000025],[-100.88630174199994,40.820306723000044],[-101.07643684899995,40.76961606300006],[-101.21722763099996,40.645993205000025],[-101.36241756399994,40.59076557700007],[-101.48982727399999,40.57417008700003],[-101.60473504399994,40.603938361000075],[-101.82098932999997,40.89599835800004],[-102.04149446699995,40.852729543000066],[-102.42042817399994,40.919325180000044],[-103.07815512699995,40.91758064900006],[-103.50878786499999,40.952600043000075],[-103.74821040899997,40.621198562000075],[-103.88572762299998,40.577151628000024],[-103.99877361299997,40.45745791600007],[-104.04499636099996,40.37748403100005],[-104.09769787499994,40.05032617300003],[-104.26132314899996,39.79076338500005],[-104.42221569299994,39.607560586000034],[-104.63503933899995,39.52065691800004],[-104.74547095099996,39.445845649000034],[-104.78809888299998,39.389697142000045],[-104.67168000699996,39.232991094000056],[-104.41063867399998,39.16855491500007],[-104.20065988499994,39.161963265000054],[-103.84522692099995,39.19084839000004],[-103.68967545999999,39.16726803000006],[-103.49056940899999,39.086826925000025],[-103.33610073099999,38.995082523000065],[-103.25549475599996,38.921439761000045],[-103.12614901199998,38.86653230400003],[-103.05129835899999,38.90912190900008],[-103.01216310599995,38.97887905400006],[-102.95515619399998,39.019683540000074],[-102.89193612799994,39.02930283500007],[-102.78474931999995,39.00180125300005],[-102.58013521099997,38.92589808900004],[-102.39303975199999,38.661920251000026],[-102.03097488699996,38.58582633000003],[-101.92460428299995,38.47275876100008],[-101.64980265099996,38.389261230000045],[-101.47293965399996,38.379526009000074],[-101.31437638799997,38.41012312400005],[-101.17693191999996,38.415983503000064],[-101.04426291899995,38.380126381000025],[-100.97116443099998,38.31809919900007],[-100.97462604399999,38.27802852600007],[-101.10370012799996,38.26356770700005],[-101.19428896499994,38.193864577000056],[-101.41345737299997,38.09252159500005],[-101.73267146699999,38.07799447300005],[-101.90171724999999,38.093613772000026],[-102.00435155099996,38.13593010000005],[-102.27500985599994,38.08687917100008],[-102.60076341299998,38.07653647500007],[-102.63299630599994,38.12936256900008],[-102.63511265899996,38.17183802900007],[-102.74070626799994,38.23097217700007],[-102.82254861599995,38.190829794000024],[-102.94641732499997,38.094010912000044],[-102.99656143299995,37.91200874100008],[-103.09967832399997,37.87068852700003],[-103.23065710899999,37.86959535400007],[-103.30402198799999,37.918497079000076],[-103.44390121699996,37.945565747000046],[-103.62325543699995,37.910817079000026],[-103.69341468999994,37.82299472200003],[-103.73332676199999,37.72032686600005],[-103.70758699999999,37.631574260000036],[-103.64528796699994,37.56501171100007],[-103.62787857299998,37.51382525500003],[-103.49389450499996,37.462964218000025],[-103.17555884199999,37.38158182500007],[-103.09227220799994,37.380565337000064],[-103.03015992699994,37.44336955700004],[-103.03923731099997,37.49907351300004],[-102.97217986799996,37.541034137000054],[-102.92822215999996,37.61219848500008],[-102.52306495599998,37.60690268600007],[-102.13986445299997,37.82581492000003],[-101.92125145199998,37.67283785200004],[-101.62739431199998,37.69859694400003],[-101.47486396899995,37.687812430000065],[-101.35846871299998,37.651609232000055],[-101.29548254799994,37.61889822000006],[-101.23646266299994,37.319979215000046],[-101.20018547299998,37.23286883900005],[-101.06000203199994,37.05555852300006],[-100.92552753899997,36.95471581700008],[-100.81726599199999,36.90588887400003],[-100.59192792599998,36.90168099700003],[-100.48254901699994,36.82896522600004],[-100.42254407499996,36.70115592600007],[-100.41646946499998,36.47085300900005],[-100.39813834399996,36.41241356000006],[-100.33019096999999,36.39715646900004],[-100.23618269199994,36.44780814300003],[-100.19066450699995,36.567620333000036],[-100.18978752599998,36.68585403600008],[-100.15769410499996,36.781524148000074],[-100.21880394399994,37.06895490800008],[-100.14639763899999,37.11873092700006],[-99.98815758399996,37.113419055000065],[-99.85868966799995,37.08217272200005],[-99.70136750599994,37.09300064200005],[-99.56906310999995,37.156050821000065],[-99.44269247299997,37.189246266000055],[-99.33639415099998,37.16859672700008],[-99.13527915899999,37.03813023500004],[-98.94398079399997,36.94844494200004],[-98.86609844799995,36.873539023000035],[-98.84663811299998,36.75587069100004],[-98.89754684699994,36.524278081000034],[-98.88624610699998,36.42412040900007],[-98.77987518099997,36.36755874500005],[-98.65365254399995,36.37633114700003],[-98.41713619799998,36.428596706000064],[-98.28278906899999,36.41941819500005],[-98.03827480299998,36.465172660000064],[-97.97031598799998,36.430871178000075],[-97.91610124599998,36.349060372000054],[-97.84022139699994,36.28823177500004],[-97.75751949699998,36.248128923000024],[-97.45106945199996,36.151829304000046],[-97.10879020999994,36.08461917500006],[-97.01929268799995,36.044069712000066],[-96.95928223099997,35.98549752100007],[-96.91323326399998,35.84998872700004],[-96.91238197299998,35.779100526000036],[-96.94833444299996,35.702011414000026],[-97.02136606799996,35.648227433000045],[-97.13883151599998,35.61761246300006],[-97.19692586499997,35.56385729100003],[-97.23277566999997,35.504394595000065],[-97.33481731299997,35.45009839200003],[-97.45908574299995,35.41316843300007],[-97.68394482299999,35.28013733000006],[-97.89953202399994,35.09950065500004],[-98.01152026399996,35.038442349000036],[-98.13115724199997,35.00683483200004],[-98.42659169699999,34.87098923900004],[-98.51063622899994,34.76274728300007],[-98.53343237799999,34.687505944000065],[-98.57356851699996,34.64319323600006],[-98.98216817099996,34.32492121900003],[-99.16243687499997,34.15243788500004],[-99.43069850599994,34.01880785900005],[-99.52503149699999,33.937303866000036],[-99.68580453499999,33.91864543200006],[-99.82163368199997,33.85981762800003],[-100.08059554499994,33.797130182000046],[-100.44853102999997,33.59367372600008],[-100.66322421299998,33.63074245000007],[-100.92502155699998,33.646060661000035],[-101.07832957799997,34.11929849200004],[-101.20846921699996,34.189947860000075],[-101.15743946699996,34.49265010800008],[-101.29398929899997,34.593140575000064],[-101.53189938099996,34.64361482400005],[-101.79184133299998,34.65501225300005],[-101.95707554599994,34.62228771700006],[-102.05432618899994,34.54778358800007],[-102.50355340999994,34.53681239600007],[-102.80508908699994,34.510661467000034],[-103.40153522899999,34.41539453100006],[-104.03003528199997,34.18870482700004],[-104.48193977099999,33.85266534700003],[-104.53291572499995,33.575231443000064],[-104.50026041499996,33.259977769000045],[-104.54047801299998,32.999631875000034],[-104.79342095799996,32.47550667100006],[-105.00461438599996,32.46510937900007],[-105.27354754299995,32.56924152000005],[-105.38037521099994,32.65934150500004],[-105.65346716199997,33.07999756500004],[-105.74302340699995,33.37340139500003],[-105.81158251499994,33.44682037300004],[-105.92388308199997,33.47061737300004],[-106.13455905699999,33.445613114000025],[-106.24471216599994,33.327945578000026],[-106.32866096599997,33.17322900400006],[-106.84364505499997,33.03441570900003],[-107.10286311399994,32.93723724300003],[-107.20533817799998,32.80095927700006],[-107.33257353899995,32.71695315200003],[-107.78079763399995,32.551360627000065],[-107.88093857399997,32.400228113000026],[-107.87453348799994,32.19612144200005],[-107.82312508599995,32.04229545100003],[-107.81717286399999,31.88958622900003],[-107.83350154599998,31.783668988000045],[-107.55233538299996,31.784184246000052],[-107.52862727099995,32.04743454000004],[-107.40964705799996,32.167218787000024],[-107.26947945999996,32.26025648700005],[-107.02918097199995,32.55642067500003],[-106.77261458699996,32.74589666300005],[-106.66160187599996,32.74923569900005],[-106.50166077599994,32.70689680100003],[-106.36356640099996,32.63371296300005],[-106.13340517799998,32.23931448700006],[-106.07000142099997,32.20919782900006],[-105.98673162899996,32.22378049300005],[-105.93310557399997,32.271486706000076],[-105.88909785699997,32.397056676000034],[-105.87470702899998,32.55576796300005],[-105.62908789699998,32.62220895000007],[-105.45889674599994,32.57745265900007],[-105.22751485799995,32.424114485000075],[-104.95590658299994,32.30330384000007],[-104.67228999799994,32.21603450900005],[-104.31313481299998,32.31675951400007],[-104.12428999499997,32.26715730600006],[-104.07370480499998,32.11552899800006],[-103.83837684399998,32.091277914000045],[-103.15279883799997,32.505232840000076],[-103.01449726599998,32.959317928000075],[-102.69432227799996,33.18122630700003],[-102.29634806199999,33.294870451000065],[-101.95932316399995,33.31239485300006],[-101.90376577999996,33.45604838400004],[-101.75874088599994,33.56093529100008],[-101.62247400599995,33.44232218500008],[-101.50894444899996,33.10810619400007],[-101.41787752699997,33.01157232200006],[-101.24829168299999,32.95833041700007],[-100.93611290199999,32.81941732400003],[-100.82494022699996,32.654980941000076],[-100.65248710999998,32.57718416400007],[-100.43215549399997,32.56566651600008],[-100.33141651599999,32.53865882200006],[-100.23902257199995,32.535278823000056],[-100.07295472699997,32.563375257000075],[-100.03628882599997,32.61980921600008],[-100.02522242799995,32.78160891700003],[-100.09882874599998,32.95416991500008],[-100.55442529699997,33.06571729700005],[-100.61752136399997,33.12465938400004],[-100.08429841199995,33.295467518000066],[-99.68431438799996,33.69831756900004],[-99.45578560599995,33.85394311500005],[-98.99032744699997,34.084339115000034],[-98.73648448299997,34.30476397900003],[-98.61095061799995,34.449686016000044],[-98.52272926099994,34.621152245000076],[-98.41415769799994,34.70739066800007],[-98.27545703199996,34.80062198400003],[-98.01304357099997,34.90164084700007],[-97.82388180799995,34.996036444000026],[-97.72790276899997,35.07648123800004],[-97.64527754599999,35.18786687200003],[-97.22326336199995,35.370330641000066],[-97.10155986799998,35.46474337300003],[-96.81446422799996,35.598417211000026],[-96.75613287799996,35.65789091400006],[-96.71285010999998,35.758599985000046],[-96.70656735999995,35.876792960000046],[-96.70755799199998,35.983117796000045],[-96.73802840199994,36.07153565200008],[-96.80535210199997,36.130165702000056],[-96.93957835399999,36.18824848500003],[-97.40058997099999,36.23098412400003],[-97.61769812399996,36.31093368400008],[-97.78401719599998,36.426695961000064],[-97.83140993899997,36.53819487100003],[-97.93052527099996,36.62227510500003],[-98.08226619599998,36.81143481500004],[-98.24639400099994,36.94749609400003],[-98.16591727999997,37.063875188000054],[-98.22254828899997,37.15460527000005],[-98.31457381799999,37.211926221000056],[-98.43530747299997,37.22136810300003],[-98.57741701099997,37.194807602000026],[-98.72356300499996,37.24345427000003],[-98.85082618999996,37.57743350800007],[-99.05849656599997,37.77218057600004],[-99.15168412599996,37.901950475000035],[-99.22455514199999,37.929278613000065],[-99.30111026099996,37.91515624500005],[-99.50559531799996,37.72668107900006],[-99.60315797399994,37.70611895800005],[-99.68060522599995,37.739242896000064],[-99.66809261299994,37.79277558500007],[-99.52581306999997,37.991856823000035],[-99.53624034199999,38.05061203400004],[-99.62694123899996,38.13200042900007],[-99.85550444999996,38.18272899800007],[-99.98488068899997,38.17859523000004],[-100.14910152199997,38.11408049500005],[-100.22248396099997,38.064316080000026],[-100.31268913699995,38.04345035700004],[-100.36004058099996,38.071311931000025],[-100.36423390999994,38.142054751000046],[-100.39767435199997,38.19107564700005],[-100.74080118999996,38.18538566400008],[-100.91158288999998,38.28503280800004],[-101.15687114599996,38.56634250600007],[-101.29417291999994,38.55461219500006],[-101.46422500099999,38.57083483800005],[-101.64473434999996,38.62181871400003],[-101.75747954499997,38.68755402800008],[-101.82629870799997,38.77892509900005],[-101.84010626099996,38.855136980000054],[-101.61924251999994,38.989510892000055],[-101.56535332799996,39.09244098200003],[-101.55761140599998,39.19328858700004],[-101.62528518099998,39.26710310800007],[-102.07349703799997,39.39565268300004],[-102.14868996999996,39.40378615100008],[-102.25321698699997,39.364535809000074],[-102.26758788199999,39.261617933000025],[-102.26182012299995,39.12860569000003],[-102.28323667699999,39.03518550300004],[-102.42380348399996,39.003034368000044],[-102.68937947599994,39.03014970400005],[-102.95242748899994,39.11713940000004],[-103.13030788399999,39.199756501000024],[-103.19967277099994,39.34571182600007],[-103.29925453799996,39.37815207300008],[-103.44952770299994,39.35506541400008],[-103.72403912999994,39.35414150100007],[-103.78217850599998,39.31649428500003],[-103.81378626299994,39.248369954000054],[-103.89132496199994,39.218963802000076],[-104.36345395499995,39.27478824700006],[-104.51283140899994,39.32092851900006],[-104.56342540499998,39.392971302000035],[-104.52078295399997,39.46435267500004],[-104.34260751999994,39.596475818000044],[-104.12647123899995,39.70922090800008],[-103.97929321899994,39.86268381600007],[-103.70798939699995,40.04257898700007],[-103.49043705599996,40.21719189700008],[-103.40681618399998,40.43434389500004],[-103.14086841099999,40.57147779500008],[-102.01938754899999,40.55768754800005],[-101.86659271699995,40.52344348500003],[-101.67137832599997,40.449522916000035],[-101.51487958599995,40.36180955700007],[-101.29127887499999,40.406210316000056],[-101.17311815899996,40.314769341000044],[-101.04212163999995,40.24627791100005],[-101.03927461899997,40.23153056800004],[-101.09081414599996,40.206311225000036],[-101.06012957199994,40.12564774500004],[-100.91776075199999,40.03174420700003],[-100.83012643299998,39.893276849000074],[-100.70213743399995,39.56786374700005],[-100.61612108199995,39.48174336500006],[-100.51904207999996,39.42029731100007],[-100.38404915899997,39.191148362000035],[-100.28165943299996,39.13825175200003],[-100.13395023899994,39.135817829000075],[-99.86109349099996,39.16299787600008],[-99.85128787999997,39.26962164400004],[-99.87985093999998,39.369151755000075],[-99.99651169499998,39.446746218000044],[-100.08736227099996,39.54175950800004],[-100.07221997499994,39.56747289300006],[-99.77138783699996,39.77003408200005],[-99.49108624299998,39.82953179200007],[-99.19263354099996,39.96151561100004],[-98.85762970999997,40.062598980000075],[-98.76922020099994,40.19891134100004],[-98.78648114799995,40.23298461600007],[-98.88426598099994,40.243262454000046],[-98.91548001199999,40.28069481000006],[-98.89675699899999,40.31928031900003],[-98.72464326599999,40.37693890000003],[-98.57830769899994,40.40524881600004],[-98.50744978499995,40.44804268300004],[-98.38000614699996,40.453164539000056],[-98.31571624099996,40.43839054100005],[-98.26011842399998,40.38683036600003],[-98.22527203499999,40.41713099300006],[-98.25558341199996,40.48038517200007],[-98.34240728999998,40.535515187000044],[-98.35088964599998,40.649368571000025],[-98.32206149999996,40.74894735000004],[-98.36234667399998,40.82381686900004],[-98.21618780199998,40.91503924800003],[-98.06689722999994,41.034768245000066],[-97.87316637799995,41.126500047000036],[-97.72878027399997,41.06128428400007],[-97.71303132099996,40.893923432000065],[-97.67007369899994,40.89034488100003],[-97.60120991699995,40.943323701000054],[-97.48062092899994,40.99534350300007],[-97.30701383799999,41.04075490300005],[-96.67427892199998,41.070857541000066],[-95.99771385599996,41.16671688100007],[-95.93316990699998,41.18347011100008],[-95.91634517399996,41.23949952600003],[-95.86233560299996,41.30362506500006],[-95.81666673999996,41.33016046500006],[-95.41225290099999,41.251041403000045],[-95.21730169599994,41.16347642800008],[-94.68379791599995,41.12763291200008],[-94.57249070699999,41.14216877600006],[-94.47615188299994,41.19611810400005],[-94.45015908599999,41.416082526000025],[-94.46350518699995,41.53426739200006],[-94.52424725099996,41.610384414000066],[-94.57290278999994,41.86165524200004],[-94.66847138799994,42.007718913000076],[-94.70753402899999,42.14302514800005],[-94.70749917299997,42.43440851300005],[-94.61726931199996,42.638305538000054],[-94.56711739899998,42.712618957000075],[-94.03114208899996,42.87695223800006],[-93.63871796799998,42.84067333400003],[-93.53785646599994,42.90763782300007],[-93.57780546999999,43.089020197000025],[-93.45710260499999,43.11044593400004],[-93.33323683199995,43.28190892600003],[-93.32844221399995,43.475559513000064],[-93.28702291599996,43.58758209000007],[-93.42385041999995,43.62590192400006],[-93.68036411299994,43.63777558900006],[-94.00345737999999,43.62987733700004],[-94.24019685999997,43.69182411600008],[-94.42238883599998,43.83014674000003],[-94.60874210899999,43.99794788400004],[-94.82834240399995,44.25747626000003],[-95.28987210699995,44.54760002100005],[-95.35793694399996,44.65471720600004],[-95.27022123199998,44.90813325500005],[-95.40428494399998,45.09827368200007],[-95.53573964399999,45.20931387400003],[-95.72143834099995,45.27320666400004],[-96.28695343099997,45.586220311000034],[-96.37732377699996,45.586841615000026],[-96.50247127299997,45.879042741000035],[-96.45514041499996,46.06834430600003],[-96.34410077899997,46.35011743200005],[-96.30668547099998,46.40543726100003],[-96.29630553499999,46.62966265400007],[-96.22307337999996,46.70978013700005],[-96.15050415699994,46.75370857400003],[-95.97519649699996,46.760632301000044],[-95.79154536899995,46.75384844400003],[-95.54166956099999,46.72071657400005],[-95.39799066199998,46.41279088400006],[-95.19422263899997,46.06871300000006],[-95.00258125699997,45.87116618200008],[-94.19368652699995,45.26650417700006],[-93.80482384599998,44.78820088900005],[-93.72099758599995,44.63582333100004],[-93.41995525599998,44.49927290200003],[-93.05282358299996,44.364115380000044],[-92.98011058799995,44.27251227200003],[-92.93832685299998,44.18356926100006],[-92.74140395599994,44.05223287600006],[-92.61595148599997,44.06609898900007],[-92.30669418599996,44.137792594000075],[-91.94066278199995,44.17751763200005],[-91.87033671899997,44.202242443000046],[-91.84927503699998,44.23692842600008],[-91.86072435199998,44.29622687800003],[-91.99364858799999,44.39062105700003],[-92.17031493099995,44.47886142500005],[-92.21488082599996,44.48346961000004],[-92.25814504499994,44.55241898300005],[-92.33486909599998,44.63060494600006],[-92.37200987899996,44.723824990000026],[-92.32811491499996,44.77621503200004],[-92.30858333899994,44.87427523700006],[-92.34006719599995,44.95355713300006],[-92.39373938899996,45.03000518600004],[-92.56024005499995,45.05520009500003],[-92.48944393699998,45.08856671800004],[-92.64201890399994,45.32429041300003],[-92.79679199399999,45.41019552200004],[-92.93393151899994,45.595383672000025],[-92.77466384199994,45.75149367400007],[-92.37501471199994,45.88015395600007],[-92.23040407699995,45.880284361000065],[-91.99784955799998,45.83857423500007],[-91.91483743299995,45.70565848800004],[-91.73459116199996,45.30455727700007],[-91.65166793799995,45.07756513800007],[-91.31096861599997,45.04595801800008],[-90.78054994899998,45.138833426000076],[-90.42079374299999,45.177748360000066],[-89.32417226799998,45.209794902000056],[-88.63979977699995,45.14501075000004],[-88.26196656899998,45.12717813200004],[-87.62613073999995,45.05015245900006],[-87.60593757699996,45.092792073000055],[-87.61221259199993,45.131476699000075],[-87.94167924299995,45.31750313900005],[-88.11839286599997,45.47707342600006],[-88.42401836199997,45.66030517200005],[-88.45369057099998,45.73747508900004],[-88.64774040999998,45.791311034000046],[-88.90359155599998,45.918236697000054],[-89.56455023299998,46.17776674300006],[-89.69779747399997,46.256323579000025],[-89.71717088999998,46.33920795900008],[-89.68397040499997,46.36518904500008],[-89.09697987599998,46.681236125000055],[-89.01808945599998,46.80579000400007],[-89.14244126599993,46.97964618900005],[-89.22029033899997,46.918019265000055],[-89.36582870499996,46.85813613000005],[-89.61627127999998,46.820549895000056],[-89.66863946199999,46.83358471400004],[-89.77690823099994,46.82231609000007],[-89.84410795499997,46.80003825000006],[-90.01673067099995,46.679139021000026],[-90.30506082599999,46.60443577400008],[-90.33049723399995,46.60969242400006],[-90.44128369799995,46.560074643000064],[-90.50440170099995,46.584843471000056],[-90.57651476099994,46.590706657000055],[-90.66842610999998,46.631680319000054],[-90.65992696199999,46.63725740900003],[-90.75501214499997,46.69970782000007],[-90.70136222099995,46.66120226400005],[-90.76489983799996,46.66292268800004],[-90.69261130199999,46.65256578900005],[-90.75010643599995,46.65021974600006],[-90.91925778199999,46.581166074000066],[-90.95111814399996,46.587708279000026],[-90.91835752599997,46.662339029000066],[-90.85820736599999,46.69688875000003],[-90.88988462999998,46.755280328000026],[-90.80569424599997,46.818966714000055],[-90.75656093999999,46.885041098000045],[-90.79527250599995,46.92920385200006],[-90.83183257499996,46.93068776700005],[-90.83893554799994,46.95311437600003],[-90.86698884099997,46.96018300700007],[-90.93209047899995,46.92876515200004],[-90.97419712199996,46.94071278300004],[-91.05579351099999,46.87968524200005],[-91.09297919199997,46.880635099000074],[-91.11556983299994,46.854672263000054],[-91.15171791599994,46.86755068000008],[-91.19091012399997,46.843212906000076],[-91.20771768699996,46.85171968100008],[-91.19103982799999,46.873955556000055],[-91.20231607699998,46.873818226000026],[-91.40134413699997,46.77943114400006],[-91.40560134099997,46.78900985000007],[-91.52449022699994,46.753811625000026],[-91.60253895399995,46.74988248200003],[-91.79662317099996,46.69217753300006],[-91.95559690999994,46.677036987000065],[-92.02008820499998,46.702019438000036],[-91.98564910499994,46.684296354000026],[-92.00864410699995,46.67974923300005],[-92.09586337999997,46.743275389000075],[-92.09188084099998,46.78987192400007],[-91.89785766799997,46.89099194600004],[-91.99165820799999,46.87855160000004],[-92.20347155599995,46.80108806900006],[-92.42747943499995,46.74707220100004],[-92.68654784299997,46.494374796000045],[-92.89455730799995,46.41099585300003],[-93.05306976299994,46.37315611500003],[-93.65064997599995,46.38880758100004],[-93.88560952599994,46.35585324600004],[-94.14889997899996,46.28072259500004],[-94.44250987999999,46.22739487600006],[-94.84464137899994,46.22375595600005],[-95.13943122499995,46.39896190300004],[-95.23792075299997,46.492602883000075],[-95.41532052999997,46.82266654800003],[-95.50599034499999,47.44779680000005],[-95.46131858999996,47.80318180900008],[-95.41186395999995,48.01921546700004],[-95.26164031999997,48.12471210700005],[-94.30902237999999,48.556137550000074],[-94.20073802999997,48.65067716100003],[-94.24766639199999,48.65496905500004],[-94.25906471799999,48.69647678100006],[-94.29401498699997,48.707833133000065],[-94.40668591899998,48.71085054900004],[-94.45078382899999,48.692543811000064],[-94.53558457599996,48.70303422400008],[-94.63176838699997,48.73878938000007],[-94.68919486499999,48.77851945100008],[-94.70041771699994,48.830654924000044],[-94.67462273399997,48.878487421000045],[-94.79153566799994,49.17863164400006],[-94.82499822399996,49.299633854000035],[-94.81444677099995,49.322892067000055],[-94.95127238299995,49.368805758000065],[-95.04606000599995,49.35251317600006],[-95.14966721999997,49.385628559000054],[-95.15139901899994,48.99995498800007],[-96.49978828199994,49.00024205100004],[-96.54412319599999,48.90843953500007],[-96.77292342999999,48.70825382600003],[-96.86579970399998,48.44601331700005],[-97.12576544299998,48.383987999000055],[-97.55445110099998,48.06659251900004],[-97.96491368199997,47.651067468000065],[-98.01994088099997,47.52893556600003],[-98.10145638899996,47.28808515700007],[-98.02807774799999,47.01982342600007],[-97.85393505599995,46.78246802000007],[-97.67477704499998,46.59408325600003],[-97.26941410099994,46.407029590000036],[-97.04250785299996,46.280196800000056],[-96.93349964299995,46.18626144800004],[-96.89420182399994,46.08130302700005],[-96.74470092999996,45.79852165800003],[-96.58611540999999,45.56117735300006],[-96.43320112699996,45.394608333000065],[-96.45496142099995,45.188106782000034],[-96.39459767999995,45.08964418200003],[-96.48060303899996,44.76177025000004],[-96.59924855899999,44.62888801100007],[-96.83670618999997,44.53336739800005],[-97.29200572399998,44.525967956000045],[-98.01125916799998,44.67166350400004],[-98.38380337299998,44.850385079000034],[-98.68306854899998,45.01456306100005],[-98.91934100199995,45.171994926000025],[-98.97226137399997,45.24588509600005],[-99.18982750599997,45.29659279500004],[-99.55588097999998,45.33896949500007],[-99.78589701499999,45.35328070500003],[-100.13163622799999,45.342570350000074],[-100.50099076499998,45.58818636500007],[-100.53668721999998,45.82378497700006],[-100.72188029699998,45.966695224000034],[-100.89220047099997,46.04640634300006],[-100.98181191899994,46.149328694000076],[-101.01814623099995,46.337199965000025],[-101.17985216299996,46.490412449000075],[-101.23643746799996,46.64875161300006],[-101.46929509399996,46.82629131200008],[-101.64449586599994,46.88789140400007],[-101.88136438899994,46.938490486000035],[-102.19128183199996,47.04331730200005],[-102.65569881599998,47.14004136300008],[-102.87206651599996,47.22431099000005],[-103.11751814699994,47.348695142000054],[-103.27909491599996,47.59627111900005],[-103.35780523499994,47.811991266000064],[-103.44827351099997,47.98230195900004],[-103.45697816399996,48.143604958000026],[-103.57813394299995,48.33268222300006],[-103.72081882599997,48.446363458000064],[-103.96214081399995,48.54764122500006],[-104.06722817499997,48.50536917100004],[-104.07819166799999,48.35605302400006],[-104.10910786999995,48.21299098900005],[-104.35463240099995,47.941022727000075],[-104.46329874699995,47.88878467400008],[-104.91095430799999,47.91887046700003],[-105.03031936299999,47.90284625700008],[-105.12807769999995,47.86322507500006],[-105.201069255,47.821027869000034],[-105.23511837999996,47.71912744100007],[-105.24448989299998,47.614752363000036],[-105.39822306099995,47.38038584100008],[-105.52419053699998,47.292956150000066],[-105.72573301799997,47.270569032000026],[-105.91238017999996,47.26968924800008],[-106.03781605499995,47.21655078200007],[-106.17733228799995,47.107550322000066],[-106.43705212099997,46.960065831000065],[-106.62953540299998,46.88465110900006],[-106.80262997299997,46.871096875000035],[-107.00269600499996,46.902313192000065],[-107.23361105799995,46.99813841400004],[-107.53642712899995,47.05390068200006],[-107.90356685999996,47.08323131600008],[-108.42663047499997,47.003014465000035],[-109.34561053899995,46.90288208000004],[-110.64105974699999,46.99884454000005],[-110.90951678899995,46.97793297800007],[-111.25995907199996,46.756155457000034],[-111.31299034099999,46.64855466200004],[-111.27722987899995,46.28694713800007],[-111.44635413599997,46.179752860000065],[-111.61331830999995,46.10640613500004],[-111.86025386699998,46.124989784000036],[-112.05393762399996,46.16303770500008],[-112.25307631199996,46.26118468100003],[-112.59631254299995,46.34830971300005],[-112.81720896199994,46.27434228200008],[-112.93608372199998,46.21105410900003],[-113.02066106199999,46.108309992000045],[-113.09481821199995,46.06353649400006],[-113.46209940299997,45.31635497600007],[-113.68122060399998,45.18884566600008],[-114.12014256799995,44.741523130000076],[-114.50061248299994,44.325763976000076],[-114.77531979099996,44.13279234000004],[-115.12902299899997,43.95529490000007],[-115.28117147799998,43.912540927000066],[-115.82879494499997,43.878240824000045],[-116.00019917099996,43.80063631000007],[-116.13321381599997,43.63657431400003],[-116.15229204699995,43.59159902400006],[-116.40100658099999,43.46467701300003],[-116.60038850399997,43.434028417000036],[-116.81332710799995,43.49059643700008],[-117.19096381099996,43.54468521900003],[-117.39000146399997,43.76460039800003],[-117.42081860499997,43.88483284900008],[-117.38611808399997,43.96241219900003],[-117.16688929399999,44.11165852200003],[-116.75091269399996,44.034992155000054],[-116.65115869899995,44.050048323000055],[-116.42999342599995,44.28943125400008],[-116.32213084699998,44.32460071100007],[-116.25615773499999,44.51515288000007],[-116.05743626199995,44.64497908200008],[-115.78094287899995,44.77098547500003],[-115.50525450699996,44.82372604900007],[-115.47681040899994,44.90737014100006],[-115.50711506199997,45.04458422000005],[-115.64461386699998,45.17380622400003],[-116.26929030599996,45.23108113100005],[-116.41364931899994,45.296086366000054],[-116.44012761299996,45.36649336800008],[-116.44069658099994,45.458735895000075],[-116.40010864099997,45.52374503900006],[-116.37731100299999,45.611024059000044],[-116.00025229799996,45.757436133000056],[-115.768534322,46.069605695000064],[-115.76329427299999,46.37440327500008],[-115.87322755699995,46.49755809100003],[-115.83778606499999,46.61628715900008],[-115.76023107499998,46.69047096000003],[-115.49424855099994,46.81115891800005],[-115.36134765599996,47.19085047000004],[-115.65534961099996,47.549313778000055],[-115.80207487399997,47.86533334500007],[-115.973217681,48.14907291700007],[-115.96501005199997,48.46992152200005],[-116.00725293099998,48.78420217400003],[-116.17506187599997,49.001429562000055],[-118.44990819599997,49.00081968500007],[-118.44171800699996,48.91457412700004],[-118.47691622699995,48.81177469000005],[-118.55101879999995,48.67490804500005],[-118.61396786799997,48.42212493900007],[-118.71825828299995,48.31489080800003],[-118.89396294299996,48.25732549300005],[-119.21669320299998,48.22921901700005],[-119.43228189599995,48.19246179700008],[-119.65005984899994,48.13266342600008],[-119.84250265799994,48.15123559400007]],[[-116.86913947899995,47.91165041700003],[-116.78552679799998,47.964916438000046],[-116.54719402099994,48.052121698000064],[-116.43477321699999,48.03353136000004],[-116.35647503699994,47.97150612400003],[-116.17106828399994,47.94074664100003],[-115.92954609299994,47.78459701000003],[-115.82171603899997,47.647044151000046],[-115.70801214199997,47.417193104000035],[-115.70775241499996,47.339183081000044],[-115.60707036699995,47.015763218000075],[-115.65466118599994,46.95403259200003],[-115.80017935899997,46.93927709500008],[-115.95128603599994,46.97462667900004],[-116.01212148799999,46.91383111600004],[-116.03466179799995,46.81259175500003],[-116.01858674899995,46.66242447900004],[-116.06766370499997,46.58186934500003],[-116.15771025699996,46.53180703400005],[-116.44460644999998,46.437270100000035],[-116.64132712499998,46.39256949300005],[-116.85453787499995,46.366995658000064],[-117.08440521099999,46.36046625900008],[-117.21982388799995,46.41989251700005],[-117.27877376499998,46.53542710200003],[-117.28029482399995,46.72703357100005],[-117.14071776199995,47.11977931100006],[-117.01138165499998,47.24467402800008],[-116.97544697499995,47.33117133700006],[-117.01947329199999,47.63277730900006],[-116.86913947899995,47.91165041700003]],[[-110.91742314699997,44.38599873600003],[-110.91742307799996,44.38599873700008],[-110.91723507299997,44.38592589400008],[-110.91742314699997,44.38599873600003]],[[-107.10682022699996,44.748336229000074],[-107.33682172199997,44.88389960400008],[-107.19404032799997,44.917652058000044],[-106.75153304299994,44.92554909800003],[-106.72049780699996,44.85052931900003],[-106.87253510099998,44.64607070900007],[-107.10682022699996,44.748336229000074]],[[-101.83615765799999,45.78845397500004],[-101.65528317299999,45.82263945700004],[-101.47204772899994,45.83016152600004],[-101.15761883699997,45.81976877400007],[-100.93267839499998,45.77513731500005],[-100.70972902499994,45.60141891500007],[-100.58804542099995,45.47699177800007],[-100.39720427299994,45.35478373900003],[-100.15092018699994,45.23633634300006],[-99.56702490899994,45.28104982000008],[-99.38355815199998,45.255558077000046],[-99.31451335599996,45.15906230500008],[-99.31978305599995,45.04941463600005],[-99.71762483899994,44.808689005000076],[-100.04845074399998,44.734925899000075],[-100.90729492499997,44.626884182000026],[-101.06799977299994,44.787028408000026],[-101.14764661399994,44.92375558800006],[-101.56358883599995,45.050755270000025],[-101.72692189299994,45.08547296800003],[-101.82723593999998,45.255122465000056],[-101.87738663599998,45.582177125000044],[-101.86653101099995,45.70381656500007],[-101.83615765799999,45.78845397500004]],[[-102.50583777099996,44.68371701800004],[-102.75494712599999,44.690301039000076],[-103.00059754499995,44.923006851000025],[-103.17140105499999,45.13378441100008],[-103.68506138999999,45.138138826000045],[-103.81651204699995,45.27982405500006],[-103.82957254499996,45.41079595100007],[-103.71325856199996,45.54268736900008],[-103.58618466699994,45.62119138700007],[-103.27821701699997,45.66487990600007],[-102.95716988199996,45.68645771900003],[-102.82032981999998,45.72374651700005],[-102.70268386299995,45.72317765200006],[-102.62259625399997,45.32428935100006],[-102.54407350599996,45.180533033000074],[-102.54774768099998,45.10846737900005],[-102.51029376799994,45.05354599300006],[-102.41474067099995,45.005198105000034],[-102.31187382099995,44.99117104700008],[-102.21123576799994,44.94293584300004],[-102.16607503599994,44.85807380400007],[-102.18074347699996,44.78558361800003],[-102.50583777099996,44.68371701800004]],[[-100.36593167399997,43.86456682600004],[-100.60249191599996,43.86985494100003],[-100.77459364699996,43.90764055500006],[-101.01322318799998,44.05881883400008],[-101.10954579899999,44.23086228300008],[-101.00592632499996,44.38167054100006],[-100.64346884399998,44.55158433500003],[-100.23253906899998,44.59196470400008],[-99.97312920299998,44.589023576000045],[-98.86988076499995,44.51644762700005],[-98.64936249199997,44.43052108900008],[-98.51400579699998,44.346445181000036],[-98.52430813399997,44.27693195300003],[-98.75854217599999,44.17872562900004],[-99.35816886399999,43.99124912700006],[-99.73094398099994,43.96356731900005],[-100.26113093599997,43.86208871500003],[-100.36593167399997,43.86456682600004]],[[-95.60610349399997,43.69553622300003],[-95.43665797399996,43.53297593000008],[-95.07255118999996,43.471382952000056],[-94.71636653799999,43.47037519000003],[-94.52759033999996,43.38089517000003],[-94.51055731499997,43.34386658000005],[-94.60579507399996,43.24673451500007],[-94.62071103599999,43.20508795400008],[-94.71079611599998,43.127933849000044],[-95.02251290899994,43.01237238400006],[-96.10848623899994,42.92927307300005],[-96.34306082999996,42.88706263900008],[-96.45433467699996,42.91922169700007],[-96.59905619999995,42.913787178000064],[-96.61471337999996,42.97241128300004],[-96.58780786399996,43.01263148100003],[-96.51428825899995,43.03689585300003],[-96.49305012199994,43.108089076000056],[-96.59278172399996,43.142377397000075],[-96.76442957499995,43.28766791000004],[-96.78253021299997,43.40081926600004],[-96.64307344499997,43.48091712100006],[-96.42621644799999,43.481797243000074],[-96.00414383899994,43.62477742100003],[-95.79843742199995,43.64493463800005],[-95.62318697399996,43.63053527500006],[-95.60610349399997,43.69553622300003]],[[-96.26689962999995,42.100320348000025],[-96.29743881399997,42.12655504700007],[-96.37770848499997,42.30209226900007],[-96.41770187099996,42.443492614000036],[-96.30759292599998,42.56190617900006],[-96.21584292899996,42.570623176000026],[-95.99939297999998,42.51691970300004],[-95.94050072999994,42.471509480000066],[-95.85914438399999,42.35217622300007],[-96.00315524999996,42.21209250100003],[-96.07250816199996,42.08495541000008],[-96.07492189599998,41.989016079000066],[-96.12419047099996,41.97737918100006],[-96.26689962999995,42.100320348000025]],[[-96.25783543999995,41.529430786000034],[-96.25532383399997,41.56975861500007],[-96.14638333099998,41.61812165100008],[-96.09448669599999,41.618170262000035],[-96.01197602999997,41.57001173100008],[-95.94552703399995,41.518860060000065],[-95.90313935299997,41.42147825300003],[-95.92182496899994,41.32414335500005],[-95.94436702999997,41.30547327100004],[-95.98013375999994,41.314333076000025],[-96.20315314899995,41.46265574500006],[-96.25783543999995,41.529430786000034]],[[-100.84646842999996,38.05126216900004],[-100.67991768399997,38.110476506000055],[-100.66629171699998,38.093712555000025],[-100.42483376299998,38.00814380600008],[-100.15784654099997,37.86391624000004],[-100.11598521699995,37.794446899000036],[-100.16469964699996,37.71599689200008],[-100.27651243399998,37.68258614900003],[-100.40615148899997,37.69569156400007],[-100.50736712399998,37.73925772100006],[-100.71354095199996,37.879186349000065],[-100.84646842999996,38.05126216900004]],[[-96.69429277899997,46.65810337900007],[-96.80356811399997,46.599140024000064],[-97.02153723099997,46.55175927500005],[-97.31068524999995,46.62895881400004],[-97.43187326899994,46.87762255100006],[-97.05971560499995,47.54369262600005],[-96.91359180799998,47.69820279000004],[-96.73817515699994,47.648740746000044],[-96.42035094599999,47.42199417100005],[-96.40303156599998,47.304278124000064],[-96.47339904899997,47.11040950000006],[-96.69669740099994,46.88559168900008],[-96.69429277899997,46.65810337900007]],[[-90.04462154299995,45.805775098000026],[-90.46453179099996,45.84781716600003],[-90.79440371699997,45.90853980300005],[-91.01963447299994,46.00834272600008],[-90.99425161899995,46.19415578400003],[-90.87459687899997,46.34077175500005],[-90.53586213999995,46.49867466100005],[-90.38584997699996,46.52674144000008],[-90.27706407399995,46.578973974000064],[-89.97413774799998,46.68348505000006],[-89.86357789299996,46.74208521200006],[-89.73128588599997,46.75154780400004],[-89.63119967199998,46.725213186000076],[-89.53704992899998,46.61025027300008],[-89.52514883199996,46.52877020300008],[-89.62555169699993,46.430898299000035],[-89.90432248999997,46.31239939900007],[-89.90122456899996,46.23706150500004],[-89.67805014499999,46.06382157400003],[-89.19116728099999,45.980635402000075],[-89.05356986599998,45.882201819000045],[-89.16464983099996,45.796418446000075],[-89.43559689399996,45.80982343100004],[-89.82476675799995,45.77250186500004],[-90.04462154299995,45.805775098000026]],[[-90.41340998899994,46.56749433300007],[-90.41351208999998,46.56744007700007],[-90.41347724499997,46.56751194900005],[-90.41340998899994,46.56749433300007]],[[-90.41136289999997,46.568722973000035],[-90.41150581599999,46.568647283000075],[-90.41154654199994,46.568769633000045],[-90.41136289999997,46.568722973000035]],[[-90.31119430299998,46.60321352900007],[-90.31131916799995,46.603243991000056],[-90.31124816799996,46.60329584400006],[-90.31119430299998,46.60321352900007]],[[-90.30554760899997,46.60322165700006],[-90.30563945899996,46.60318748800006],[-90.30564081699998,46.60326902800006],[-90.30554760899997,46.60322165700006]],[[-90.30014393999994,46.60511972300003],[-90.30030919399996,46.60504885000006],[-90.30028941599994,46.60518556000005],[-90.30014393999994,46.60511972300003]],[[-90.29358669399994,46.607931190000045],[-90.29372458099994,46.60787454700005],[-90.29367761399999,46.60799756200004],[-90.29358669399994,46.607931190000045]],[[-90.29260488899996,46.608336809000036],[-90.29268688599996,46.608263075000025],[-90.29273868099995,46.60834416200004],[-90.29260488899996,46.608336809000036]],[[-90.26095012999997,46.61996178800007],[-90.26101734199995,46.61994852300006],[-90.26104300599997,46.61999916600007],[-90.26095012999997,46.61996178800007]],[[-90.25928496099993,46.62025747300004],[-90.25931565899998,46.620249080000065],[-90.25931480499997,46.62027443200003],[-90.25928496099993,46.62025747300004]],[[-90.25666280299998,46.62081611900004],[-90.25670613699998,46.62080048400003],[-90.25669520399998,46.62082963200004],[-90.25666280299998,46.62081611900004]],[[-90.25247601799998,46.62154397000006],[-90.25263337899997,46.62152947100003],[-90.25262347099994,46.621616567000046],[-90.25247601799998,46.62154397000006]],[[-90.25097902299996,46.621811732000026],[-90.25101362399994,46.621804076000046],[-90.25103926999998,46.62183703300008],[-90.25097902299996,46.621811732000026]],[[-90.24744881399994,46.622354664000056],[-90.24776491599994,46.62230042300007],[-90.24759906899999,46.62252843400006],[-90.24744881399994,46.622354664000056]],[[-90.24666646999998,46.62267243400004],[-90.24633919599995,46.62252601200004],[-90.24654965099995,46.62247996600007],[-90.24666646999998,46.62267243400004]],[[-90.24295575699995,46.62313472400007],[-90.24321146299997,46.62307425100005],[-90.24331686899995,46.62326216800005],[-90.24295575699995,46.62313472400007]],[[-90.23764513999998,46.62439348800007],[-90.23793266499996,46.62430952300008],[-90.23783106599996,46.62452463500006],[-90.23764513999998,46.62439348800007]],[[-90.23378956799996,46.625734719000036],[-90.23381333499998,46.625722488000065],[-90.23381199899995,46.625736836000044],[-90.23378956799996,46.625734719000036]],[[-90.23063619599998,46.62663599000007],[-90.23071405799999,46.62661423000003],[-90.23070859799998,46.62667483600006],[-90.23063619599998,46.62663599000007]],[[-90.22001992599996,46.62978286200007],[-90.22013189699999,46.62973511100006],[-90.22008506199995,46.62985903900005],[-90.22001992599996,46.62978286200007]],[[-90.21265562699995,46.63219425800003],[-90.21276935999998,46.63216287700004],[-90.21274326099996,46.63223043800008],[-90.21265562699995,46.63219425800003]],[[-90.19938455699997,46.636284078000074],[-90.19968432599995,46.63621686700003],[-90.19966598999997,46.63634117300006],[-90.19938455699997,46.636284078000074]],[[-90.19427173999998,46.63760172500008],[-90.19444415299995,46.63755217700003],[-90.19441925499996,46.63770737500005],[-90.19427173999998,46.63760172500008]],[[-90.19255822799994,46.63804132900003],[-90.19272646499996,46.63800006500003],[-90.19266378799995,46.63814104100004],[-90.19255822799994,46.63804132900003]],[[-90.18725895099999,46.63929746600007],[-90.18746744299995,46.63925073400003],[-90.18739945199997,46.639352374000055],[-90.18725895099999,46.63929746600007]],[[-90.18614746499998,46.63967606500006],[-90.18628511399999,46.63962432500006],[-90.18623385399997,46.639724441000055],[-90.18614746499998,46.63967606500006]],[[-90.18395751099996,46.64008084000005],[-90.18409955799996,46.64005443800005],[-90.18405625299994,46.64016624100003],[-90.18395751099996,46.64008084000005]],[[-90.18155233799996,46.64070564700006],[-90.18168530999998,46.64067098100003],[-90.18167618499996,46.640758375000075],[-90.18155233799996,46.64070564700006]],[[-90.17704359099997,46.64183076100005],[-90.17719628499998,46.64178630500004],[-90.17717378399999,46.641918643000054],[-90.17704359099997,46.64183076100005]],[[-90.17202017299996,46.64309766700006],[-90.17222688699997,46.64305484100004],[-90.17216458399997,46.64314224200007],[-90.17202017299996,46.64309766700006]],[[-90.16616433099995,46.64484311600006],[-90.16630962899995,46.64480440800003],[-90.16630498099994,46.64488877600007],[-90.16616433099995,46.64484311600006]],[[-90.16207349999996,46.646048654000026],[-90.16234511299996,46.64598538700005],[-90.16229144699997,46.64611137700007],[-90.16207349999996,46.646048654000026]],[[-90.15645276199996,46.64677037200005],[-90.15661539599995,46.64675376900004],[-90.15655264599997,46.64685944300004],[-90.15645276199996,46.64677037200005]],[[-90.15197077699997,46.64674118000005],[-90.15212592199998,46.64673369900004],[-90.15209137899996,46.64682064500005],[-90.15197077699997,46.64674118000005]],[[-90.14724995799997,46.647448945000065],[-90.14741323199996,46.64743902400005],[-90.14737004299997,46.64752224500006],[-90.14724995799997,46.647448945000065]],[[-90.14469476899995,46.647779780000064],[-90.14492785699997,46.64774539700005],[-90.14491797599999,46.64784297800003],[-90.14469476899995,46.647779780000064]],[[-90.14186084699998,46.648420343000055],[-90.14197333399994,46.648385561000055],[-90.14198103999996,46.64846698000008],[-90.14186084699998,46.648420343000055]],[[-90.13860886799995,46.64925752000005],[-90.13874341299999,46.64921669600005],[-90.13874318199998,46.64929338300004],[-90.13860886799995,46.64925752000005]],[[-90.13761679299995,46.64952708800007],[-90.13783759599994,46.64948626200004],[-90.13786863999997,46.64957497900008],[-90.13761679299995,46.64952708800007]],[[-90.13234858799996,46.65039188800006],[-90.13259699899999,46.65030039200008],[-90.13249537199994,46.65045138000005],[-90.13234858799996,46.65039188800006]],[[-90.12767039699997,46.65117640400007],[-90.12779229899996,46.65117427300004],[-90.12775477099996,46.65124444700007],[-90.12767039699997,46.65117640400007]],[[-90.12633055099997,46.65119121600003],[-90.12640244399995,46.65119046800004],[-90.12637617099995,46.65124898000005],[-90.12633055099997,46.65119121600003]],[[-90.12226052999995,46.65142783400006],[-90.12228071299995,46.65142506500007],[-90.12227823499995,46.65143698000003],[-90.12226052999995,46.65142783400006]],[[-90.11381680299996,46.65344978300004],[-90.11417920399998,46.653397109000025],[-90.11407783399994,46.65354738100007],[-90.11381680299996,46.65344978300004]],[[-90.11063319599998,46.65358600900004],[-90.11076906999995,46.65357070600004],[-90.11072383199996,46.653646448000075],[-90.11063319599998,46.65358600900004]],[[-90.10550785199996,46.65448605000006],[-90.10558359699996,46.654469058000075],[-90.10555656499997,46.65451318300006],[-90.10550785199996,46.65448605000006]],[[-90.10251713499997,46.655011726000055],[-90.10271391799995,46.65498637700006],[-90.10267763199994,46.65511764900003],[-90.10251713499997,46.655011726000055]],[[-90.10120537599994,46.655286802000035],[-90.10136493899995,46.655253353000035],[-90.10134836299994,46.655359383000075],[-90.10120537599994,46.655286802000035]],[[-90.09468198699994,46.656663421000076],[-90.09479555999997,46.65663304200007],[-90.09475896199996,46.65673598200004],[-90.09468198699994,46.656663421000076]],[[-90.09208076699997,46.65720428700007],[-90.09230015799994,46.657144059000075],[-90.09228322799999,46.65728338300005],[-90.09208076699997,46.65720428700007]],[[-90.08845853599996,46.657820256000036],[-90.08863982899999,46.65778506200007],[-90.08859156099999,46.657900650000045],[-90.08845853599996,46.657820256000036]],[[-90.08672137899998,46.65829757600005],[-90.08693536199996,46.658220407000044],[-90.08688502699994,46.65837998400008],[-90.08672137899998,46.65829757600005]],[[-90.08455903699996,46.65864051900007],[-90.08474659099994,46.65859561500008],[-90.08471562499994,46.65870738400008],[-90.08455903699996,46.65864051900007]],[[-90.08070878499996,46.65965387700004],[-90.08089614299996,46.65961450400005],[-90.08086305799998,46.65971959500007],[-90.08070878499996,46.65965387700004]],[[-90.07801941399998,46.66026437900007],[-90.07826649999998,46.66022156200006],[-90.07819475799994,46.660325052000076],[-90.07801941399998,46.66026437900007]],[[-90.07143145999999,46.66266414300003],[-90.07172929299998,46.66257370100004],[-90.07168935599998,46.66271665200003],[-90.07143145999999,46.66266414300003]],[[-90.06848858799998,46.66343891500003],[-90.06867945599998,46.66338866500007],[-90.06865455499997,46.66354065100006],[-90.06848858799998,46.66343891500003]],[[-90.06301006499996,46.66434888900005],[-90.06326606499994,46.66432682300007],[-90.06321441999995,46.66447405300005],[-90.06301006499996,46.66434888900005]],[[-90.04026395899996,46.670133416000056],[-90.04044504099994,46.67007427900006],[-90.04038686699994,46.67018569900006],[-90.04026395899996,46.670133416000056]],[[-90.03346732999995,46.67233857400004],[-90.03368808199997,46.67225632600008],[-90.03364554599995,46.67240498800004],[-90.03346732999995,46.67233857400004]],[[-90.03212808299998,46.672874523000075],[-90.03236974099997,46.67277238500003],[-90.03238261299998,46.67292125600005],[-90.03212808299998,46.672874523000075]],[[-89.99639632799995,46.69296236000008],[-89.99683259999995,46.69270374600006],[-89.99699102599999,46.693000349000044],[-89.99639632799995,46.69296236000008]],[[-89.99307755999996,46.69581994300006],[-89.99376959599994,46.69524242300008],[-89.99398933699996,46.69544106200004],[-89.99307755999996,46.69581994300006]],[[-89.99218900499994,46.696585897000034],[-89.99237859899995,46.69642599100007],[-89.99254780399997,46.696716396000056],[-89.99218900499994,46.696585897000034]],[[-89.99154433999996,46.69707974000005],[-89.99165849499997,46.69699229400004],[-89.99183540299998,46.69718499700008],[-89.99154433999996,46.69707974000005]],[[-89.97415247699996,46.71013793800006],[-89.97498161399994,46.709719697000025],[-89.97446120199999,46.71031486500004],[-89.97415247699996,46.71013793800006]],[[-89.96847187799995,46.71227765400005],[-89.96896408899994,46.71218457200007],[-89.96887279899994,46.71244906600003],[-89.96847187799995,46.71227765400005]],[[-89.95700666899995,46.71725848800003],[-89.95718922099996,46.71717655700007],[-89.95715472899997,46.71735280100006],[-89.95700666899995,46.71725848800003]],[[-89.92697008899995,46.73546775600005],[-89.92711283099999,46.73541045300004],[-89.92716173699995,46.735517909000066],[-89.92697008899995,46.73546775600005]],[[-89.92427600599996,46.73658371600004],[-89.92442157499994,46.736497505000045],[-89.92454519099994,46.73664500600006],[-89.92427600599996,46.73658371600004]],[[-89.92184768999994,46.73807221200008],[-89.92203374699994,46.73795302000008],[-89.92216785399995,46.738125196000055],[-89.92184768999994,46.73807221200008]],[[-89.91788955799996,46.74062875000004],[-89.91810605299997,46.740475778000075],[-89.91819337899994,46.740721859000075],[-89.91788955799996,46.74062875000004]],[[-89.91116704899997,46.74660951100003],[-89.91129618499997,46.74668060800008],[-89.91107042899995,46.74667435300006],[-89.91116704899997,46.74660951100003]],[[-89.90594420999997,46.74998013100003],[-89.90594491899998,46.74998080900008],[-89.90594264299995,46.749980900000025],[-89.90594420999997,46.74998013100003]],[[-89.90390323599996,46.75208613400008],[-89.90390858599994,46.75208740900007],[-89.90389836399999,46.752089682000076],[-89.90390323599996,46.75208613400008]],[[-89.90288298099995,46.75289432300008],[-89.90288490199998,46.75289706600006],[-89.90287650099998,46.75289998000005],[-89.90288298099995,46.75289432300008]],[[-89.89711873799996,46.75857241600005],[-89.89711971599996,46.75857581200006],[-89.89711493699997,46.75857565200005],[-89.89711873799996,46.75857241600005]],[[-89.89439821499997,46.76097159400007],[-89.89439791699994,46.760974678000025],[-89.89439405899998,46.76097492200006],[-89.89439821499997,46.76097159400007]],[[-89.89237705799997,46.762379707000036],[-89.89237866199994,46.762382193000064],[-89.89237449199999,46.762382040000034],[-89.89237705799997,46.762379707000036]],[[-89.89113983499999,46.76332566000008],[-89.89114046799995,46.76332533300007],[-89.89114073099995,46.763325931000054],[-89.89113983499999,46.76332566000008]],[[-89.88160693299994,46.77066558100006],[-89.88160882999995,46.77066449900008],[-89.88160798199999,46.770666015000074],[-89.88160693299994,46.77066558100006]],[[-89.87847842599996,46.77308281200004],[-89.87848370299997,46.77307943100004],[-89.87848471399997,46.77308328200007],[-89.87847842599996,46.77308281200004]],[[-89.87703616299996,46.77434001700004],[-89.87703882999995,46.774338054000054],[-89.87703878399998,46.77434097100007],[-89.87703616299996,46.77434001700004]],[[-89.86216558099994,46.78556677500006],[-89.86223745399997,46.78552098100005],[-89.86219437699998,46.785578616000066],[-89.86216558099994,46.78556677500006]],[[-89.86043928899994,46.78681695000006],[-89.86044205299999,46.78681921000003],[-89.86043621599998,46.786819121000065],[-89.86043928899994,46.78681695000006]],[[-89.85758319999997,46.78881482300005],[-89.85758745499999,46.78881122000007],[-89.85758846499994,46.788816258000054],[-89.85758319999997,46.78881482300005]],[[-89.85648622099995,46.789516571000036],[-89.85648890199997,46.78951511200006],[-89.85648837699995,46.78951761900004],[-89.85648622099995,46.789516571000036]],[[-89.85459509999998,46.790697056000056],[-89.85459670299997,46.79069607900004],[-89.85459878599994,46.790698457000076],[-89.85459509999998,46.790697056000056]],[[-89.85194604299994,46.79310567400006],[-89.85195051699998,46.79310884400007],[-89.85194518599997,46.79311145200006],[-89.85194604299994,46.79310567400006]],[[-89.84995856699999,46.79471202600007],[-89.84996282499998,46.794707680000045],[-89.84996417399998,46.79471301900003],[-89.84995856699999,46.79471202600007]],[[-89.84763542399998,46.79618011100007],[-89.84763716899994,46.79617927700008],[-89.84763742199999,46.79618086800008],[-89.84763542399998,46.79618011100007]],[[-89.84584953599995,46.797185220000074],[-89.84585044799996,46.79718459400004],[-89.84585146999996,46.79718626500005],[-89.84584953599995,46.797185220000074]],[[-89.84471700199998,46.797690974000034],[-89.84471844699999,46.79769049400005],[-89.84471884199996,46.79769176100007],[-89.84471700199998,46.797690974000034]],[[-89.84267787799996,46.79847798000003],[-89.84267936499998,46.798477338000055],[-89.84268033499995,46.79847946900003],[-89.84267787799996,46.79847798000003]],[[-89.84101905899996,46.79964391900006],[-89.84101997999994,46.79964323200005],[-89.84102065099995,46.79964426600003],[-89.84101905899996,46.79964391900006]],[[-89.83913814499994,46.80089572400004],[-89.83913848299994,46.800895507000064],[-89.83913885199996,46.80089602000004],[-89.83913814499994,46.80089572400004]],[[-89.83588157099996,46.802718078000055],[-89.83587790999997,46.80272357100006],[-89.83587173199999,46.80272373100007],[-89.83588157099996,46.802718078000055]],[[-89.83498811499999,46.80326650600006],[-89.83498914699999,46.80326585100005],[-89.83499028399996,46.803267402000074],[-89.83498811499999,46.80326650600006]],[[-89.83094961999996,46.80445032200004],[-89.83095137099997,46.804450504000044],[-89.83095091799998,46.80445102400006],[-89.83094961999996,46.80445032200004]],[[-89.82896883299998,46.80521677400003],[-89.82896896899996,46.80521728900004],[-89.82896717899996,46.80521731200008],[-89.82896883299998,46.80521677400003]],[[-89.81728415799995,46.80866595500004],[-89.81728747199998,46.80866474700008],[-89.81728593699995,46.80866679700006],[-89.81728415799995,46.80866595500004]],[[-89.81610811799999,46.80909452600008],[-89.81611205499996,46.80909309200007],[-89.81611190099994,46.809096090000025],[-89.81610811799999,46.80909452600008]],[[-89.81482735999998,46.80952548600004],[-89.81482928399998,46.809524837000026],[-89.81482918699999,46.80952674400004],[-89.81482735999998,46.80952548600004]],[[-89.81323873899998,46.81001088900007],[-89.81324002199995,46.810010540000064],[-89.81324069899995,46.810011891000045],[-89.81323873899998,46.81001088900007]],[[-89.80868088299997,46.81169097700007],[-89.80868136399994,46.81169082000008],[-89.80868135099996,46.81169130100005],[-89.80868088299997,46.81169097700007]],[[-89.80715175999995,46.81221509300008],[-89.80715253799997,46.812214803000074],[-89.80715265899994,46.81221546200004],[-89.80715175999995,46.81221509300008]],[[-89.80099788199999,46.81448508500006],[-89.80099946699994,46.814484701000026],[-89.80099964599998,46.81448558900007],[-89.80099788199999,46.81448508500006]],[[-89.79848754099999,46.81545250700003],[-89.79849166899999,46.815450844000054],[-89.79849155099998,46.815454284000054],[-89.79848754099999,46.81545250700003]],[[-89.79524091199994,46.816359067000064],[-89.79524136999999,46.81635892500003],[-89.79524147099994,46.816359324000075],[-89.79524091199994,46.816359067000064]],[[-89.79157700899998,46.817659253000045],[-89.79158023499997,46.81765753600007],[-89.79158222799998,46.81766049600003],[-89.79157700899998,46.817659253000045]],[[-89.78885017299996,46.81868313700005],[-89.78885268799996,46.818682351000064],[-89.78885158699995,46.81868355600005],[-89.78885017299996,46.81868313700005]],[[-89.78683997499996,46.81911288200007],[-89.78684145899996,46.819112715000074],[-89.78684089299998,46.81911329300004],[-89.78683997499996,46.81911288200007]],[[-89.78417697999998,46.81924851000008],[-89.78417772399996,46.81924850000007],[-89.78417766699994,46.81924922700006],[-89.78417697999998,46.81924851000008]],[[-89.78060163699996,46.819643635000034],[-89.78060295999995,46.81964338100005],[-89.78060258099998,46.81964390300004],[-89.78060163699996,46.819643635000034]],[[-89.77791616299999,46.82009059100005],[-89.77791837699993,46.820090341000025],[-89.77791829099993,46.820091296000044],[-89.77791616299999,46.82009059100005]],[[-89.77496615299998,46.82082640200008],[-89.77496654199996,46.82082626500005],[-89.77496662099998,46.820826673000056],[-89.77496615299998,46.82082640200008]],[[-89.75975114299996,46.82360177700008],[-89.75975452999995,46.823600930000055],[-89.75975292899994,46.823602737000044],[-89.75975114299996,46.82360177700008]],[[-89.75308845299998,46.825314261000074],[-89.75308939199994,46.82531408800003],[-89.75308944699998,46.82531493400006],[-89.75308845299998,46.825314261000074]],[[-89.60400386399994,46.82191849700007],[-89.60400620099995,46.82191802800003],[-89.60400590599994,46.821919439000055],[-89.60400386399994,46.82191849700007]],[[-89.59629986699997,46.825833740000064],[-89.59630201899995,46.82583223800003],[-89.59630362699994,46.82583492400005],[-89.59629986699997,46.825833740000064]],[[-89.52161858899996,46.83870034900008],[-89.52162006099996,46.838700148000044],[-89.52161960899997,46.83870102900005],[-89.52161858899996,46.83870034900008]],[[-89.48669099299997,46.837907865000034],[-89.48729907199998,46.83788337500005],[-89.48694900499999,46.83813211700004],[-89.48669099299997,46.837907865000034]],[[-89.47540019999997,46.837423278000074],[-89.47562692899999,46.837450440000055],[-89.47511758599995,46.83739064500003],[-89.47540019999997,46.837423278000074]],[[-89.47100146799994,46.83740645100005],[-89.47072369299997,46.837338197000065],[-89.47124461299995,46.83729731600005],[-89.47100146799994,46.83740645100005]],[[-89.47218311199998,46.83726718200006],[-89.47261323099997,46.83726982200005],[-89.47250329499997,46.83740609700004],[-89.47218311199998,46.83726718200006]],[[-89.47850073099994,46.837778393000065],[-89.47873926999995,46.83784129400004],[-89.47856257699999,46.83790577000008],[-89.47850073099994,46.837778393000065]],[[-89.49215071899994,46.838496159000044],[-89.49256476499994,46.83862266500006],[-89.49248900699996,46.838722517000065],[-89.49215071899994,46.838496159000044]],[[-89.46576112599996,46.837516804000074],[-89.46621574699998,46.83748901100006],[-89.46586149399997,46.837624567000034],[-89.46576112599996,46.837516804000074]],[[-89.46246510199995,46.83765783400003],[-89.46275018399996,46.83764232500005],[-89.46273799799997,46.83775545000003],[-89.46246510199995,46.83765783400003]],[[-89.45775099899998,46.83792123900008],[-89.45846320299995,46.83784718800007],[-89.45810495999996,46.83802545200007],[-89.45775099899998,46.83792123900008]],[[-89.44858158999995,46.83868895400008],[-89.44915212399997,46.838661236000064],[-89.44897079399999,46.838833720000025],[-89.44858158999995,46.83868895400008]],[[-89.44253634999995,46.83899843100005],[-89.44291053899997,46.83896914500008],[-89.44283399099999,46.83909072000006],[-89.44253634999995,46.83899843100005]],[[-89.43186817599997,46.840265103000036],[-89.43251633999995,46.84019699100003],[-89.43235225599994,46.840353321000066],[-89.43186817599997,46.840265103000036]],[[-89.42164847899994,46.84214496300007],[-89.42190111999997,46.84206670000003],[-89.42193185399998,46.84218965500003],[-89.42164847899994,46.84214496300007]],[[-89.41967872399994,46.84266077400008],[-89.41994567699999,46.84263890900007],[-89.41945922199994,46.84278870900005],[-89.41967872399994,46.84266077400008]],[[-89.41086951099999,46.84541594700005],[-89.41108445499998,46.84534308500008],[-89.41108098299998,46.84542892300004],[-89.41086951099999,46.84541594700005]],[[-89.34933487099994,46.863860541000065],[-89.34963371799995,46.86375991500006],[-89.34955661999999,46.86399003300005],[-89.34933487099994,46.863860541000065]],[[-89.31315496699995,46.87875320300003],[-89.31333534399994,46.87870304900008],[-89.31335376899995,46.87885782800004],[-89.31315496699995,46.87875320300003]],[[-89.28843544799997,46.88922307300004],[-89.28854479899996,46.88919126500008],[-89.28851015299995,46.88926647000005],[-89.28843544799997,46.88922307300004]],[[-89.26737911999999,46.89728702600007],[-89.26738132599996,46.89728576500005],[-89.26738287299997,46.89728852300004],[-89.26737911999999,46.89728702600007]],[[-89.25437995899995,46.902035667000064],[-89.25438338399994,46.902034822000076],[-89.25438261099998,46.90203707500007],[-89.25437995899995,46.902035667000064]],[[-89.24904254999996,46.90323185800003],[-89.24904915699994,46.90322886900003],[-89.24904687299994,46.90323286900008],[-89.24904254999996,46.90323185800003]],[[-89.24690874499998,46.90405959700007],[-89.24729677299996,46.90396649500008],[-89.24687782799998,46.904080993000036],[-89.24690874499998,46.90405959700007]],[[-89.22303093899995,46.91595967000006],[-89.22303819999996,46.91595640300005],[-89.22303653699998,46.915961080000045],[-89.22303093899995,46.91595967000006]],[[-89.20845161099999,46.92599721100004],[-89.20894974099997,46.925638528000036],[-89.20837045899998,46.926070794000054],[-89.20845161099999,46.92599721100004]],[[-89.19945795399997,46.93298293700008],[-89.20722533499998,46.926214352000045],[-89.20787889799999,46.92621950000006],[-89.19945795399997,46.93298293700008]],[[-89.19691265499995,46.934993672000076],[-89.19904486199994,46.933382349000055],[-89.19761719799999,46.93505454900003],[-89.19691265499995,46.934993672000076]],[[-89.18688854999994,46.94608180800003],[-89.18689005999994,46.94607978400006],[-89.18689340899994,46.94608241600008],[-89.18688854999994,46.94608180800003]],[[-89.18525149799996,46.94784295800008],[-89.18525259699999,46.94784508500004],[-89.18524913199997,46.94784554600005],[-89.18525149799996,46.94784295800008]],[[-89.18399602999995,46.949239275000025],[-89.18399729899994,46.94923772800007],[-89.18400132899995,46.94924055300004],[-89.18399602999995,46.949239275000025]],[[-89.17921255099998,46.95626820700005],[-89.17921458199999,46.95627122500008],[-89.17920940999994,46.956272385000034],[-89.17921255099998,46.95626820700005]],[[-89.17881803499995,46.95687884900008],[-89.17882026799998,46.95687454600005],[-89.17882255399996,46.95687916300005],[-89.17881803499995,46.95687884900008]],[[-89.17806837499995,46.95824659200008],[-89.17807252399996,46.958249065000075],[-89.17806497099997,46.95825195700007],[-89.17806837499995,46.95824659200008]],[[-89.17058949299997,46.964662443000066],[-89.17059373199999,46.96466132300003],[-89.17059416699999,46.964662702000055],[-89.17058949299997,46.964662443000066]],[[-89.16800622099998,46.965441749000036],[-89.16801424599998,46.96543921500006],[-89.16801039699999,46.96544241300006],[-89.16800622099998,46.965441749000036]],[[-89.16339437199997,46.96730196100003],[-89.16339403999996,46.967303730000026],[-89.16338929999995,46.967304134000074],[-89.16339437199997,46.96730196100003]],[[-89.15737809599995,46.96944796300005],[-89.15737992899994,46.96944697300006],[-89.15737964199997,46.96944817700006],[-89.15737809599995,46.96944796300005]],[[-89.15635073299995,46.970061386000054],[-89.15635798599999,46.97005670200008],[-89.15635619099999,46.97006175800004],[-89.15635073299995,46.970061386000054]],[[-89.15483004099997,46.97141739400007],[-89.15483534599997,46.97141619700005],[-89.15482380899994,46.97142255600005],[-89.15483004099997,46.97141739400007]],[[-89.15249991499996,46.97316211100008],[-89.15250538699996,46.97316289200006],[-89.15249428199996,46.97316741800006],[-89.15249991499996,46.97316211100008]],[[-89.15003948999998,46.97532979700003],[-89.15004059999995,46.97533055700006],[-89.15003740499998,46.97533158300007],[-89.15003948999998,46.97532979700003]],[[-89.14869252499994,46.97687222300004],[-89.14869636499998,46.976877984000055],[-89.14869097199994,46.97688024800004],[-89.14869252499994,46.97687222300004]],[[-89.14847566199995,46.97921022600008],[-89.14847892699999,46.979212561000054],[-89.14847367699997,46.97921448000005],[-89.14847566199995,46.97921022600008]],[[-89.74481910199995,46.826770553000074],[-89.74482106199997,46.82677017000003],[-89.74482054999999,46.82677269800007],[-89.74481910199995,46.826770553000074]],[[-89.74339537099996,46.826916347000065],[-89.74339610399994,46.82691618400003],[-89.74339563499996,46.82691669800005],[-89.74339537099996,46.826916347000065]],[[-89.73677009199997,46.82800726900007],[-89.73677087299995,46.828007021000076],[-89.73677035899999,46.82800884800008],[-89.73677009199997,46.82800726900007]],[[-89.72479695799996,46.82970537400007],[-89.72479850799994,46.82970535700008],[-89.72479789599998,46.82970636200008],[-89.72479695799996,46.82970537400007]],[[-89.71493398099994,46.830881076000026],[-89.71493500999998,46.83088108700008],[-89.71493439199998,46.830881856000076],[-89.71493398099994,46.830881076000026]],[[-89.70619959699997,46.83109040100004],[-89.70620053199997,46.83109032100003],[-89.70619985399998,46.831090999000025],[-89.70619959699997,46.83109040100004]],[[-89.69081974099998,46.83044180200005],[-89.69082030799996,46.830441790000066],[-89.69082000099996,46.83044229500007],[-89.69081974099998,46.83044180200005]],[[-89.66757755399999,46.83260405300007],[-89.66757813299995,46.83260408700005],[-89.66757792699997,46.83260470500005],[-89.66757755399999,46.83260405300007]],[[-90.31899940799997,46.605180853000036],[-90.31922111099999,46.60524347300003],[-90.31907208999996,46.60530076100008],[-90.31899940799997,46.605180853000036]]],[[[-124.70610065999995,48.38749470800008],[-124.73175831699996,48.38487019300004],[-124.73033161699999,48.37336888100003],[-124.66467302899997,48.33563390100005],[-124.66560380699997,48.30790486600006],[-124.68874375899998,48.28782429600005],[-124.70160689699998,48.19328464800003],[-124.73328413899998,48.15956653300003],[-124.68856823499999,48.09679187800003],[-124.67393502199997,47.97502292300004],[-124.61139684199998,47.87316288000005],[-124.57639317499996,47.874196666000046],[-124.55158237499995,47.844049115000075],[-124.48861696299997,47.81776204200003],[-124.47338867699995,47.76705708600008],[-124.42531584799997,47.74033132100004],[-124.35943597299996,47.560292867000044],[-124.32168567499997,47.36301579500008],[-124.27375780699998,47.34409490100006],[-124.29395281899997,47.34630360700004],[-124.278976307,47.30715718500005],[-124.24075303099994,47.29348149700007],[-123.88216845799997,47.45420889400003],[-123.83817614399999,47.61532324400008],[-123.87456079399999,47.69791355500007],[-124.06912035899995,47.82100726300007],[-124.08110664199995,47.93132484200004],[-123.90015382899998,47.92369241700004],[-123.56781379399996,47.87063318300005],[-123.51043225399997,47.758597257000076],[-123.17261202899999,47.56560471800003],[-123.20346419999998,47.39645090000005],[-123.15586734699997,47.31627997600003],[-123.04358398799997,47.350393634000056],[-123.10137146299996,47.35872820800006],[-123.11852996899995,47.336335932000054],[-123.15583008799996,47.34941652500004],[-123.10925265199995,47.45560626300005],[-123.06062289299996,47.496530343000074],[-122.97674534599997,47.61721975100005],[-122.93900272899998,47.631234954000035],[-122.93290684399994,47.64791281200007],[-122.90731785199995,47.64605505700007],[-122.914558151,47.66019614000004],[-122.87261938399996,47.74423774300004],[-122.85208104799995,47.734460676000026],[-122.86218238999999,47.827298968000036],[-122.84569525699999,47.781068650000066],[-122.83223700199994,47.781293719000075],[-122.81549048299996,47.802293630000065],[-122.81407142799998,47.857118462000074],[-122.80311561499997,47.85223565100006],[-122.786788694,47.790338371000075],[-122.82790348399999,47.698037947000046],[-122.81253787799994,47.681730118000075],[-122.80755588399995,47.69285759100006],[-122.77980777099998,47.68733391000006],[-122.76990481599995,47.692560048000075],[-122.78226444199998,47.71905693700006],[-122.75961277399995,47.744283532000054],[-122.74809240099995,47.80017648100005],[-122.68284581799998,47.84220301000005],[-122.69389319099997,47.870118965000074],[-122.63851903399996,47.86684214600007],[-122.63514684699999,47.88715541000005],[-122.61485265399995,47.88516795500004],[-122.65467047499999,47.906659956000055],[-122.65686774799997,47.93242060800003],[-122.67657447299996,47.91645228200008],[-122.69059731199997,47.95216547800004],[-122.67913033399998,47.972619887000064],[-122.70146920599996,47.97411143100004],[-122.72816447399998,48.02437388200008],[-122.79860670099998,48.086377965000054],[-122.75359327099994,48.11430918600007],[-122.77022536199996,48.14492594600006],[-122.84157546799997,48.13406549500007],[-122.88455184799994,48.10659966800006],[-122.89099867999994,48.07974801300003],[-122.82764416999999,48.047632082000064],[-122.84226971099997,48.003606656000045],[-122.88095837199995,47.990510795000034],[-122.85910779099999,48.020833829000026],[-122.87296278199995,48.048711635000075],[-122.92634566699996,48.06669029900007],[-122.91530593999994,48.09684929800005],[-123.02778611899998,48.08471092000008],[-123.00627884999994,48.07081016200004],[-123.00119765999995,48.02665504000004],[-123.04364762499995,48.058149178000065],[-123.04235826599995,48.09412558900004],[-123.06854998799997,48.12361701300006],[-123.11915577799999,48.153570012000046],[-123.17780294199997,48.14738256600003],[-123.14841451599995,48.173768832000064],[-123.14328756199995,48.16418249700007],[-123.10811604999998,48.18190558400005],[-123.14721670199998,48.17748053200006],[-123.23883810099994,48.11807042500004],[-123.33205405599995,48.11436634100005],[-123.46023553899994,48.13567904200005],[-123.40151208099996,48.13921908800006],[-123.42266076599998,48.142926970000076],[-123.51153559399995,48.132737905000056],[-123.54831691699997,48.151769426000044],[-123.62898251399997,48.13983323000008],[-123.68505094899996,48.164853823000044],[-123.97830966199996,48.16476605300005],[-124.05294041299999,48.17949077600008],[-124.10212713299995,48.19899150400005],[-124.101669373,48.215150562000076],[-124.24422464499997,48.265382482000064],[-124.27218637699997,48.256322572000045],[-124.39496624999998,48.28987282200006],[-124.565475634,48.36764685300005],[-124.61714953199998,48.36798254100006],[-124.65602893699997,48.39130178200003],[-124.70610065999995,48.38749470800008]]]]},"properties":{"dm":1}},{"type":"Feature","id":3,"geometry":{"type":"MultiPolygon","coordinates":[[[[-67.17698200999996,18.009178158000054],[-67.17744366399995,18.008745008000062],[-67.17753448699995,18.008592905000057],[-67.17698200999996,18.009178158000054]]],[[[-67.19613896599998,18.07769016800006],[-67.19916447799994,18.078810825000062],[-67.19606641999997,18.072075760000075],[-67.19613896599998,18.07769016800006]]],[[[-66.75496950499996,17.993910696000057],[-66.75498365999994,17.994062271000075],[-66.75500671199995,17.993858876000047],[-66.75496950499996,17.993910696000057]]],[[[-66.61746828099996,17.963831592000076],[-66.61892323799998,17.962546804000056],[-66.61563909899996,17.963119322000068],[-66.61746828099996,17.963831592000076]]],[[[-66.11255472899995,17.94901169900004],[-66.09332738099994,17.960701915000072],[-66.09043228999997,18.016605666000032],[-66.10976346799998,18.091828770000063],[-66.10500390699997,18.186285568000073],[-66.12669422099998,18.21961856100006],[-66.16236522099996,18.216975562000073],[-66.38059526499995,18.11821380500004],[-66.61577858699997,18.073505184000055],[-67.00476161799997,18.057663852000076],[-67.19360272799997,18.079899038000065],[-67.20435674899994,18.04185453300005],[-67.16666272299994,18.00610818100006],[-67.20557131199996,17.999193211000033],[-67.21385817799995,17.98095782000007],[-67.18737315499993,17.933579678000058],[-67.19162462499997,17.95312244400003],[-67.17563087499997,17.965486388000045],[-67.10637171799993,17.946022696000057],[-67.05912167199995,17.975104585000054],[-66.98899159799998,17.971028672000045],[-66.98004973599996,17.951514872000075],[-66.92305870899997,17.927835080000023],[-66.91157134899998,17.948210111000037],[-66.92658244699999,17.972064689000035],[-66.89634675899998,17.949545572000034],[-66.84000354399996,17.950007708000044],[-66.78725425699997,17.97288962700003],[-66.78391588299996,17.982374182000058],[-66.80463362699999,17.975321079000025],[-66.79946954099995,17.99221956200006],[-66.76691866899995,18.00891233300007],[-66.75745755199995,17.983036630000072],[-66.71776517799998,17.990340127000024],[-66.67395991299998,17.966112484000064],[-66.62633357599998,17.982270139000036],[-66.60961756599994,17.964720618000058],[-66.57510704799995,17.963300369000024],[-66.46957235699995,17.990364931000045],[-66.38148277499994,17.941149429000063],[-66.36495792399995,17.965720974000078],[-66.32886339099997,17.97809304900005],[-66.24594210599997,17.930819873000075],[-66.26072298699995,17.94437505600007],[-66.23320312599998,17.940477927000074],[-66.20945087699994,17.961905863000027],[-66.17311211799995,17.941856313000073],[-66.21208534299996,17.944398603000025],[-66.19905519699995,17.930147782000063],[-66.11255472899995,17.94901169900004]]],[[[-65.84456558999995,18.43172725100004],[-65.91538832799995,18.445022340000037],[-65.98179206099996,18.317979480000076],[-65.98179206099996,18.289457904000074],[-65.86277147499999,18.233263056000055],[-65.69515021999996,18.262362412000073],[-65.68303597099998,18.275578834000044],[-65.69657629999995,18.32225772000004],[-65.80638436899994,18.36076184600006],[-65.81943330799999,18.41295913700003],[-65.84456558999995,18.43172725100004]]],[[[-80.97980025999993,25.230322599000033],[-80.98289016499996,25.242014649000055],[-80.96507552499997,25.223387478000063],[-80.97980025999993,25.230322599000033]]],[[[-80.95005121899999,25.222885037000026],[-80.94015791499999,25.237494233000064],[-80.95744612799996,25.227802991000033],[-80.95005121899999,25.222885037000026]]],[[[-80.97564986799995,25.24968982300004],[-80.96349623999998,25.25489688600004],[-80.97155288299996,25.267203101000064],[-80.97564986799995,25.24968982300004]]],[[[-80.92215253699999,25.253195531000074],[-80.93453504999997,25.270273934000045],[-80.94182875299998,25.26121211800006],[-80.92215253699999,25.253195531000074]]],[[[-81.00039963199998,25.26990962900004],[-80.99506668399994,25.279961360000073],[-81.00512985799998,25.277474176000055],[-81.00039963199998,25.26990962900004]]],[[[-80.93748762599995,25.27129055200004],[-80.93429090899997,25.277228130000026],[-80.95135023999995,25.27448917600003],[-80.93748762599995,25.27129055200004]]],[[[-80.96585372299995,25.273529780000047],[-80.96291640499999,25.286434903000043],[-80.97347548999994,25.283964887000025],[-80.96585372299995,25.273529780000047]]],[[[-81.00019363899997,25.320013783000036],[-80.98670486699996,25.334927347000075],[-80.99864487299999,25.336207178000052],[-81.00019363899997,25.320013783000036]]],[[[-81.86711438899994,26.395623242000056],[-81.87691816599994,26.40784172000008],[-81.88070234599996,26.39774993700007],[-81.86711438899994,26.395623242000056]]],[[[-81.86293348199996,26.421885532000033],[-81.85769971599996,26.42917351400007],[-81.86621412299996,26.43212227500004],[-81.86293348199996,26.421885532000033]]],[[[-82.10905019199998,26.468253184000048],[-82.11660329599994,26.469775250000055],[-82.10911132799998,26.465560464000077],[-82.10905019199998,26.468253184000048]]],[[[-82.14778463999994,26.477730801000064],[-82.15300595799994,26.47866392000003],[-82.14723384399997,26.476942138000027],[-82.14778463999994,26.477730801000064]]],[[[-82.12113515599998,26.47078232800004],[-82.12054006399995,26.47493081300007],[-82.13087484599998,26.472060199000055],[-82.12113515599998,26.47078232800004]]],[[[-82.07995930299995,26.457551048000028],[-82.07168903699994,26.46571831800003],[-82.07824268899998,26.46676354500005],[-82.07995930299995,26.457551048000028]]],[[[-82.03544940299997,26.458567667000068],[-82.06201496199998,26.468771984000057],[-82.06938495899999,26.455969855000035],[-82.03221328799998,26.442549330000077],[-82.01481188399998,26.45447831100006],[-82.03544940299997,26.458567667000068]]],[[[-82.13318197499996,26.47469620800007],[-82.13305227599994,26.480700544000058],[-82.14119284099996,26.478537609000057],[-82.13318197499996,26.47469620800007]]],[[[-81.93780075399997,26.461298992000025],[-81.95027481699998,26.468476348000024],[-81.95142685499997,26.46249299300007],[-81.93780075399997,26.461298992000025]]],[[[-81.95695816899996,26.463526776000037],[-81.96541154199997,26.469698958000038],[-81.89669356199994,26.405009307000057],[-81.88596662899994,26.409874955000078],[-81.89906630499996,26.43232826800005],[-81.95695816899996,26.463526776000037]]],[[[-82.09996358099994,26.490729386000055],[-82.10814229399995,26.486720138000067],[-82.09455433899996,26.483698897000068],[-82.09996358099994,26.490729386000055]]],[[[-82.10234395199996,26.497706468000047],[-82.10322133599999,26.50372987700007],[-82.10732594999996,26.501030977000028],[-82.10234395199996,26.497706468000047]]],[[[-82.11802236399996,26.497529085000053],[-82.12791006099997,26.508334217000026],[-82.12956564099994,26.50189500700003],[-82.11802236399996,26.497529085000053]]],[[[-82.02109850699998,26.489258823000057],[-82.02093066099997,26.496649800000057],[-82.03061236499997,26.493599948000053],[-82.02109850699998,26.489258823000057]]],[[[-82.02949847399998,26.498198566000042],[-82.02629412699997,26.505532324000058],[-82.03709735299998,26.49741846200004],[-82.02949847399998,26.498198566000042]]],[[[-82.11679403099998,26.507672368000044],[-82.11661092599996,26.51598650300008],[-82.12169210399998,26.51515489800005],[-82.11679403099998,26.507672368000044]]],[[[-82.04314746399996,26.498457966000046],[-82.04444446199994,26.508185446000027],[-82.05064716199996,26.502295552000078],[-82.04314746399996,26.498457966000046]]],[[[-82.10759297899995,26.51212602800007],[-82.10694448099997,26.51858431200003],[-82.11206380499993,26.515904488000047],[-82.10759297899995,26.51212602800007]]],[[[-82.06610431899998,26.512288154000032],[-82.06945362499994,26.521130623000033],[-82.07365742299999,26.513814033000074],[-82.06610431899998,26.512288154000032]]],[[[-82.18687766999994,26.518620550000037],[-82.19936699599998,26.55071932900006],[-82.18795341399994,26.49137597600003],[-82.16106899599998,26.48106840400004],[-82.18687766999994,26.518620550000037]]],[[[-82.06930866699997,26.527594631000056],[-82.06808796299998,26.536812848000068],[-82.07677784699996,26.532815045000063],[-82.06930866699997,26.527594631000056]]],[[[-82.07696858299994,26.56978328400004],[-82.07776966899996,26.57949932200006],[-82.08591786299996,26.57733829500006],[-82.07696858299994,26.56978328400004]]],[[[-82.20024437499995,26.557202408000023],[-82.21493859299994,26.605500301000063],[-82.22626234699999,26.604860431000077],[-82.20024437499995,26.557202408000023]]],[[[-82.05675068099998,26.591120799000066],[-82.06261768699994,26.60046871800006],[-82.06480732599994,26.593117794000023],[-82.05675068099998,26.591120799000066]]],[[[-82.14153616699997,26.604216657000052],[-82.14136069099999,26.612528884000028],[-82.14857047199996,26.60665234100003],[-82.14153616699997,26.604216657000052]]],[[[-82.16513389299996,26.613875472000075],[-82.16652244199997,26.619904604000055],[-82.17068046299994,26.614895904000036],[-82.16513389299996,26.613875472000075]]],[[[-82.16280692799995,26.62815198000004],[-82.16017478399993,26.632725804000074],[-82.16572135499996,26.633746235000046],[-82.16280692799995,26.62815198000004]]],[[[-82.15327780799998,26.623366442000076],[-82.14744895099994,26.635733694000066],[-82.15723746599997,26.628052798000056],[-82.15327780799998,26.623366442000076]]],[[[-82.18003410399996,26.627993670000023],[-82.16867393099994,26.637955755000064],[-82.18292564599994,26.634972661000063],[-82.18003410399996,26.627993670000023]]],[[[-82.07663288899994,26.630755514000043],[-82.09733144499995,26.633906454000055],[-82.09747640099994,26.604346357000054],[-82.07015552999997,26.580281334000063],[-82.07663288899994,26.630755514000043]]],[[[-82.18370384499997,26.646071524000035],[-82.19024986699998,26.648032280000052],[-82.18687767299997,26.639660925000044],[-82.18370384499997,26.646071524000035]]],[[[-82.21907372799996,26.650837989000024],[-82.23003717199998,26.659800622000034],[-82.22915978999998,26.652857871000037],[-82.21907372799996,26.650837989000024]]],[[[-82.18807548899997,26.654923532000055],[-82.19794029899998,26.668027020000068],[-82.20012993599994,26.66021261000003],[-82.18807548899997,26.654923532000055]]],[[[-82.08097401799995,26.64053639900004],[-82.09080830999994,26.65411100500006],[-82.09293691199997,26.64953145800007],[-82.08097401799995,26.64053639900004]]],[[[-82.21087975699999,26.65485486700004],[-82.20903344299995,26.670527554000046],[-82.21619744399999,26.667418575000056],[-82.21087975699999,26.65485486700004]]],[[[-82.26323267699996,26.671906566000075],[-82.27259394699996,26.685454467000056],[-82.27773616199994,26.681845762000023],[-82.26323267699996,26.671906566000075]]],[[[-82.21295495299995,26.67706213200006],[-82.21380181399996,26.685387711000033],[-82.21887536599996,26.68501196300008],[-82.21295495299995,26.67706213200006]]],[[[-82.22761102499999,26.67915830900006],[-82.23739954099995,26.696412188000068],[-82.24357935099994,26.691435914000067],[-82.22761102499999,26.67915830900006]]],[[[-82.20222802099994,26.68103132500005],[-82.19896263999993,26.69205961800003],[-82.21120019199998,26.68857679900003],[-82.20222802099994,26.68103132500005]]],[[[-82.08086720799997,26.66824636900003],[-82.08616200799997,26.68081389100007],[-82.09132710999995,26.676751237000076],[-82.08086720799997,26.66824636900003]]],[[[-82.18130058499997,26.68805800000007],[-82.18107933399995,26.69867811900008],[-82.18621391899995,26.695534810000026],[-82.18130058499997,26.68805800000007]]],[[[-82.22084374699995,26.61391743200005],[-82.24930902999995,26.709080801000027],[-82.25886103299996,26.687996965000025],[-82.22084374699995,26.61391743200005]]],[[[-82.12846701299998,26.693589314000064],[-82.17481559799995,26.683325868000054],[-82.13428823999999,26.635035604000052],[-82.09736958699995,26.493918474000054],[-82.07262745299994,26.492075975000034],[-82.12846701299998,26.693589314000064]]],[[[-82.16681999199994,26.70166121400007],[-82.15550559599995,26.709311592000063],[-82.17678398199996,26.710148918000073],[-82.16681999199994,26.70166121400007]]],[[[-82.08782521599994,26.697470770000052],[-82.08453694799994,26.708495248000077],[-82.09066335399996,26.706759560000023],[-82.08782521599994,26.697470770000052]]],[[[-82.19918389399999,26.778876429000036],[-82.20465416999997,26.784049159000062],[-82.20674462599999,26.781314020000025],[-82.19918389399999,26.778876429000036]]],[[[-82.19211907299996,26.776906136000036],[-82.18947930199994,26.781939630000068],[-82.19555230299994,26.782506113000068],[-82.19211907299996,26.776906136000036]]],[[[-82.24481531599997,26.780577782000023],[-82.23649164499994,26.790593272000024],[-82.24356409599994,26.792098171000077],[-82.24481531599997,26.780577782000023]]],[[[-82.21454949899999,26.771754385000065],[-82.22178216799995,26.790343410000048],[-82.22901483599998,26.784003381000048],[-82.21454949899999,26.771754385000065]]],[[[-82.26024195499997,26.719885933000057],[-82.26471278299994,26.800299771000027],[-82.26874434799998,26.72793043300004],[-82.26024195499997,26.719885933000057]]],[[[-82.20967431499997,26.786904458000038],[-82.21759362899996,26.796275266000066],[-82.22073694099998,26.791710978000026],[-82.20967431499997,26.786904458000038]]],[[[-82.19086022099998,26.788428432000046],[-82.19987053999995,26.79458535400005],[-82.20400567499996,26.790963299000055],[-82.19086022099998,26.788428432000046]]],[[[-82.23625513399998,26.802132733000064],[-82.24324366199994,26.80778993200005],[-82.24486109199995,26.803200848000074],[-82.23625513399998,26.802132733000064]]],[[[-82.19928307599997,26.798268446000066],[-82.21590753299995,26.80455697600007],[-82.21501489299999,26.798539290000065],[-82.19928307599997,26.798268446000066]]],[[[-82.18371147799996,26.790612347000035],[-82.18394035999995,26.804005751000034],[-82.19060082399994,26.800889144000053],[-82.18371147799996,26.790612347000035]]],[[[-82.06389943099998,26.792153487000064],[-82.06416646199995,26.802779330000078],[-82.06895009299996,26.79317201200007],[-82.06389943099998,26.792153487000064]]],[[[-98.70448869199998,28.391697503000046],[-98.64145879599994,28.44355435600005],[-98.63073899499994,28.55651447400004],[-98.74472003299996,28.634840216000043],[-98.81645873299999,28.61094749700004],[-98.86609278799995,28.475942978000035],[-98.84983280399996,28.387920880000024],[-98.77621855799998,28.361122266000052],[-98.70448869199998,28.391697503000046]]],[[[-82.73617306399996,27.898568866000062],[-82.79585802099996,27.989660658000048],[-82.84289901799997,27.890040774000056],[-82.82188766299998,27.959756293000055],[-82.84053786999993,27.93661215000003],[-82.85145985699995,27.883851357000026],[-82.82014153899996,27.813411674000065],[-82.80787073899995,27.804668031000062],[-82.83225600899993,27.841599831000053],[-82.79405422299999,27.815907190000075],[-82.75257448699995,27.84961854200003],[-82.73617306399996,27.898568866000062]]],[[[-82.81814162899997,27.970298212000046],[-82.82789199999996,28.009513309000056],[-82.82975911199998,27.977304072000038],[-82.81814162899997,27.970298212000046]]],[[[-82.81590555999998,28.032219092000048],[-82.82054043299996,28.046457017000023],[-82.81965988199994,28.008962085000064],[-82.81590555999998,28.032219092000048]]],[[[-82.82234589999996,28.052001761000042],[-82.82255977199998,28.05175388600003],[-82.82170978999994,28.050048309000033],[-82.82234589999996,28.052001761000042]]],[[[-82.82466476699994,28.056861343000037],[-82.83029780699997,28.076412783000023],[-82.83301356099997,28.072723680000024],[-82.82466476699994,28.056861343000037]]],[[[-82.65603222899995,28.623477541000057],[-82.65587201399995,28.633578862000036],[-82.66056409099997,28.63180312000003],[-82.65603222899995,28.623477541000057]]],[[[-82.66680493899997,28.66357192600003],[-82.66628599699999,28.664885775000073],[-82.66768634899995,28.663582727000062],[-82.66680493899997,28.66357192600003]]],[[[-82.66804852999996,28.650725929000032],[-82.65177502699999,28.662465664000024],[-82.66737714299995,28.65990409400007],[-82.66804852999996,28.650725929000032]]],[[[-82.64519848799995,28.684426882000025],[-82.64515555999998,28.684635867000054],[-82.64552343499997,28.68428812700006],[-82.64519848799995,28.684426882000025]]],[[[-82.25964066499995,28.64006247800006],[-82.43697446599998,28.689334747000032],[-82.63967211699998,28.700622499000076],[-82.64737286599996,28.67848358200007],[-82.63413586199994,28.66270217600004],[-82.65454449899994,28.65147742700003],[-82.64554943799999,28.630694950000077],[-82.65805421799996,28.610852069000032],[-82.64216961399995,28.582879615000024],[-82.65472760199998,28.575229238000077],[-82.64713634899994,28.531947674000037],[-82.67091717699998,28.501462514000025],[-82.67883648999998,28.458827537000047],[-82.66682018999995,28.433404481000025],[-82.69444068999996,28.422466391000057],[-82.57684603299998,28.395845343000076],[-82.54592203799996,28.31337025700003],[-82.53989682699995,28.24492402800007],[-82.44483429999997,28.165200533000075],[-82.39281891699994,28.040025335000053],[-82.23511727399995,27.985022608000065],[-81.94652264699994,27.976718171000073],[-81.84778709399995,27.93066929300005],[-81.76505447699998,27.856032595000045],[-81.70997991999997,27.77795361400007],[-81.67951484599996,27.68119930000006],[-81.67656698999997,27.568336206000026],[-81.62651861099994,27.432136825000043],[-81.58482481599998,27.35895984900003],[-81.42434087699996,27.24474604900007],[-81.41941857399996,27.18378888500007],[-81.44371221199998,27.13628076200007],[-81.49774229299999,27.116815461000044],[-81.83831644099996,27.13223216800003],[-81.89571400299997,27.172847362000027],[-82.02767431899997,27.338153041000055],[-82.09087209199998,27.51074202500007],[-82.13134996899998,27.54837586000008],[-82.20561013699995,27.536238191000052],[-82.32221146799998,27.48750849000004],[-82.41474550599997,27.387289446000068],[-82.24993755999998,26.921205582000027],[-82.26301946999996,26.829308871000023],[-82.24128290699997,26.829453603000047],[-82.22443719899996,26.809317719000035],[-82.21033044599994,26.828465597000047],[-82.19096703499997,26.807820450000065],[-82.17576927599998,26.830176490000042],[-82.16189903399999,26.814238681000063],[-82.17052025099997,26.790381558000036],[-82.14844077699996,26.80245889200006],[-82.18978448199994,26.937043352000046],[-82.24397608999999,26.97165220000005],[-82.27550075699997,27.022931280000023],[-82.22218653099998,26.96805493900007],[-82.19938226499994,26.963973214000077],[-82.19035668899994,26.982276136000053],[-82.17450280099996,26.93816296700004],[-82.13864463499993,26.926915329000053],[-82.14868492199997,26.93309323300008],[-82.11992209699997,26.94642560500006],[-82.12164634099997,26.960761239000078],[-82.02492084999994,26.965441877000046],[-81.99361743499998,26.99945563400007],[-81.98485888999994,27.047734455000068],[-81.98321093699997,27.009408182000072],[-81.97102679199998,27.00825042100007],[-81.99447192699995,26.984708011000066],[-81.99141253899995,26.962960416000044],[-82.09975759999998,26.91560093700008],[-82.09418813899998,26.891499672000066],[-82.05156269899999,26.86671176400006],[-82.05569020099995,26.796157013000027],[-82.08385793099995,26.715870967000058],[-82.08154622299998,26.66040907100006],[-82.05123462799997,26.61134442200006],[-82.06933155599995,26.571950033000064],[-82.03238238599994,26.526902263000068],[-81.99139726599998,26.54876239200007],[-81.98268449699998,26.531497067000032],[-81.94599472799996,26.542330813000035],[-81.89699874499996,26.663775546000068],[-81.77985698999998,26.70614921600003],[-81.88129744599996,26.642672635000054],[-81.92583023299994,26.539158892000046],[-81.97658097799996,26.511048379000044],[-81.99605882899994,26.522049968000033],[-82.01201189699998,26.51034456600007],[-81.99669969699994,26.494338093000067],[-82.01452959599999,26.489134845000024],[-81.94700180599995,26.478579577000062],[-81.92439590299995,26.450863887000025],[-81.90853438699997,26.45886521600005],[-81.88975081199999,26.441384362000065],[-81.87227949399994,26.45304589400007],[-81.88711867099994,26.48708635400004],[-81.85505994499994,26.454077771000073],[-81.83155568799998,26.382170829000074],[-81.78171835299997,26.57427430000007],[-81.74463914899997,26.845042068000055],[-81.71218554899997,26.923178344000064],[-81.55142310299993,27.053977530000054],[-81.43567232999999,27.06918388200006],[-81.35378518299996,27.063644518000046],[-81.27105615499994,27.03513120300005],[-81.24742526899996,26.985211611000068],[-81.23533541499995,26.86600741700005],[-81.25351886899995,26.773530178000044],[-81.25451235599996,26.641391464000037],[-81.23096068199999,26.538995423000074],[-81.17172669099995,26.439205684000058],[-81.16370250899996,26.079352761000052],[-81.17549300899998,25.770194609000043],[-81.01542722599999,25.514865143000065],[-81.00729885499999,25.38385278900006],[-81.04729604199997,25.34403726100004],[-81.01615433599994,25.33532788900004],[-80.99725632299999,25.347763806000046],[-80.96293929599994,25.329121376000046],[-80.94445326599998,25.286347165000052],[-80.90368939699994,25.253565559000037],[-80.91790296399995,25.232182266000052],[-80.73126996399998,25.262351283000044],[-80.53516500399996,25.365674589000037],[-80.36052866799997,25.569784902000038],[-80.30492560899995,25.734227490000023],[-80.30811677999998,26.105267839000078],[-80.40807762399999,26.322514316000024],[-80.48832607599996,26.386648449000063],[-80.48942137499995,26.499553493000064],[-80.46721486299998,26.611717464000037],[-80.48498433399999,26.703379089000066],[-80.41747765899999,26.80150962700003],[-80.41102115299998,26.880094040000074],[-80.44364845699994,26.907727559000023],[-80.54014893899995,26.935426948000043],[-80.55286389099996,26.998875949000023],[-80.52520822999998,27.043389710000042],[-80.45344090599997,27.063539905000027],[-80.42557848599995,27.093688874000065],[-80.42866965899998,27.14125208100006],[-80.46669768399994,27.23277723800004],[-80.57018587299996,27.367865497000025],[-80.85705463599999,27.393053714000075],[-81.04437545599995,27.36379188500007],[-81.28217191299996,27.41123471800006],[-81.45465013699999,27.511053220000065],[-81.51573933999998,28.04205538800005],[-81.79713511699998,28.157847954000033],[-81.83199170099994,28.18657922600005],[-81.89370804499998,28.292868465000026],[-81.99752567499996,28.317842244000076],[-82.07934070399995,28.490305857000067],[-82.19117733699994,28.609505268000078],[-82.25964066499995,28.64006247800006]],[[-80.86585768699996,25.429998761000036],[-80.87358087699994,25.513297755000053],[-80.85480865299996,25.578946323000025],[-80.84938216999996,25.865440886000044],[-80.89896497399997,26.04562025000007],[-80.85595333999999,26.088875958000074],[-80.83696921399996,26.15748878200003],[-80.87606413399999,26.265697141000032],[-80.97486816399999,26.323554155000068],[-80.99098076699994,26.389472452000064],[-80.94510131099997,26.41636366800003],[-80.81117188999997,26.363332092000064],[-80.78921301099996,26.30056458200005],[-80.74500397599996,26.253856038000038],[-80.65846524099999,26.269675065000058],[-80.60049714199994,26.189224195000065],[-80.53585499699994,26.00968566800003],[-80.53666882999994,25.90005046300007],[-80.59388597499998,25.614516366000032],[-80.65466241399997,25.484185987000046],[-80.76727997399996,25.36046711700004],[-80.82709105999999,25.355733120000025],[-80.86585768699996,25.429998761000036]]],[[[-82.74067774499997,28.991036482000027],[-82.74074143399997,28.99133651300008],[-82.74418630399998,28.991376596000066],[-82.74067774499997,28.991036482000027]]],[[[-82.75989121899994,28.999818494000067],[-82.76080054799996,28.999828765000075],[-82.75989579799995,28.999543111000037],[-82.75989121899994,28.999818494000067]]],[[[-82.77772874999994,29.062427227000057],[-82.77769060599996,29.06471986100007],[-82.78238216499994,29.064774214000067],[-82.77772874999994,29.062427227000057]]],[[[-82.81089373999998,29.075643248000063],[-82.80719348299993,29.079272933000027],[-82.81341907099994,29.081634231000066],[-82.81089373999998,29.075643248000063]]],[[[-82.79680224399993,29.07686204500004],[-82.79148455399996,29.084144304000063],[-82.80813189899999,29.086623857000063],[-82.79680224399993,29.07686204500004]]],[[[-82.81224414399998,29.090797138000028],[-82.80524798699997,29.10586138000008],[-82.81814769599998,29.10095712900005],[-82.81224414399998,29.090797138000028]]],[[[-83.02075667799994,29.143810492000057],[-83.01708947499998,29.14724316400003],[-83.02322748299997,29.149795251000057],[-83.02075667799994,29.143810492000057]]],[[[-83.03735712599996,29.146711069000048],[-83.05449275099994,29.15374346400006],[-83.05315760599996,29.13354845200007],[-83.03068140299996,29.137019828000064],[-83.03735712599996,29.146711069000048]]],[[[-83.02366998699995,29.15667887500007],[-83.01997735899994,29.16031618900007],[-83.02621820699994,29.162666044000048],[-83.02366998699995,29.15667887500007]]],[[[-83.03821161799993,29.163690290000034],[-83.03451136199999,29.167327605000025],[-83.04074457899998,29.16967745900007],[-83.03821161799993,29.163690290000034]]],[[[-83.04866389199998,29.161948881000058],[-83.04954127299999,29.17617579800003],[-83.05489710899997,29.164296827000044],[-83.04866389199998,29.161948881000058]]],[[[-83.00953271599997,29.16113825800005],[-83.00320794699996,29.166585647000034],[-83.01201226999996,29.172170366000046],[-83.00953271599997,29.16113825800005]]],[[[-83.05527857999994,29.17668505900008],[-83.05158595099994,29.18032237400007],[-83.05781916899997,29.182670320000057],[-83.05527857999994,29.17668505900008]]],[[[-82.96323955599996,29.169310841000026],[-82.96031547699994,29.174895968000044],[-82.96605278499999,29.174951282000052],[-82.96323955599996,29.169310841000026]]],[[[-82.94575858899998,29.170167650000053],[-82.94205833199999,29.173803056000054],[-82.94829154999996,29.176156726000045],[-82.94575858899998,29.170167650000053]]],[[[-82.85428462499993,29.162640676000024],[-82.84883829599994,29.16423554100004],[-82.85446522799998,29.167865482000025],[-82.85428462499993,29.162640676000024]]],[[[-82.93058372099995,29.173230853000064],[-82.93574882099995,29.17786761900004],[-82.93581748499997,29.172364918000028],[-82.93058372099995,29.173230853000064]]],[[[-82.95663047999994,29.177154270000074],[-82.95241142199995,29.180783955000038],[-82.95916343999994,29.183141439000053],[-82.95663047999994,29.177154270000074]]],[[[-83.06039790599993,29.185445514000037],[-83.06233577199998,29.198760717000027],[-83.06919459999995,29.19240161500005],[-83.06039790599993,29.185445514000037]]],[[[-83.07745723699998,29.20072528600008],[-83.07323817899999,29.204358786000057],[-83.07947902699993,29.206706733000033],[-83.07745723699998,29.20072528600008]]],[[[-83.08604793799998,29.226484037000034],[-83.08745121899995,29.216383071000052],[-83.07573299299997,29.214929315000063],[-83.08604793799998,29.226484037000034]]],[[[-83.08127956499999,29.232864118000066],[-83.07706050899998,29.236497618000044],[-83.08253337899998,29.238836501000037],[-83.08127956499999,29.232864118000066]]],[[[-83.16009123599997,29.28899358500007],[-83.16527159599997,29.293618906000063],[-83.16533263199995,29.28765844000003],[-83.16009123599997,29.28899358500007]]],[[[-83.15733702399996,29.30318616900007],[-83.16095335799997,29.30734037700006],[-83.16370857599998,29.298384954000028],[-83.15733702399996,29.30318616900007]]],[[[-83.16458495099994,29.31011938300003],[-83.16036589599997,29.313754790000075],[-83.16612266599998,29.31605217200007],[-83.16458495099994,29.31011938300003]]],[[[-83.15866453999996,29.32703947600004],[-83.15496428299997,29.331136462000075],[-83.16121275899997,29.333019016000037],[-83.15866453999996,29.32703947600004]]],[[[-83.16749175199999,29.33306860600004],[-83.16327269599998,29.336704014000077],[-83.16952117199997,29.339044331000025],[-83.16749175199999,29.33306860600004]]],[[[-83.27855288399996,29.429679649000036],[-83.28533541799999,29.432016152000074],[-83.28596629599997,29.428687875000037],[-83.27855288399996,29.429679649000036]]],[[[-81.63920914499994,29.343126102000042],[-81.62945114799999,29.37363987200007],[-81.64758622399995,29.379997067000033],[-81.63920914499994,29.343126102000042]]],[[[-81.65510880899996,29.372821619000035],[-81.66309678799996,29.386752897000065],[-81.67048204399998,29.38461857300007],[-81.65510880899996,29.372821619000035]]],[[[-97.42381003499997,30.01179359300005],[-97.35279747599998,30.01763566300008],[-97.27292278399995,30.07639415500006],[-97.24193742899996,30.19527037900008],[-97.27637448199994,30.268855676000044],[-97.32475442699996,30.316199681000057],[-97.40703287899998,30.32735310100003],[-97.51462721599995,30.303383722000035],[-97.67534513499999,30.194275892000064],[-97.67034957599998,30.109400163000032],[-97.62848689999998,30.05817557900008],[-97.54073430799997,30.006423905000077],[-97.42381003499997,30.01179359300005]]],[[[-83.40472022699998,29.64766485000007],[-83.40101996799996,29.651309794000042],[-83.40730659099995,29.653634853000028],[-83.40472022699998,29.64766485000007]]],[[[-83.40569678899999,29.65820867700006],[-83.40670386999994,29.66416914200005],[-83.41267758299995,29.65881569000004],[-83.40569678899999,29.65820867700006]]],[[[-83.41888338099994,29.669619112000078],[-83.41978828499998,29.66973669300006],[-83.42035183799999,29.669657891000043],[-83.41888338099994,29.669619112000078]]],[[[-83.58410260599999,29.775384753000026],[-83.58459088799998,29.78317246100005],[-83.58824750799994,29.782390792000058],[-83.58410260599999,29.775384753000026]]],[[[-83.80544667099997,29.97885311700003],[-83.81335072799999,29.98069752400005],[-83.80579878899994,29.977043485000024],[-83.80544667099997,29.97885311700003]]],[[[-83.81545644099998,29.980701338000074],[-83.82282643799994,29.98483456300005],[-83.82322386599998,29.98139825900006],[-83.81545644099998,29.980701338000074]]],[[[-81.51816880499996,30.402711925000062],[-81.54135454099998,30.40734869100004],[-81.55578935999995,30.385252051000066],[-81.57621325499997,30.393022591000033],[-81.54321611299997,30.380395941000074],[-81.51816880499996,30.402711925000062]]],[[[-81.45354781299994,30.385221537000064],[-81.42438825999994,30.402845443000047],[-81.43499312299997,30.436492987000065],[-81.45215163599994,30.430028981000078],[-81.45354781299994,30.385221537000064]]],[[[-81.42266401999996,30.491560063000065],[-81.42936263099995,30.49766358000005],[-81.42644057099994,30.489360890000057],[-81.42266401999996,30.491560063000065]]],[[[-81.43645796899995,30.474496918000057],[-81.42929396499994,30.48302276800007],[-81.45992599599998,30.521244136000064],[-81.45461593199997,30.47034461900006],[-81.44302687799996,30.45086295400006],[-81.41821607999998,30.447538446000067],[-81.41862043699996,30.417808596000043],[-81.40492889399997,30.415287774000035],[-81.41203617899998,30.481169264000073],[-81.43645796899995,30.474496918000057]]],[[[-81.50432145299999,30.50990876000003],[-81.51335466099994,30.54441842500006],[-81.54291094299998,30.514434897000058],[-81.50432145299999,30.50990876000003]]],[[[-81.50006425299995,30.56241426500003],[-81.51478135899998,30.567321873000026],[-81.49918687299999,30.556448077000027],[-81.50006425299995,30.56241426500003]]],[[[-81.47189651899998,30.54622087200005],[-81.47969376299994,30.56881151300007],[-81.46811233999995,30.58272562700006],[-81.49400651299999,30.58697519900005],[-81.48863541599997,30.554378603000032],[-81.47189651899998,30.54622087200005]]],[[[-81.52749193799997,30.656328317000032],[-81.65545758999997,30.715096221000067],[-81.79933581299997,30.69344512300006],[-81.86616288799996,30.61696733100007],[-81.95774888899996,30.470188720000067],[-82.10192738299997,30.366691458000048],[-82.19610977199994,30.378428822000046],[-82.25625797299995,30.47550808300008],[-82.45955146399996,30.547358878000068],[-83.11725741699996,30.61079094300004],[-83.31974675699996,30.60245465500003],[-83.43422092699996,30.519598305000045],[-83.55823724699997,30.401949599000034],[-83.69725595599994,30.315897979000056],[-83.79194120799997,30.284552027000075],[-84.00806628199996,30.26867507700007],[-84.07252010399998,30.17496659300008],[-84.09399734099998,30.098015880000048],[-83.98405848299996,30.101697836000028],[-83.97456751399994,30.075149444000033],[-83.91130455399997,30.028069625000057],[-83.82387166599995,29.987583053000037],[-83.78222278899995,29.99300183300005],[-83.75482812599995,29.957235827000034],[-83.67340470099998,29.923601033000068],[-83.58789311599998,29.820408815000064],[-83.58205029799996,29.765300599000057],[-83.47999504599994,29.688970539000024],[-83.39623633699995,29.65953046900006],[-83.40534749099999,29.620130456000027],[-83.39195624299998,29.599485213000037],[-83.40981094299997,29.57059707800005],[-83.37797155499999,29.504087242000026],[-83.30855930099995,29.472043779000046],[-83.27849947899995,29.436095972000032],[-83.22150788299996,29.427909631000034],[-83.15044767899997,29.312303298000074],[-83.10866910299995,29.33057570300008],[-83.15421660099997,29.30178808100004],[-83.07308559499995,29.265353902000072],[-83.05979518499998,29.239558915000032],[-83.06645564699994,29.20384189500004],[-83.04500941299995,29.20778247900006],[-83.05656794899994,29.20100376000005],[-83.03965357499999,29.17425318900007],[-82.95966697999995,29.18498203000007],[-82.87697957899996,29.162597384000037],[-82.80798694299995,29.169656485000075],[-82.80034228599999,29.12094660400004],[-82.77641649699996,29.116550164000046],[-82.79497881899994,29.094735812000067],[-82.76887102199998,29.061866467000073],[-82.75471849099995,29.06767053200008],[-82.75832719399995,28.999799420000045],[-82.73443955299996,28.99493377400006],[-82.73785752199996,28.975240394000025],[-82.48774993599994,28.993178685000032],[-82.25902614699999,28.958407288000046],[-81.98352076599997,28.939482205000047],[-81.95384172499996,28.867468080000037],[-81.99966522099999,28.666174909000063],[-81.96795886199999,28.448739146000037],[-81.87411935799997,28.362545908000072],[-81.79509779299997,28.34768000500003],[-81.60385671299997,28.43214241100003],[-81.16844352299995,28.479074755000056],[-81.22497243599997,28.611104243000057],[-81.34926527599998,28.64027082900003],[-81.41979530299994,28.742364551000037],[-81.33951133699998,28.94915341600006],[-81.36061410899998,29.261932166000065],[-81.47458093599994,29.49818791200005],[-81.45627558399997,29.989166995000062],[-81.36490691199998,30.193739365000056],[-81.39650876799999,30.319605145000025],[-81.39849032699999,30.392307867000056],[-81.44526228699993,30.379079872000034],[-81.41473706899995,30.288673436000067],[-81.44288191599998,30.319536249000066],[-81.45143446899993,30.367784551000057],[-81.46998916299998,30.367298177000066],[-81.46986709399994,30.38834386600007],[-81.52788102699998,30.396982249000075],[-81.53013932699997,30.357225464000066],[-81.61986103399994,30.38574033200007],[-81.61062183199994,30.321022070000026],[-81.58995379599997,30.32194522700007],[-81.58950366099998,30.301342043000034],[-81.65568104899995,30.318790470000067],[-81.66196767099996,30.283687617000055],[-81.61870136099998,30.225090040000055],[-81.66440144299997,30.142305367000063],[-81.60018480999997,30.134510033000026],[-81.63445605999993,30.118316638000067],[-81.65899982699995,30.03505703500008],[-81.61725939699994,30.01904484100004],[-81.60172594399995,29.99077220600003],[-81.56734025099996,29.977191881000067],[-81.56119095699995,29.98896213300003],[-81.54436813699994,29.969808534000038],[-81.57055222699995,29.957569075000038],[-81.56802689499995,29.93598741900007],[-81.59086930799998,29.911302505000037],[-81.54756484899997,29.861783911000032],[-81.54664932199995,29.804042733000074],[-81.51713881299997,29.77084532200007],[-81.53796706499998,29.759862806000058],[-81.54180464899997,29.719167606000042],[-81.62324845999996,29.700813183000037],[-81.58934341899999,29.62032496000006],[-81.61168991799997,29.591483934000053],[-81.66890276599997,29.59043298200004],[-81.69009722899995,29.54504761100003],[-81.67342699599999,29.522687758000075],[-81.67406023199999,29.44384557500007],[-81.64521348299996,29.426715675000025],[-81.65221726799996,29.40118962200006],[-81.61178909299997,29.369125177000058],[-81.59746108699994,29.376146130000052],[-81.52746136899998,29.301189220000026],[-81.53724988399995,29.270681171000035],[-81.52312786899995,29.23595406800007],[-81.55983289799997,29.213390126000036],[-81.55480512299994,29.18896270700003],[-81.61358962599996,29.21458984700007],[-81.63093124599999,29.266347671000062],[-81.67687547599996,29.32421854900008],[-81.65528428399995,29.34806041300004],[-81.68199480299995,29.384404949000043],[-81.66383683999999,29.41611462700007],[-81.69448412799994,29.44382268700008],[-81.68166674299994,29.509111247000078],[-81.69688739199995,29.56490311500005],[-81.68448199399995,29.596267563000026],[-81.61619889399998,29.598916873000064],[-81.60050522499995,29.61552988400007],[-81.60150467599993,29.635261409000066],[-81.62359177999997,29.633912913000074],[-81.64619005599997,29.707267651000052],[-81.57752548599996,29.71950902100008],[-81.54975448299996,29.770208267000044],[-81.60280931199998,29.844688339000072],[-81.61761034399996,29.89723199200006],[-81.60377824999995,29.956468533000077],[-81.66614856799998,29.98712726100007],[-81.70986501499993,30.045745817000068],[-81.68428364799996,30.092367152000065],[-81.68522969599996,30.13404845100007],[-81.70171682299997,30.148586266000052],[-81.73487417999996,30.114484771000036],[-81.71255460999998,29.965452877000075],[-81.71893434999998,29.880644666000023],[-81.77526847599995,29.74784564400005],[-81.89822804099998,29.681317894000074],[-82.00172832699997,29.595443120000027],[-82.13692052899995,29.540899040000056],[-82.24516506399993,29.540995287000044],[-82.37893172099996,29.59020844400004],[-82.44881543299994,29.59261328200006],[-82.58708177799997,29.532704495000075],[-82.88472541299996,29.48024129500004],[-83.15632969199999,29.60702570600006],[-83.25978210899996,29.717112366000038],[-83.26079228599997,29.87031567200006],[-83.24240827199998,29.937263555000072],[-83.24018615499995,30.047024780000072],[-83.16296640999997,30.09844089300003],[-83.05261133699997,30.124334876000034],[-82.38928723499998,30.172128705000034],[-82.20684702999995,30.14940280600007],[-81.85901494499996,30.142981398000074],[-81.75804158099999,30.11524677600005],[-81.73234884999994,30.14876746300007],[-81.68940297699999,30.154735559000073],[-81.65719166599996,30.228664411000068],[-81.71410696799995,30.292106654000065],[-81.65970174199998,30.326196706000076],[-81.63280048899998,30.32287601200005],[-81.62082996699996,30.35236172200007],[-81.63210621399998,30.383716633000063],[-81.68210928199994,30.394847921000064],[-81.67537252399995,30.40843015200005],[-81.69054739699999,30.415155465000055],[-81.73125785699995,30.418748910000033],[-81.68184225499994,30.423208294000062],[-81.63169422899995,30.39789205200003],[-81.60698261299996,30.409709986000053],[-81.63482228399994,30.436389985000062],[-81.61092701199993,30.438161914000034],[-81.59563769999994,30.417240201000027],[-81.58497943399999,30.43713766700006],[-81.56133593099997,30.394523675000073],[-81.52168595799998,30.426580492000028],[-81.50793015499994,30.408428250000043],[-81.51655137599994,30.438818044000072],[-81.48608719399994,30.44681937400003],[-81.49434219999995,30.436943120000024],[-81.46393905299999,30.40879637100005],[-81.48705612499998,30.415273729000035],[-81.50298630399999,30.396877345000064],[-81.46595321299998,30.395116862000066],[-81.45408187499999,30.453403544000025],[-81.47259842399995,30.523365107000075],[-81.51979387299997,30.559658144000025],[-81.48192154499998,30.49613197700006],[-81.49451004799994,30.483610231000057],[-81.50410020099997,30.499382101000037],[-81.54606951299996,30.49757965300006],[-81.56265582099996,30.510755621000044],[-81.55560626099998,30.533472148000044],[-81.59176960199994,30.548904508000078],[-81.58868732599996,30.563470933000076],[-81.57660236099997,30.54125222400006],[-81.55770434499993,30.55227098100005],[-81.53168810099999,30.534767239000075],[-81.52593553899999,30.567113972000072],[-81.50191056799997,30.571603872000026],[-81.49657761999998,30.607156858000053],[-81.48218857899997,30.608659850000038],[-81.46177231199994,30.58166514000004],[-81.46095596399994,30.539566130000026],[-81.44150100199994,30.516700831000037],[-81.43604791799999,30.525321296000072],[-81.44202045799994,30.61484332200007],[-81.52749193799997,30.656328317000032]]],[[[-80.47027887299998,32.435823998000046],[-80.47242273199998,32.44039019100006],[-80.46814263799996,32.431257800000026],[-80.47027887299998,32.435823998000046]]],[[[-80.48205866199999,32.46230563100005],[-80.47602380899997,32.47093447800006],[-80.49443354399995,32.48103961400005],[-80.48205866199999,32.46230563100005]]],[[[-80.39868461899994,32.566671960000065],[-80.40793144699995,32.56762944900004],[-80.40306389299997,32.56304799700007],[-80.39868461899994,32.566671960000065]]],[[[-80.23060901199995,32.675875328000075],[-80.26157673199998,32.626894605000075],[-80.22869454199997,32.610732968000036],[-80.21728833499998,32.67474277000008],[-80.23060901199995,32.675875328000075]]],[[[-80.21406058199995,32.69083745800003],[-80.21521289099996,32.689890529000024],[-80.21470152799998,32.68764204000007],[-80.21406058199995,32.69083745800003]]],[[[-79.90732858799998,32.77068584600005],[-79.91217325399998,32.77528637200004],[-79.91495035399998,32.77167003900007],[-79.90732858799998,32.77068584600005]]],[[[-79.91836069599998,32.801302613000075],[-79.92477701899998,32.811381046000065],[-79.92759226599998,32.804579439000065],[-79.91836069599998,32.801302613000075]]],[[[-79.93477915599993,32.757284811000034],[-79.97304821199998,32.79179256900005],[-79.97639751899999,32.828249639000035],[-79.98141757399998,32.785851079000054],[-79.89404687299998,32.67804562600003],[-79.86806770899994,32.731142687000045],[-79.89093301099996,32.733645129000024],[-79.89500710999994,32.75417583300003],[-79.93477915599993,32.757284811000034]]],[[[-79.56180847299999,32.963553181000066],[-79.55890930299995,32.97262453400003],[-79.57657898399998,32.963286151000034],[-79.56180847299999,32.963553181000066]]],[[[-79.54391753799996,32.985182518000045],[-79.54221618299994,32.988344905000076],[-79.54993713199997,32.984801049000055],[-79.54391753799996,32.985182518000045]]],[[[-79.51649748599993,33.01760745400003],[-79.51586424799996,33.022150759000056],[-79.52083098499998,33.01993823500004],[-79.51649748599993,33.01760745400003]]],[[[-79.50289427299998,33.013331178000044],[-79.50658690199998,33.02066302800006],[-79.50886046199997,33.01614261100008],[-79.50289427299998,33.013331178000044]]],[[[-79.33838159199996,33.056578417000026],[-79.33921319599995,33.068880818000025],[-79.35647852099999,33.05501820400008],[-79.37069208499997,33.002867465000065],[-79.33838159199996,33.056578417000026]]],[[[-79.24872855299998,33.14901237000004],[-79.25223807799995,33.163634107000064],[-79.25455741399998,33.15820579200005],[-79.24872855299998,33.14901237000004]]],[[[-79.26693992599996,33.16840629400008],[-79.27056388899996,33.17802314800008],[-79.29107933699999,33.16786079100007],[-79.26693992599996,33.16840629400008]]],[[[-79.24787406599995,33.26142007900006],[-79.26188926999998,33.27301294800003],[-79.25934105099998,33.26432687700003],[-79.24787406599995,33.26142007900006]]],[[[-79.21825674899998,33.26050836700006],[-79.23008231399996,33.27161676600008],[-79.23408011899994,33.26484949400003],[-79.21825674899998,33.26050836700006]]],[[[-79.25461082399994,33.25469858200006],[-79.28536492199999,33.27928049500008],[-79.42420006499998,33.26608334600007],[-79.57102855799997,33.11928464600004],[-79.87692949199999,32.99113697800004],[-79.96082627099997,32.92686534100005],[-79.98642844999995,32.923765729000024],[-79.99226853099998,32.88003895200006],[-79.97651456899996,32.87101176400006],[-79.96152019299996,32.797152219000054],[-79.92968271899997,32.771357231000025],[-79.93637370399995,32.84154386300003],[-79.96755504899994,32.87871428100004],[-79.93182658899997,32.93620178300006],[-79.92332743799994,32.917914120000034],[-79.95751476399994,32.89455672300005],[-79.95772838699997,32.878622730000075],[-79.92073343999994,32.82773847000004],[-79.83578773999994,32.92433807400005],[-79.78922553299998,32.931593632000045],[-79.82599922399999,32.92104980500005],[-79.84575935999999,32.87754698700007],[-79.88585183899994,32.86291761900003],[-79.89838693499996,32.78608578300003],[-79.87435433499996,32.78767269900004],[-79.84644599899997,32.75642650700007],[-79.72624485599994,32.80341596300008],[-79.70254795099999,32.85096236100003],[-79.65617647899995,32.88047668100006],[-79.57266510199997,32.907232977000035],[-79.56999481399998,32.93406174800003],[-79.61843385399999,32.91462586000006],[-79.61150636399998,32.93594239400005],[-79.62404909199995,32.937460643000065],[-79.58516205899997,33.00300097300004],[-79.53366363199996,33.03603625900007],[-79.50897490399996,33.039358864000064],[-79.49030576799998,33.013621097000055],[-79.47927366099998,33.01848483600003],[-79.49833189299994,32.994608640000024],[-79.37546808799993,33.01022220300007],[-79.37848932999998,33.02301288500007],[-79.44018826199994,33.03024555200005],[-79.37131006599998,33.02609516100006],[-79.36671717099995,33.036501659000066],[-79.40033229399995,33.052454725000075],[-79.37734492299995,33.05213047700005],[-79.36535150999998,33.07608678200006],[-79.29243736599994,33.105067046000045],[-79.28043632599997,33.12810019300008],[-79.34408838399997,33.14997748500008],[-79.28814964799994,33.15143088600007],[-79.26486472799996,33.13788107900007],[-79.27241782999994,33.11887625300005],[-79.25750998899997,33.12365607100003],[-79.24802664899994,33.13125113500007],[-79.26176719499995,33.15421943200005],[-79.31122094499995,33.174532698000064],[-79.26977043299996,33.18938713400007],[-79.23897818499995,33.16843681200004],[-79.23667410599995,33.12424734800004],[-79.18146016399999,33.18984108500007],[-79.19827535399997,33.17417412000003],[-79.20511129699997,33.235270323000066],[-79.25461082399994,33.25469858200006]]],[[[-79.21026114099999,33.27403528700006],[-79.20469168299996,33.27759058600003],[-79.21068075999995,33.27995951300005],[-79.21026114099999,33.27403528700006]]],[[[-90.29975312299996,33.992240492000064],[-90.58048650099994,34.06975422800008],[-90.69724896899999,34.139171453000074],[-90.76754314799996,34.25614789800005],[-90.84909076699995,34.33800594600007],[-90.93090758699998,34.39293758700006],[-90.98810486099995,34.39957888400005],[-91.08808456499997,34.38014657600007],[-91.24824326899994,34.23040841100004],[-91.34001813699996,34.18323336100008],[-91.53298474399998,34.00217965300004],[-91.75593005999997,33.85762431300003],[-91.96822376699998,33.87983714400008],[-92.14550231899995,33.98908970300005],[-92.24382480499997,34.00483015100008],[-92.49400702699995,33.86570958200008],[-92.54517393899994,33.80010714200006],[-92.59229458299995,33.81013729000006],[-92.56322613999998,33.70540997300003],[-92.39091766699994,33.29355753100003],[-92.33476953899998,33.20876783700004],[-92.18812901499996,33.13756073600007],[-92.02055767999997,33.09033421300006],[-91.79528521299994,33.070394899000064],[-91.74190323399995,33.12225152800005],[-91.46021572799998,33.12271848200004],[-91.10880062199999,33.01256217200006],[-90.81069863299996,33.01126592000003],[-90.29682255499995,33.25031640100008],[-90.15752322899993,33.35870095800004],[-90.04220074999995,33.421623655000076],[-89.99771651399999,33.92417523700004],[-90.06505678199994,33.96916780300006],[-90.29975312299996,33.992240492000064]],[[-91.07496645299994,33.95540905900003],[-90.80778316299995,34.01508118700008],[-90.63537625099997,33.93412369400005],[-90.57463110899994,33.77268970600005],[-90.45283257399996,33.721009879000064],[-90.27569426899998,33.584824135000076],[-90.47329699499994,33.37872646100004],[-90.61652361499995,33.28179718800004],[-90.81658525899996,33.182458773000064],[-91.02827679199999,33.21104600000007],[-91.12261973299996,33.26862969800004],[-91.30720856699998,33.15463125400004],[-91.51617405899998,33.18975871500004],[-91.56865080899996,33.23184968900006],[-91.68917888799996,33.26743219400004],[-91.73075577399999,33.39358015300007],[-91.78888768599995,33.38904759700006],[-91.87574428899995,33.33062949200007],[-91.92781431999998,33.20293255200005],[-92.04216769399994,33.257139808000034],[-92.11152348699994,33.271967086000075],[-92.11210858899994,33.46289081900005],[-92.15578800799994,33.493406063000066],[-92.26059590999995,33.661242472000026],[-92.23604723799997,33.765563831000065],[-92.19860547799999,33.80631257400006],[-92.08157161199995,33.77300505300008],[-91.81438900899997,33.74888356200006],[-91.64642415999998,33.76637282100006],[-91.49153662299994,33.85525241100004],[-91.30806667499996,33.93328958600006],[-91.18370958299994,33.93091841900008],[-91.07496645299994,33.95540905900003]]],[[[-79.22115591899995,33.277849984000056],[-79.22264365299998,33.28515131700004],[-79.23771754899997,33.28736438800007],[-79.22115591899995,33.277849984000056]]],[[[-79.17505146999997,33.20612603200004],[-79.17501332799998,33.27894480500004],[-79.19888690799996,33.28271373500007],[-79.17505146999997,33.20612603200004]]],[[[-77.95988695099999,33.84486293900005],[-77.95983855199995,33.84507436700005],[-77.96064621199997,33.84478687400008],[-77.95988695099999,33.84486293900005]]],[[[-77.94371263299996,33.913241404000075],[-77.94583360499996,33.91691495800006],[-77.95108946899995,33.912353497000026],[-77.94371263299996,33.913241404000075]]],[[[-77.95746080699996,33.916667002000054],[-77.96119158199997,33.92219068500003],[-77.96459429299995,33.919066446000045],[-77.95746080699996,33.916667002000054]]],[[[-77.93609849699999,33.94993880000004],[-77.94545213799995,33.952376392000076],[-77.94732896899995,33.944224381000026],[-77.93609849699999,33.94993880000004]]],[[[-77.96112291999998,33.96720030800003],[-77.97294848499996,33.95968153700005],[-77.97204058599993,33.95193770000003],[-77.96112291999998,33.96720030800003]]],[[[-77.89850083399995,34.050650647000055],[-77.89988938499994,34.06067948700007],[-77.92017594999999,34.048766184000044],[-77.92096940399995,33.97740081100005],[-77.94128648799995,33.963217764000035],[-77.92811051899997,33.958888081000055],[-77.94573442499996,33.92055418000007],[-77.88519516499997,34.05040650400008],[-77.89850083399995,34.050650647000055]]],[[[-92.48217137599994,35.303543122000065],[-92.85346634199999,35.37491377500004],[-93.01059674199996,35.43283031800007],[-93.30489285199997,35.477584258000036],[-93.46505305599999,35.385519516000045],[-93.53073214899996,35.26275758100007],[-93.49188307099996,34.88110282500003],[-93.40385049799994,34.60309551800003],[-93.33223690199998,34.60369088400006],[-93.25455463699996,34.52067226100007],[-93.05121781499997,34.521957231000044],[-92.97645805199994,34.57002910800003],[-93.09383951599995,34.723710209000046],[-92.99195057199995,34.72040120100007],[-92.63733387199994,34.755765644000064],[-92.50107174099998,34.78804522000007],[-92.33874758999997,34.99340721000004],[-92.11028567399995,34.997635838000065],[-92.07359956399995,34.92370096700006],[-91.94209413899995,34.78137237800007],[-91.87159077499996,34.75617641400004],[-91.60771603199998,34.57212848900008],[-91.59384377199996,34.782920432000026],[-91.64129159699996,34.902689836000036],[-91.54583933199996,35.15034181500005],[-91.57563049799995,35.24377442300005],[-91.70055621599994,35.29301047800004],[-92.17441776699997,35.24339461400007],[-92.48217137599994,35.303543122000065]],[[-93.13500787399994,34.898352472000056],[-93.17095431399997,34.96352105400007],[-92.87623725899994,35.18657873700005],[-92.84808226699994,35.23954570400008],[-92.80543120399994,35.245828061000054],[-92.76080542699998,35.20907908400005],[-92.74898009899994,35.15325143700005],[-92.68971161299999,35.08950682600005],[-92.70276294399997,35.061427441000035],[-93.02629810199994,34.89030135000007],[-93.13500787399994,34.898352472000056]],[[-91.97376427099994,34.912341567000055],[-91.89226994899997,34.93579024400003],[-91.74958686199994,34.930301744000076],[-91.77287149299997,34.86040985300008],[-91.83767258999995,34.84152916700003],[-91.95628703899996,34.84012427600004],[-91.97376427099994,34.912341567000055]]],[[[-77.93889849399994,34.116385523000076],[-77.94034044999995,34.12504870200007],[-77.94651263099996,34.12243181900004],[-77.93889849399994,34.116385523000076]]],[[[-77.91484300099995,34.06140046500008],[-77.89401474899995,34.072848375000035],[-77.94364670699997,34.157197447000044],[-77.92647020299995,34.06206422100007],[-77.91484300099995,34.06140046500008]]],[[[-111.99550202199998,31.794158803000073],[-111.94435259299996,32.03636776600007],[-111.59461605199999,32.32350227000006],[-111.45624729199994,32.50152911300006],[-111.26635480699997,32.68044335400003],[-111.22966979199998,32.79351986700004],[-111.29372285399995,32.92336002400003],[-111.41546585499998,33.03891320200006],[-111.58088120999997,33.284653424000055],[-111.64836142999997,33.33549405300005],[-111.71975772599995,33.48131908100004],[-111.82542533099996,33.61535831900005],[-112.13158505499996,33.84321818800004],[-112.28745953999999,33.98892573100005],[-112.68905022799999,34.25544360300006],[-112.90268471999997,34.44173835000004],[-113.18087445999998,34.57619155800006],[-113.45528965899996,34.66867495900004],[-113.89204847599996,34.71628890000005],[-113.92350947699998,34.652441485000054],[-113.87149426199994,34.41898635500007],[-113.64376717999994,34.20083184300006],[-113.34080688699999,33.982732578000025],[-113.22311975099996,33.826659724000024],[-113.34968139499995,33.632632347000026],[-113.34866380599999,33.35743621300003],[-113.36779598399994,33.096544864000066],[-113.18267013899998,32.629140896000024],[-113.25544357399997,32.01582569100003],[-112.07489562599994,31.649467729000037],[-111.99550202199998,31.794158803000073]]],[[[-82.68469874099998,35.505235826000046],[-82.95434890199994,35.719844855000076],[-83.04993499199998,35.74505567400007],[-83.32353959099999,35.66908359900003],[-83.52218716699997,35.58434632500007],[-83.72242189599996,35.54096688300007],[-83.79913188499995,35.500183535000076],[-83.78399514599994,35.42957054900006],[-83.82903058799997,35.32254867900008],[-84.14934463799995,35.20847046000006],[-84.24929815499996,35.131584591000035],[-84.27429183099997,35.045858113000065],[-84.12342743499994,34.98827346600007],[-83.78499592799994,34.99136825800008],[-83.18018975399997,34.96072348900003],[-83.00199288099998,35.027377931000046],[-82.84639433899997,35.04511800300003],[-82.44785565899997,35.15241199800005],[-82.09668324599994,35.19960137600003],[-82.03833839699996,35.259091589000036],[-82.06554082799994,35.30977401900003],[-82.24542932199995,35.34592530800006],[-82.44162784599996,35.352060993000066],[-82.59865994399996,35.403537811000035],[-82.68469874099998,35.505235826000046]],[[-83.65028709399996,35.15313378500008],[-83.68298155099995,35.16956456500003],[-83.63437196799998,35.23566253300004],[-83.33475236999999,35.35842170600006],[-83.25582524099997,35.474504316000036],[-83.19696923299995,35.50702813100003],[-83.12546139899996,35.52167149200005],[-83.07221601499998,35.49382821100005],[-82.99497647199996,35.40571987000004],[-82.93749999999994,35.39611110000004],[-82.89780757099999,35.36637166000003],[-82.72700146199998,35.37297282700007],[-82.64052959799994,35.322737852000046],[-82.66625059399996,35.196581955000056],[-83.14935694399998,35.09538564200005],[-83.25646322999995,35.16581199400008],[-83.34226507699998,35.18064330800007],[-83.43183079799996,35.12966834300005],[-83.54973879199997,35.10249992700005],[-83.65028709399996,35.15313378500008]]],[[[-90.23659267899995,36.49642720600008],[-90.32950466499994,36.58543951200005],[-90.90769744399995,36.54514543200003],[-91.12657718299994,36.49729372400003],[-91.25284803499994,36.37720438800005],[-91.23104122599995,36.22732937100005],[-91.11445996199996,36.098423095000044],[-90.85850272899995,35.94901318900003],[-90.69023564099996,35.92290773800005],[-90.44214173499995,35.91156519200007],[-90.17122560899998,36.04100725400008],[-90.11848787499997,36.157484397000076],[-90.12302138899997,36.38723163800006],[-90.23659267899995,36.49642720600008]],[[-90.65245071899994,36.09100685300007],[-90.73362224299996,36.119467013000076],[-90.78146447399996,36.17953890000007],[-90.79367953099995,36.30428064600005],[-90.70243310499995,36.41619537400004],[-90.57340079699998,36.46837823100003],[-90.42702171099995,36.469937092000066],[-90.31561299599997,36.42329142700004],[-90.25822029199998,36.35429201000005],[-90.23335083899997,36.27026528500005],[-90.26039689299995,36.18873539600003],[-90.36114892599994,36.094141437000076],[-90.49944384399998,36.050908786000036],[-90.65245071899994,36.09100685300007]]],[[[-108.07290951499999,35.47342620200004],[-107.45750013899999,35.729748065000024],[-107.31734227999999,35.92619484200003],[-107.28634204199994,36.06485641900008],[-107.36576615299998,36.19887966300007],[-107.64795418699998,36.201067488000035],[-108.03493328999997,36.11525379300008],[-108.29878494199994,36.00548529200006],[-108.53575798699995,35.826969974000065],[-108.63576952299996,35.63967829500007],[-108.58761716399994,35.383952376000025],[-108.33103975099999,35.387527127000055],[-108.07290951499999,35.47342620200004]]],[[[-77.06164501699999,35.56837782000008],[-76.99329571499999,35.604472756000064],[-76.98063280599996,35.639237888000025],[-77.04937350899996,35.688323859000036],[-77.15077011899996,35.702860197000064],[-77.71751435599998,35.56950765000005],[-77.88670681999997,35.36931899700005],[-78.03062750699996,35.25584887900004],[-78.27519573399996,35.18953221500004],[-78.48407588099997,35.19135882200004],[-78.55268866399996,35.25873917900003],[-78.58865205499995,35.38006844300003],[-78.63242141099994,35.44660485600008],[-78.71156486699994,35.459751150000045],[-78.77108891499995,35.451373223000076],[-78.93569813099998,35.27748729600006],[-78.90952507999998,35.20877969500003],[-78.90930522999997,35.13506903000007],[-78.93483373299995,35.08336009800007],[-79.04423714899997,35.00671713000003],[-79.09860576799997,34.91409312900004],[-79.01295337399995,34.82689518900003],[-79.08390644799994,34.79577543900007],[-79.20891968099994,34.780918591000045],[-79.29967179099998,34.79006996100003],[-79.40804128899998,34.838706545000036],[-79.63032264099996,34.894285876000026],[-79.70504680699997,34.93182169100004],[-79.77659500899995,34.99522455700003],[-79.77457434699994,35.070535121000034],[-79.74587738299994,35.146760776000065],[-79.77765993999998,35.23087313800005],[-79.79535538999994,35.46726690000003],[-79.81764772599996,35.535062511000035],[-79.94216663799995,35.55015599200004],[-80.09317419999996,35.53323426800006],[-80.16952523399993,35.488483967000036],[-80.48876104899995,35.14665338900005],[-80.61659487499998,35.06969671600007],[-80.63217415499997,35.02997534000008],[-80.48824081999999,34.90596980400005],[-80.39357561699995,34.75425503800005],[-80.22068694399997,34.70690780700005],[-80.38279569399998,34.435457099000075],[-80.50838344099998,33.94766635900004],[-80.45039394799994,33.63563683000007],[-80.49828397899995,33.469900851000034],[-80.70525096299997,33.38363781500004],[-81.13659945599994,33.27921960500004],[-81.28196474499998,33.303004773000055],[-81.38398790399998,33.22615254300007],[-81.39645246799995,32.961728976000074],[-81.48946887099999,32.66404698700006],[-81.51465496299994,32.480068811000024],[-81.45983250899997,32.35774494200007],[-81.36335291699999,32.229914896000025],[-81.22855137699997,32.12571778000006],[-81.03440957099997,32.02057206600006],[-80.93385952099999,31.988432809000074],[-80.97077491399995,32.04378364100006],[-80.92982793999994,32.01750037100004],[-80.92232868999997,31.984739653000076],[-80.86425267899995,31.96611525900005],[-80.84269259999996,32.022249672000044],[-80.88331913699994,32.01891562600002],[-80.89182591599996,32.044615247000024],[-80.92253423899996,32.05649421600003],[-80.89821172199999,32.05739448600008],[-80.84621738499999,32.108389371000044],[-80.83424686099994,32.14438104900006],[-80.86727452099996,32.13211679300008],[-80.86346745399999,32.142595769000025],[-80.79355166099998,32.18488170000006],[-80.84603428399998,32.205931203000034],[-80.88016820399997,32.19549037200005],[-80.87958074199997,32.226023217000034],[-80.85735630899995,32.23146679200005],[-80.86606144999996,32.21233608000006],[-80.79783938399999,32.204035300000044],[-80.78201601799998,32.24729779200004],[-80.77834627599998,32.20217372600007],[-80.80554507099998,32.15208674000007],[-80.79145357799996,32.16026545300008],[-80.82727359299997,32.11656808500004],[-80.81215212799998,32.10560464300005],[-80.72490234699995,32.152830609000034],[-80.66939849099998,32.22560360500006],[-80.72233124699994,32.270411049000074],[-80.74351045199995,32.25815823900007],[-80.76515505099997,32.27005246600004],[-80.78941653499999,32.31840376500003],[-80.81173251899997,32.28153470700005],[-80.88271642699993,32.304869213000075],[-80.87887884199995,32.33083967700003],[-80.81712650299994,32.293386973000054],[-80.79915164599998,32.32662443700008],[-80.82892155299999,32.35674529400006],[-80.81859897999999,32.362654261000046],[-80.94871248399994,32.632336043000066],[-81.20194756699993,32.75521516300006],[-81.21148986399999,32.85027946100007],[-81.29210383699996,32.94854607900004],[-81.36315833099997,32.95171906200005],[-81.37423796599995,32.99506455100004],[-81.29250025899995,33.07664207400006],[-81.13631787699995,33.06998904900007],[-81.10675567999994,33.11336651400006],[-80.77048506799997,33.25636406800004],[-80.51792350099998,33.27716422200007],[-80.24113469599996,33.170384238000054],[-80.22963109299997,33.03591162300006],[-80.43834266499994,32.84488574100004],[-80.59006385499998,32.659523655000044],[-80.51926463899997,32.52715628300007],[-80.48671259699995,32.49831256700003],[-80.42257988699998,32.49754962800006],[-80.41427910399995,32.517553906000046],[-80.41027366899993,32.471067994000066],[-80.36435996099993,32.50543842700006],[-80.41788780999997,32.54535924100003],[-80.39566337899998,32.60627997100005],[-80.39885246899996,32.61722815400003],[-80.42341912599994,32.60733282600006],[-80.42702783099998,32.63468039900005],[-80.39697563799996,32.64864600900006],[-80.41646111899996,32.665144576000046],[-80.39256584699996,32.656366957000046],[-80.40146935199994,32.63090766200003],[-80.42385400099994,32.621912603000055],[-80.41686547399996,32.61003363300006],[-80.38308250499995,32.61486685700004],[-80.38565360899997,32.56386815900004],[-80.40423881899994,32.55166875200007],[-80.36363516899996,32.52775822500007],[-80.33632955499996,32.47703418700007],[-80.32596120399995,32.48198185000007],[-80.23656313499998,32.53439682800007],[-80.23109042899995,32.58750614500008],[-80.27142628299998,32.62194694100003],[-80.31825552099997,32.620417245000056],[-80.31542501499996,32.63315452200004],[-80.27891835099996,32.63566078000002],[-80.24321277499996,32.66776146600006],[-80.25068195599994,32.68511834200007],[-80.21104664499995,32.705859642000064],[-80.16105529599997,32.87420204400007],[-80.08426046599999,32.932121411000026],[-79.99191875299994,33.061178933000065],[-79.98008191299994,33.203768084000046],[-80.06821226499994,33.560534612000026],[-80.01942470799997,33.72513304900008],[-79.92883414199997,33.84696384100005],[-79.77593619899994,33.91285280400007],[-79.53287567599995,33.93873317600003],[-79.37805904499999,34.010617668000066],[-79.29268799299996,34.13958246300007],[-78.99713609399998,34.29149943400006],[-78.81470270199998,34.291333758000064],[-78.59171481599998,34.365617892000046],[-78.44667879199994,34.45817459800003],[-78.35427108699997,34.572134591000065],[-78.26337263599999,34.769319049000046],[-78.09542608599997,34.83569155400005],[-78.00312575899994,34.808179393000046],[-77.95049856799994,34.77543101600003],[-77.94233156099995,34.73771865200007],[-78.01001379899998,34.62687570700007],[-78.08589855599996,34.37163547400007],[-78.16811746799993,34.271376417000056],[-78.29588088999998,34.15953908500006],[-78.20373871399994,34.03759470400007],[-78.09505521099999,33.968986493000045],[-77.99755599799994,33.93066143300007],[-77.95511858499998,33.98482802900003],[-77.94401781499994,34.069651656000076],[-77.98384737199996,34.22368788400007],[-78.03627182099996,34.29723564000005],[-78.01693187599994,34.380902081000045],[-77.84404545299998,34.67495418300007],[-77.73080575699998,34.817955564000044],[-77.48462885499998,35.00164886700003],[-77.38172794699994,35.05630858100005],[-77.26893676099996,35.225533763000044],[-77.24118511399996,35.43312576300008],[-77.08856912199997,35.550204164000036],[-77.10235808699997,35.55191748300007],[-77.06164501699999,35.56837782000008]]],[[[-105.60976833699999,36.95363216800007],[-105.458505404,37.025420488000066],[-105.36556537699994,37.09247748200005],[-105.33410189599999,37.19907698800006],[-105.33252599799994,37.30097791900005],[-105.40803216499995,37.36155894800004],[-105.70123640499997,37.35494387600005],[-106.05329006599999,37.42182999400006],[-106.16608620199997,37.37998248100007],[-106.21865282199997,37.27212089400007],[-106.24766164899995,37.13240506500006],[-106.22242237799998,37.04940572700008],[-106.01152359199995,36.92750358400008],[-105.60976833699999,36.95363216800007]]],[[[-82.88358175199994,36.96577897800006],[-82.66097305299996,37.02469318200008],[-82.23987497299998,37.17757401600005],[-82.20852725199995,37.23100560200004],[-82.23328188599999,37.29721066900004],[-82.49218509099995,37.37408662400003],[-83.09511702599997,37.34126603000004],[-83.25182495399997,37.307592046000025],[-83.35124396599997,37.18958444300006],[-83.39923839499994,37.08934562200005],[-83.41088146699997,36.98055069900005],[-83.17296063999999,36.94701612700004],[-82.88358175199994,36.96577897800006]]],[[[-100.21666469699994,37.70048576600004],[-100.16469964699996,37.71599689200008],[-100.11598521699995,37.794446899000036],[-100.15784654099997,37.86391624000004],[-100.42483376299998,38.00814380600008],[-100.66629171699998,38.093712555000025],[-100.67991768399997,38.110476506000055],[-100.84646842999996,38.05126216900004],[-100.71354095199996,37.879186349000065],[-100.50736712399998,37.73925772100006],[-100.40615148899997,37.69569156400007],[-100.27651243399998,37.68258614900003],[-100.21666469699994,37.70048576600004]]],[[[-76.25298250499998,38.331669211000076],[-76.25519000699995,38.34014899700003],[-76.26174365699995,38.33432395300008],[-76.25298250499998,38.331669211000076]]],[[[-76.21163620999994,38.337099608000074],[-76.21872911899999,38.34476096800006],[-76.23298846199998,38.33448417100004],[-76.21163620999994,38.337099608000074]]],[[[-77.86608073799994,38.369791528000064],[-77.73276667499994,38.48597725800005],[-77.76207390499997,38.62489966800007],[-77.90830638299997,38.62571621300003],[-78.11574549499994,38.538542360000065],[-78.25555841599999,38.45807326700003],[-78.45888044899993,38.42868417300008],[-78.61877974899994,38.44320367100005],[-78.73406265599994,38.492480930000056],[-78.87837825899999,38.49674472100003],[-79.06488963799995,38.39689287900006],[-79.27044614199997,38.21137934300003],[-79.45999188599995,38.16448836500007],[-79.58574724999994,38.018231265000054],[-79.72003174399998,37.906262096000034],[-79.77331048399998,37.65053169400005],[-79.87573372199995,37.50725106700003],[-79.89946670699999,37.43089704800008],[-79.82727113399994,37.371245972000054],[-79.76697039199996,37.29296150500005],[-79.80140261599996,37.16204519200005],[-79.90529547499995,37.02109834300006],[-80.09069006999994,36.949308547000044],[-80.39885229099997,36.71650009100006],[-80.43188756299998,36.59170900000004],[-80.51108687399994,36.50240930700005],[-80.73709975299994,36.37737541400003],[-80.98615079599995,36.341808026000024],[-81.11055434499997,36.347347668000054],[-81.24666569799996,36.37391884600004],[-81.37941568799994,36.58680507100007],[-81.59691511099999,36.57736362500003],[-81.67001381199998,36.48611342100003],[-81.71735332999998,36.35852789900008],[-81.87684679899996,36.232184053000026],[-81.88307871899997,36.176464158000044],[-81.80421047099998,36.10412351900004],[-81.19973520899998,36.00156834000006],[-80.99181815899999,35.982825485000035],[-80.53389289499995,36.00064614900003],[-80.36329284499999,35.99092319400006],[-80.24040104899996,36.01284386800006],[-79.64693021799997,36.03420752100004],[-79.39357594999996,36.13678092600003],[-79.11463288199997,36.135564644000056],[-78.77489471099994,36.16064842500003],[-78.66640934599997,36.22663683900004],[-78.51237902599996,36.27642034300004],[-78.48560677999996,36.30063101400003],[-78.35246623899997,36.32609509100007],[-78.22487018799995,36.32241771200006],[-78.05626320999994,36.22140825500003],[-77.98793047599997,36.12268903200004],[-77.82200799599997,36.06415080100004],[-77.54285349999998,36.08838658500008],[-77.50295618499996,36.154454248000036],[-77.52232522699995,36.212374827000076],[-77.58920131499997,36.32143150300004],[-77.65579432399994,36.47698968900005],[-77.72229647299997,36.57753074300007],[-77.81898495799999,36.79181074500008],[-77.94723618999996,36.849131717000034],[-78.51555733399994,36.92473191500005],[-78.72987386999995,37.00875806200003],[-78.74748687299996,37.082986799000025],[-78.69628109599995,37.24061656200007],[-78.88726491399996,37.42860603500003],[-78.88038827899999,37.468439346000025],[-78.53442250599994,37.67138779900006],[-78.04237903499995,37.78677642400004],[-77.85299305799998,37.85844920100004],[-77.70189842699995,37.943159139000045],[-77.64721298799998,38.00105935100004],[-77.69178500499999,38.077402482000025],[-77.92741279599994,38.17763647400005],[-77.95164514999993,38.22685289000003],[-77.92382893699994,38.301569624000024],[-77.86608073799994,38.369791528000064]],[[-78.53733142599998,38.23654671200006],[-78.15142947999993,38.234818982000036],[-78.05619305499994,38.13807293100007],[-77.78230533299995,38.06337352400004],[-77.71706229799997,38.00832869200008],[-77.74280027699996,37.97777601000007],[-78.21344083799994,37.82810291800007],[-78.65107829699997,37.81342564500005],[-78.90956308799997,37.761731972000064],[-79.29188123799997,37.721742633000076],[-79.44749758399996,37.68534163700008],[-79.50811303899997,37.724242969000045],[-79.48457535199998,37.825195321000024],[-78.95399742199999,38.04990845400005],[-78.80518661699995,38.18583952200004],[-78.65658874099995,38.252148979000026],[-78.53733142599998,38.23654671200006]],[[-79.14791998299995,36.83337111700007],[-79.20578437699999,36.86484797700007],[-79.23187316499997,36.93031772000006],[-79.21791231199995,37.01833575300003],[-79.10013710599998,37.13526581000008],[-78.89740183699996,37.23967049400005],[-78.82845169699993,37.249410245000036],[-78.77831260099998,37.239071172000024],[-78.77459313499998,37.17913888000004],[-78.82180954199998,37.06830587700006],[-78.78903779899997,36.979573652000056],[-78.67942513299994,36.905200266000065],[-78.66681998399997,36.807321814000034],[-78.83565067699999,36.77807316600007],[-79.14791998299995,36.83337111700007]],[[-78.27711417499995,36.736200781000036],[-78.16514738099994,36.822389876000045],[-78.11841589099998,36.830689508000034],[-77.92096527299998,36.76724231600008],[-77.88040522399996,36.631197659000065],[-77.97148189999996,36.52447482600007],[-78.20547936699995,36.44114114900003],[-79.07923775299997,36.35562238700004],[-79.45821789799999,36.288312430000076],[-79.62506135299998,36.13322064700003],[-79.92298418399997,36.124002345000065],[-80.00948687399995,36.21221067600004],[-80.07077399899998,36.31165465000004],[-80.08639399699996,36.41979444700007],[-79.94645112799998,36.54266376800007],[-79.31359458299994,36.61093947100005],[-79.21518946199996,36.555663837000054],[-79.00839106199999,36.575361721000036],[-78.38306002199994,36.691466493000064],[-78.27711417499995,36.736200781000036]]],[[[-76.34120383499999,38.504619700000035],[-76.34038749199993,38.51911555300006],[-76.34582725099995,38.50964747300003],[-76.34120383499999,38.504619700000035]]],[[[-76.32978263099994,38.519920454000044],[-76.32670798399994,38.528503526000065],[-76.33956351799998,38.533611405000045],[-76.32978263099994,38.519920454000044]]],[[[-76.36213128699995,38.747306974000026],[-76.36731164799994,38.755512389000046],[-76.37446039299994,38.75149932700003],[-76.36213128699995,38.747306974000026]]],[[[-76.38321893999995,38.75746932900006],[-76.37759607599997,38.77781693000003],[-76.39197748799995,38.76344314600004],[-76.38321893999995,38.75746932900006]]],[[[-75.05956434399997,38.63676470000007],[-75.07514863399996,38.672474254000065],[-75.07849287699997,38.622780017000025],[-75.05956434399997,38.63676470000007]]],[[[-75.11934005999996,38.68870363600007],[-75.13342130199999,38.69333940000007],[-75.13293625699998,38.68957919200005],[-75.11934005999996,38.68870363600007]]],[[[-76.24671377899995,38.905742832000044],[-76.23890127699997,38.91291446500003],[-76.24654593399998,38.915710638000064],[-76.24671377899995,38.905742832000044]]],[[[-76.12565050899997,38.89675159300003],[-76.16102802199998,38.90258044900003],[-76.18290912899994,38.86972445600003],[-76.11754808799998,38.88759631800008],[-76.12565050899997,38.89675159300003]]],[[[-76.39357204699996,39.00912114300007],[-76.38879604499994,39.01179906200008],[-76.39132542999994,39.016606281000065],[-76.39357204699996,39.00912114300007]]],[[[-76.27959648599995,38.99082967000004],[-76.29659478399998,39.036777707000056],[-76.31804101899996,39.02927801100003],[-76.35895746899996,38.95079441200005],[-76.37247675499998,38.84167878900007],[-76.33180443999998,38.872577844000034],[-76.34170740199994,38.919357486000024],[-76.32230584499996,38.912376590000065],[-76.31479088999998,38.93814106000008],[-76.33644311999996,38.95285053500004],[-76.30016533799994,38.963836866000065],[-76.30666558199994,38.92854328000004],[-76.29280296699994,38.90801257600003],[-76.29238335199994,38.93384571100006],[-76.27020469599995,38.95039768600003],[-76.25174918199997,38.922565650000024],[-76.25239768299997,38.953846174000034],[-76.26249900399995,38.95122929100006],[-76.24782004499997,38.979179584000065],[-76.27959648599995,38.99082967000004]]],[[[-76.42550870999997,39.13224052100003],[-76.43010925899995,39.13373342400007],[-76.42593063099997,39.130293977000065],[-76.42550870999997,39.13224052100003]]],[[[-76.43900511199996,39.14233039700008],[-76.44476923199994,39.14579644400004],[-76.43902280999998,39.14106865600007],[-76.43900511199996,39.14233039700008]]],[[[-76.50565552699999,39.170986406000054],[-76.51118231999999,39.16849304600004],[-76.50341169799998,39.16643971800005],[-76.50565552699999,39.170986406000054]]],[[[-76.47077392399996,39.16118263300007],[-76.47477935799998,39.171642535000046],[-76.48464733499998,39.161478902000056],[-76.47077392399996,39.16118263300007]]],[[[-76.53059602799993,39.21424126800008],[-76.55374361899999,39.21532464000006],[-76.57013608199998,39.18405157300003],[-76.51857760399997,39.170446635000076],[-76.53618074599996,39.196605919000035],[-76.53059602799993,39.21424126800008]]],[[[-76.38537045799995,39.23523737000005],[-76.37088223499995,39.250519051000026],[-76.38638516899994,39.24657846700006],[-76.38537045799995,39.23523737000005]]],[[[-76.26816003699997,39.28173091300005],[-76.26078241199997,39.29616191700006],[-76.27151697199997,39.294002797000076],[-76.26816003699997,39.28173091300005]]],[[[-104.83466212299999,40.256434246000026],[-104.60673435599995,40.74380239900006],[-104.79208090899999,40.67135125600004],[-104.94415923899999,40.47828118900003],[-105.06137493499995,40.37343980900005],[-104.95221989899994,40.27161164100005],[-104.89431599999995,40.240349922000064],[-104.83466212299999,40.256434246000026]]],[[[-76.08182728799994,39.47786361900006],[-76.08309376599993,39.443878476000066],[-76.06022846399998,39.45540267800004],[-76.08182728799994,39.47786361900006]]],[[[-75.91692713299994,39.475317835000055],[-75.97059830899997,39.467033696000044],[-76.00241289199994,39.427524867000045],[-75.99981126699998,39.408905326000024],[-76.03988848799997,39.400310811000054],[-76.03660021699994,39.386223131000065],[-75.97859391199995,39.37011366300004],[-75.91918379999998,39.392494498000076],[-75.91462904899998,39.382919607000076],[-75.93801314999996,39.375053698000045],[-75.83209423199997,39.37367659700004],[-75.84182933999995,39.36428862400004],[-75.92000777199996,39.354873947000044],[-75.92807204499996,39.367218309000066],[-75.94861800999996,39.35251264800007],[-75.96487625599997,39.37130384900007],[-75.97362717299995,39.35146360400006],[-75.98816880499999,39.36750822400006],[-76.02898607599997,39.35076932800007],[-76.03398333299998,39.36850386000003],[-76.10643971699994,39.37613706500008],[-76.13090718999996,39.34149960700006],[-76.07951557099994,39.32279233000003],[-76.16857352099998,39.33102826000004],[-76.18144431299999,39.310310634000075],[-76.15470327499997,39.277389792000065],[-76.16552938999996,39.270252491000065],[-76.17283072499998,39.29344967000003],[-76.19857993699998,39.283294943000044],[-76.18324484599998,39.243694563000076],[-76.20603385699997,39.265236161000075],[-76.26398674999996,39.177883389000044],[-76.27574364999998,39.14944481500004],[-76.24115959199997,39.12507271100003],[-76.22764029599995,39.04969046200006],[-76.24025168999998,39.04075262500004],[-76.21992697299999,39.01697179800004],[-76.19450582399998,39.01444265500004],[-76.20398916599999,39.04717657800006],[-76.21815695599997,39.05004523000008],[-76.21987357199998,39.08723472100007],[-76.21078695999995,39.064926368000044],[-76.20091452099996,39.08658240800003],[-76.22286429699994,39.11944603200004],[-76.18529714599998,39.09775184500006],[-76.17363179899996,39.11983894800005],[-76.18603719899994,39.12268852600005],[-76.17523397399998,39.12937569200005],[-76.18769277999996,39.16214394800005],[-76.17192281799998,39.18101525900005],[-76.17488302199996,39.14886498300007],[-76.15791524299993,39.13599037900008],[-76.14123738399996,39.171165710000025],[-76.11741840599996,39.17543817300003],[-76.16495717499998,39.10795997800005],[-76.12366687899998,39.12745690200006],[-76.11673938599995,39.117405172000076],[-76.10862170899998,39.13862252300004],[-76.04811296499997,39.167846928000074],[-76.06697283599993,39.20523859600007],[-76.03440294199999,39.22978999400004],[-75.97272689799996,39.25307872700006],[-75.93719679599997,39.24765041300003],[-76.00273331499994,39.23893382600005],[-76.05632982699996,39.20239664600007],[-76.02620896499997,39.16532541200007],[-76.01248368099994,39.16878915900003],[-76.04379472399995,39.14649224600004],[-76.03995713899997,39.16049981800006],[-76.06498156099997,39.155349975000036],[-76.11288653999998,39.101951830000075],[-76.13009083099996,39.10123466700003],[-76.09993945299993,39.096817248000036],[-76.07676134399998,39.06890510200003],[-76.14104664199994,39.086395491000076],[-76.15133869799996,39.074722515000076],[-76.13414966499994,39.04325507100003],[-76.17955983699994,39.05462668400003],[-76.15853321699996,39.038082340000074],[-76.16076100099997,39.01363012500008],[-76.14310657599998,39.00754568200006],[-76.20182241199996,38.96919270700005],[-76.23127951399994,38.977203571000075],[-76.23800101199998,38.965034684000045],[-76.22441305599995,38.963535507000074],[-76.22473348999995,38.94540806300006],[-76.20634664299996,38.94793720900003],[-76.20532430099996,38.905769537000026],[-76.18183338999995,38.929092601000036],[-76.18120777799999,38.89871616000005],[-76.20555318099997,38.85953539800005],[-76.17469227199996,38.89910144600003],[-76.15793049199993,38.97461720900003],[-76.14946185799994,38.920585825000046],[-76.11783800699999,38.90346546200004],[-76.09507951799998,38.94899388400006],[-76.10534105599999,38.907859995000024],[-76.07553299999995,38.88983936200003],[-76.11045274999998,38.887520024000025],[-76.11555681499993,38.86808413600005],[-76.14907275699994,38.87751788500003],[-76.15355121099998,38.85943621700005],[-76.18791401499993,38.854366481000056],[-76.19457447699995,38.845371423000074],[-76.17983448399997,38.84385317400006],[-76.19867909099997,38.81413667500004],[-76.17264758899995,38.81658189700005],[-76.19130146399993,38.79729096900007],[-76.17687427299995,38.778553173000034],[-76.17186175899997,38.794365096000035],[-76.12989244899995,38.79707734800007],[-76.11116990799997,38.81908052700004],[-76.10565385299998,38.798618487000056],[-76.17713367199997,38.76405350500005],[-76.20874989299995,38.778888865000056],[-76.23038686499996,38.824894123000036],[-76.26160635799994,38.82974260100008],[-76.24863638499994,38.862697780000076],[-76.25932516799998,38.859634576000076],[-76.33271996299999,38.77876297500006],[-76.34845940399998,38.67873777700004],[-76.34153953999999,38.66915525600007],[-76.33658043199995,38.68451704600005],[-76.32248130699998,38.681663651000065],[-76.31751457499996,38.77000442900004],[-76.30005088699994,38.79114167300003],[-76.27775778799997,38.78231064600004],[-76.28804221599995,38.80281083300008],[-76.26550497899996,38.80893342500008],[-76.27015128099998,38.77861039000004],[-76.30183616499994,38.753990327000054],[-76.29772391699998,38.71723571200005],[-76.26832784999993,38.71150603600006],[-76.25483144799995,38.74219528200007],[-76.27850546699995,38.73789611700005],[-76.28584494799998,38.75746170300005],[-76.24574483599997,38.756153263000044],[-76.25953115999994,38.778049629000066],[-76.23964132199995,38.80187241900006],[-76.25071157699995,38.77614609500006],[-76.19041645099998,38.74742142000008],[-76.21085560199998,38.72678771900007],[-76.23484242899997,38.737911378000035],[-76.23867238399998,38.72118011200007],[-76.22963917899995,38.697971489000054],[-76.20341694099994,38.713108212000066],[-76.19773303899996,38.70126357500004],[-76.21679127199997,38.69058623400008],[-76.19768726099994,38.670894763000035],[-76.18753253599994,38.71112838300007],[-76.15993700899998,38.73667160300005],[-76.16282091899996,38.70769134200003],[-76.14920244599995,38.710716398000045],[-76.11989030599995,38.76387803100005],[-76.09621628799994,38.76723496500006],[-76.11074265899998,38.74836746900007],[-76.08098800899995,38.730804601000045],[-76.10471543399996,38.724273837000055],[-76.10863694399995,38.735195317000034],[-76.13252458499994,38.71959701600008],[-76.10096939899995,38.70428863400008],[-76.16417132299995,38.698639064000076],[-76.17698870699996,38.67430129000007],[-76.16539965299995,38.66374983500003],[-76.08648880299995,38.69052520300005],[-76.09692581499996,38.66888442100003],[-76.14966783599994,38.653610368000045],[-76.14814958599999,38.640445845000045],[-76.11759384999993,38.63602842600005],[-76.09409530999994,38.66296019500004],[-76.10623367599999,38.613689555000065],[-76.10008438399996,38.627220289000036],[-76.07367904099993,38.62192930400005],[-76.04658704999997,38.59215177300007],[-76.02772718299997,38.62229933100008],[-76.02913098999994,38.581520209000075],[-75.99820141599997,38.59656156400007],[-75.99569134599994,38.632789752000065],[-75.96034435199994,38.66090789300006],[-76.01415449199999,38.73953263200008],[-75.90080454799994,38.82288760300003],[-75.89406015999998,38.807388486000036],[-75.97996716799997,38.76586167900007],[-76.00484662799994,38.73307434800006],[-75.94533732899998,38.67341247200005],[-75.95535472599994,38.64588942700004],[-75.93027689799999,38.633789206000074],[-75.96445659499994,38.63331236600004],[-75.96894267799996,38.58803953000006],[-76.03424268499998,38.56163418800003],[-76.08775527699999,38.59444440400006],[-76.10757644799997,38.574268466000035],[-76.13475236199997,38.600410590000024],[-76.18535052299995,38.60277188600003],[-76.16571245499995,38.61389554700003],[-76.16953478499994,38.63070692100007],[-76.20232593099996,38.60884488500005],[-76.23850453199998,38.62825788200007],[-76.26178945099997,38.610366947000045],[-76.28374685599994,38.63550962100004],[-76.25956929599994,38.60218442100006],[-76.27058614299995,38.57736599400005],[-76.28756155199994,38.58342754900008],[-76.30791678199995,38.56232082400004],[-76.28203786699999,38.56116115700007],[-76.27778066199994,38.53437434700004],[-76.26119435599998,38.575912594000044],[-76.25346577499994,38.545463675000065],[-76.24640095499996,38.57984173400007],[-76.23524677499995,38.54391872300005],[-76.22941028899999,38.575134398000046],[-76.20163928299996,38.58118832400004],[-76.20366107299998,38.566707730000076],[-76.15346727099995,38.57523358200007],[-76.17920885499996,38.551487086000066],[-76.20687304799998,38.55133068300006],[-76.19013415099994,38.53302394700006],[-76.13047989599994,38.54551708500003],[-76.13667496699998,38.528812523000056],[-76.16256150899994,38.52864849000008],[-76.17181596699999,38.505176652000046],[-76.21422015599995,38.535091513000054],[-76.21330462799995,38.52012263700004],[-76.25096333099998,38.519603837000034],[-76.25441944599999,38.48926935800006],[-76.26429188699996,38.49662028100005],[-76.27871144599999,38.47818003000003],[-76.27624714799998,38.44960031200003],[-76.29591573299996,38.469284155000025],[-76.28587544999993,38.50725947300003],[-76.33732810299995,38.48917017300005],[-76.28451741199996,38.411605920000056],[-76.27475178099996,38.36346443100007],[-76.25754749199996,38.374168474000044],[-76.23559008599995,38.35355003300003],[-76.23378192199993,38.390697561000025],[-76.22197924599999,38.39374932000004],[-76.21876726799997,38.376037677000056],[-76.16932877599999,38.35058219900003],[-76.02590678099995,38.38756841500003],[-75.81126793499999,38.48019307900006],[-75.13363519499995,38.49588437700004],[-75.05249729199994,38.566471540000066],[-75.05732129899997,38.61772172600007],[-75.08825087199995,38.564800422000076],[-75.11230635999993,38.57802216300007],[-75.11046767799996,38.592064067000024],[-75.13694931499998,38.59441392000008],[-75.18948533899999,38.56464782900008],[-75.19545915699996,38.54335799900008],[-75.19767931399997,38.57418457400007],[-75.18409135699994,38.585933846000046],[-75.25827961399995,38.58292786000004],[-75.27943593299995,38.59611145500003],[-75.17108323799994,38.597229165000044],[-75.15627457699998,38.61667649700007],[-75.08849501799995,38.62553422800005],[-75.17788866199999,38.65707414900004],[-75.17842272099995,38.66931170000004],[-75.12195755299996,38.64694231200008],[-75.13750026199995,38.69468184900006],[-75.31029671099998,38.744365180000045],[-75.34841657899995,38.78225094100003],[-75.29668289699998,38.84079620800003],[-75.23926515399995,38.85998840000008],[-75.30094322099995,38.915222389000064],[-75.30549797499998,38.98049950300003],[-75.34918390399997,39.037670381000055],[-75.39357173699995,39.06581903600005],[-75.39825618899994,39.10389735100006],[-75.44024453399999,39.11031693000007],[-75.52972204099996,39.05620058200003],[-75.58509749399997,38.90526164900007],[-75.72318731799999,38.87332157900005],[-75.80109659099998,38.909082811000076],[-75.83770779299994,38.99170778000007],[-75.84331250999998,39.119444663000024],[-75.83395573199994,39.238418393000075],[-75.79555019599997,39.28398582900007],[-75.58184120699997,39.275173994000056],[-75.42702134999996,39.28714572300004],[-75.44612303799994,39.32058745900008],[-75.48477356399997,39.34144622500003],[-75.48417846999996,39.32875472400008],[-75.52584334199997,39.34250385100006],[-75.66952055199994,39.34016702900004],[-75.74435076499998,39.36332603400007],[-75.91692713299994,39.475317835000055]]],[[[-74.31546167699997,39.46939123800007],[-74.33628993299999,39.48165930700003],[-74.36030946699998,39.40024491200006],[-74.33105616399996,39.42499196700004],[-74.33101038899997,39.44448125900004],[-74.30895380199996,39.451702483000076],[-74.30233911599998,39.47254599400003],[-74.31546167699997,39.46939123800007]]],[[[-74.28317407299994,39.50515021800004],[-74.28077081299995,39.510132215000056],[-74.28673699999996,39.50878181100006],[-74.28317407299994,39.50515021800004]]],[[[-74.30452875699996,39.54507866200004],[-74.29795984699996,39.54869499500006],[-74.30510096299997,39.55369225000004],[-74.30452875699996,39.54507866200004]]],[[[-74.27170708999995,39.54955330400003],[-74.27286676099999,39.55862465600006],[-74.27825311399994,39.55364647500005],[-74.27170708999995,39.54955330400003]]],[[[-74.25191643899996,39.579437649000056],[-74.24891808499996,39.584869780000076],[-74.25606682999995,39.58715096900005],[-74.25907281299999,39.58171502400006],[-74.25191643899996,39.579437649000056]]],[[[-74.22080375799999,39.600223940000035],[-74.22258140799994,39.60430566600007],[-74.23035576299998,39.59978906400005],[-74.22080375799999,39.600223940000035]]],[[[-74.21651603899994,39.62831919100006],[-74.20990135299996,39.636463571000036],[-74.22008659699998,39.63150064900003],[-74.21651603899994,39.62831919100006]]],[[[-74.19851829199996,39.64550440700003],[-74.19191886499993,39.65183299000006],[-74.20086814699994,39.65457575800008],[-74.19851829199996,39.64550440700003]]],[[[-74.14508199899996,39.70157665600004],[-74.14683676099997,39.70928997400006],[-74.15103292899994,39.70658153900007],[-74.14508199899996,39.70157665600004]]],[[[-95.92356075199996,41.32270620200006],[-95.90313935299997,41.42147825300003],[-95.94552703399995,41.518860060000065],[-96.01197602999997,41.57001173100008],[-96.09448669599999,41.618170262000035],[-96.14638333099998,41.61812165100008],[-96.25532383399997,41.56975861500007],[-96.25783543999995,41.529430786000034],[-96.20315314899995,41.46265574500006],[-95.98013375999994,41.314333076000025],[-95.94436702999997,41.30547327100004],[-95.92356075199996,41.32270620200006]]],[[[-74.26465752899998,39.51644935500008],[-74.14583730699997,39.66939204700003],[-74.10052632399999,39.75856824500005],[-74.26159051099995,39.54137459100008],[-74.26465752899998,39.51644935500008]]],[[[-74.13341665499996,39.76183743900003],[-74.12561941199993,39.76453443200006],[-74.13997030899998,39.76639219000003],[-74.13341665499996,39.76183743900003]]],[[[-74.10756062999997,39.78488203100005],[-74.11945486099995,39.79942366000006],[-74.11712026399994,39.78762861400003],[-74.10756062999997,39.78488203100005]]],[[[-74.08094167299998,39.93712663100007],[-74.08268117699998,39.946651932000066],[-74.08752584199993,39.93986939900003],[-74.08094167299998,39.93712663100007]]],[[[-74.07885122099998,39.98608446500003],[-74.08422231599997,39.99245119700004],[-74.08545064899994,39.98746920000008],[-74.07885122099998,39.98608446500003]]],[[[-74.03099964599994,40.05347492300007],[-74.02628266899995,40.06859968100008],[-74.25694332799998,40.071940975000075],[-74.46376370599995,40.05810473300005],[-74.49956103899996,39.93400686200005],[-74.70274573899997,39.72496539100007],[-74.81129484899998,39.65583472900005],[-74.81088528799995,39.585093130000075],[-74.85306481799995,39.40177181700005],[-74.94239685999997,39.38814656100004],[-75.35092317399994,39.384845433000066],[-75.39424446499999,39.360784960000046],[-75.36808956699997,39.33867294400005],[-75.33058345199998,39.33620864900007],[-75.31647669399996,39.29912978600004],[-75.28955255199998,39.28389388200003],[-75.25341209899995,39.294544521000034],[-75.23648246599998,39.26654082300007],[-75.17562276699994,39.24014311500008],[-75.17348653099998,39.20253019200004],[-75.14776020399995,39.180912300000045],[-75.04056717999998,39.21224623300003],[-75.02076889199998,39.18558530900003],[-74.90907451899994,39.167419721000044],[-74.88923808499999,39.12034253300004],[-74.74358575599996,39.116783146000046],[-74.71493688399994,39.14161711000003],[-74.71665349699998,39.120765970000036],[-74.70658269399996,39.12350111000006],[-74.65216983899995,39.19564849500006],[-74.66286625299995,39.19926101400006],[-74.55190430899995,39.28593095700006],[-74.60361636099998,39.284088455000074],[-74.62259829999994,39.25868638000003],[-74.62917483999996,39.283611618000066],[-74.65057529699999,39.285396895000076],[-74.66131749199997,39.304874744000074],[-74.56738435699998,39.30405458700005],[-74.61776264199995,39.42589281700003],[-74.58651196299996,39.457331931000056],[-74.41171278799999,39.54038282800008],[-74.41607054199994,39.55472221500003],[-74.32840876999995,39.53604545600007],[-74.32608180099999,39.51292457200003],[-74.31118158899994,39.51063575500007],[-74.29501489899997,39.53508796800003],[-74.32891231199994,39.575031670000044],[-74.29781489099997,39.60036889600008],[-74.25839379699994,39.60664789100008],[-74.24991753999996,39.639271188000066],[-74.22303154499997,39.642841746000045],[-74.15400076499998,39.71021694500007],[-74.17489768399997,39.71842999000006],[-74.16107321699997,39.73335690300007],[-74.18792869499998,39.74566311800004],[-74.18056632899999,39.78735395500007],[-74.13175345199994,39.852959131000034],[-74.15028525699995,39.86162612500004],[-74.10263967699996,39.91724824000005],[-74.17931511599994,39.93560074800007],[-74.10910177699998,39.94175004300007],[-74.10766745199999,39.98481798600005],[-74.13287498099999,39.98534822800008],[-74.09616995299996,40.00201082900003],[-74.13025809999993,40.02705050600008],[-74.07811116899995,40.01056719700006],[-74.06411122899993,40.04180194500003],[-74.11935569299999,40.044704927000055],[-74.04779957899996,40.05625583600005],[-74.07847737799995,39.94845247000006],[-74.09561299399996,39.781216107000034],[-74.10639333099994,39.77943845800007],[-74.09747456699995,39.76852842200003],[-74.08844898999996,39.77801939100004],[-74.03099964599994,40.05347492300007]]],[[[-75.81703168499996,39.771820743000035],[-75.75689947799998,39.85824757200004],[-75.62072470399994,39.93048968200003],[-75.30175565799993,40.192266534000055],[-75.33614080999996,40.25894267100006],[-75.33434334999998,40.32636745600007],[-75.36729618099997,40.39484263400004],[-75.46177972899994,40.47932602900005],[-75.54628624899993,40.52463809900007],[-75.83407473199998,40.51912907600007],[-76.11838799899994,40.47581107800005],[-76.23239661699995,40.428415510000036],[-76.32299187399997,40.35860070800004],[-76.26293314299994,40.27515361400003],[-75.98747178299999,40.22519467200004],[-75.91917997299998,40.07221764800005],[-76.11677193099996,39.97248458000007],[-76.61212713299994,39.86175146700003],[-76.85154379899996,39.93232037200005],[-76.89560042499994,39.92072331300005],[-76.98320488699994,39.81924530500004],[-77.13740254899994,39.699312536000036],[-77.39875076499999,39.68649009500007],[-77.53847787399997,39.844627754000044],[-77.49632317699997,39.97234220800004],[-77.57105484599998,40.12802806900004],[-77.91307126999999,40.03639153300003],[-78.00579700199995,39.87258875400005],[-77.95570752599997,39.769445318000066],[-77.99222090099994,39.66032004900006],[-77.90541892799996,39.54733229100003],[-77.71348306999994,39.45331470700006],[-77.66673138799996,39.454916026000035],[-77.62295227599998,39.430193021000036],[-77.60646888699995,39.379178773000035],[-77.58714444199995,39.37022275600003],[-77.53860507899998,39.287290478000045],[-77.37708330999999,39.22439835800003],[-77.24203331799998,39.30605619500005],[-77.10774635999996,39.27876165400005],[-76.87942538699997,39.315885095000056],[-76.69631761099998,39.40501915500005],[-76.55528239199998,39.353302418000055],[-76.51307984799996,39.320507220000025],[-76.53557039499998,39.24238229500003],[-76.50306153499997,39.23033929300004],[-76.47658752899997,39.254150640000034],[-76.49668335799998,39.218956234000075],[-76.48791718099994,39.20891595000006],[-76.44558165899997,39.22080255000003],[-76.44350646099997,39.199932337000064],[-76.40079709899999,39.236732731000075],[-76.43403075099997,39.23883462800006],[-76.46192383099998,39.28258921400004],[-76.49201417299997,39.298698683000055],[-76.45867370899998,39.30205180300004],[-76.46061920499994,39.29073740900003],[-76.43274138799995,39.28596903700003],[-76.42964385099998,39.25421167600007],[-76.40776274099994,39.24721933600006],[-76.38221952199996,39.285976668000046],[-76.41257689099996,39.283073683000055],[-76.40591642899994,39.291176101000076],[-76.44063781499995,39.31504848000003],[-76.39718839899996,39.317844655000044],[-76.37307187599998,39.300853990000064],[-76.37981626299995,39.32584789400005],[-76.32472438699995,39.312195090000046],[-76.37135526299994,39.33438518600008],[-76.35981198599995,39.349693570000056],[-76.33091182999993,39.33401134800005],[-76.33981533799994,39.37262753600004],[-76.40928862699997,39.38322857900005],[-76.40027068099994,39.389038363000054],[-76.31035823799994,39.39048413900008],[-76.30359096099994,39.36775235400006],[-76.32157344899997,39.359764374000065],[-76.29844111799997,39.35546139600007],[-76.29802149799997,39.30876949200007],[-76.28622645099995,39.30321147700005],[-76.26111047799998,39.34648541300004],[-76.27746790899994,39.39923124200004],[-76.25145166599998,39.42345457600004],[-76.25464838399995,39.44524413000005],[-76.28567714299999,39.442379291000066],[-76.27423304699994,39.44997435600004],[-76.22802179199994,39.46900588600005],[-76.22462670799996,39.42499952900005],[-76.25407617399998,39.37497357700005],[-76.22477165899994,39.348842896000065],[-76.18544975099996,39.384247112000025],[-76.22060601199996,39.38279752400007],[-76.23217980899994,39.40150480300008],[-76.17943778699998,39.38781004000003],[-76.09930623399998,39.43725615900007],[-76.10033620499996,39.47626144600008],[-76.13189902099998,39.509247138000035],[-76.11294759999998,39.502693488000034],[-76.09563649999996,39.53423722700006],[-76.05336201299997,39.56005129000005],[-76.03108417499999,39.57021746100003],[-76.00599108599994,39.542717303000074],[-76.00013933999998,39.565769524000075],[-75.95893296999998,39.59473834200003],[-75.95072373699998,39.58783755400003],[-75.97334489799994,39.562725396000076],[-75.96557054099998,39.53542741700005],[-75.99675188599997,39.499088603000075],[-76.00417528499997,39.45746643200005],[-75.94362076499993,39.502060253000025],[-75.95040624099994,39.54509660300005],[-75.81703168499996,39.771820743000035]]],[[[-104.56413556199999,42.11101605300007],[-104.69219511699998,42.146412001000044],[-104.84019295499996,42.16487373800004],[-104.98552884999998,42.16197003000008],[-105.18609702499998,42.06229394600007],[-105.49359762799997,42.07567087700005],[-105.55201067899998,42.01340507100008],[-105.45649137599997,41.821694243000024],[-105.58821014199998,41.68612221300003],[-105.47995679899998,41.31307780700007],[-105.37502525299999,41.26516059800008],[-105.13994755199997,41.21328848500008],[-104.88144263099997,41.28338148100005],[-104.37634843499995,41.38472974500007],[-104.20884261399999,41.526093874000026],[-104.13360320099997,41.63767199000006],[-104.10213077499998,41.782050190000064],[-104.11375052399995,41.882188908000046],[-104.18739756899998,41.96060941400003],[-104.56413556199999,42.11101605300007]]],[[[-74.79525814499993,40.51141239200007],[-74.74973935599996,40.51140021900005],[-74.43867348699996,40.62040680400003],[-74.39488125899999,40.65017100000006],[-74.58488568699994,40.68094290400006],[-74.77288051099998,40.65465856900005],[-74.84630169499997,40.60099851000007],[-74.85916132299997,40.57047901200008],[-74.85453378399995,40.53601328800005],[-74.82816442199999,40.51141100900003],[-74.79525814499993,40.51141239200007]]],[[[-72.45307255799997,40.977024810000046],[-72.47605230199997,40.98075176900005],[-72.45909215199998,40.964459195000074],[-72.45307255799997,40.977024810000046]]],[[[-72.27262206599994,41.07517699600004],[-72.32979676999997,41.10566787500005],[-72.37517641999995,41.072739401000035],[-72.35265443999998,41.044491562000076],[-72.31334015699997,41.051235950000034],[-72.26979918699993,41.03016355900007],[-72.27870269599998,41.06216506100003],[-72.31065461099996,41.07023314600008],[-72.27262206599994,41.07517699600004]]],[[[-72.08290185399994,41.08930664400003],[-72.12234583699995,41.118962106000026],[-72.14094630499994,41.09992676000007],[-72.10681238299998,41.086766054000066],[-72.09382714599997,41.05237273700004],[-72.08290185399994,41.08930664400003]]],[[[-71.89371569399998,41.079109962000075],[-71.92233356399998,41.07991867700008],[-71.91320117099997,41.055596163000075],[-71.95266041499997,41.071228794000035],[-71.95945820599997,41.04508285400004],[-71.99478994399993,41.04560546700003],[-72.04978263399994,41.01804808600008],[-72.03805625199993,41.00865248500003],[-72.05725944499994,41.01461867300003],[-72.10092248299998,40.99354246400003],[-72.14234248099996,41.01915434700004],[-72.16210262099997,41.05236129100007],[-72.18306057199999,41.008415969000055],[-72.20306485199995,41.02391890300004],[-72.19250576499996,41.02818373400004],[-72.24046415599997,41.045307911000066],[-72.25278563399996,41.04244307400006],[-72.24264616399995,41.037644182000065],[-72.25285429399997,41.014298231000055],[-72.30976196699999,40.99530866300006],[-72.30407806699998,41.02694013900003],[-72.32876679699996,41.03345945700005],[-72.31813904499995,41.01231458600006],[-72.32797333799994,40.99667050900007],[-72.35908601899996,40.99562528100006],[-72.36929415299994,41.01267316600007],[-72.39816378699999,40.95164562800005],[-72.43666935399995,40.94803692100004],[-72.43870639999994,40.914952044000074],[-72.48688604199998,40.89794611800005],[-72.48594004099994,40.88021430600003],[-72.41136263899995,40.872532603000025],[-72.46341038599996,40.849728336000055],[-72.45140171299994,40.846268406000036],[-72.40395449399995,40.86100840100005],[-71.85791856399999,41.06356506900005],[-71.89371569399998,41.079109962000075]]],[[[-72.23798460999996,41.15193253600006],[-72.27295776499994,41.16144639200007],[-72.35846804599998,41.13316040300003],[-72.39292239999997,41.09904555900005],[-72.44347478199995,41.08664778700006],[-72.56690316299995,41.007385989000056],[-72.52719301499997,40.97894599700004],[-72.47937109099996,40.988545197000064],[-72.46805669599996,41.01097180800008],[-72.43720341399995,40.99207761100007],[-72.44289494599997,41.02943876300003],[-72.38958071999997,41.036316663000036],[-72.38668917999996,41.046688827000025],[-72.41867924099995,41.05382231200008],[-72.41391849899998,41.06505659800007],[-72.37917422499999,41.078736105000075],[-72.32804963899997,41.13104706200005],[-72.27027221699996,41.140038305000076],[-72.29265686599996,41.11744766400005],[-72.23798460999996,41.15193253600006]]],[[[-72.16312496799998,41.185864278000054],[-72.19997495399997,41.181374376000065],[-72.19853299699997,41.16000062300003],[-72.16312496799998,41.185864278000054]]],[[[-71.56064234799999,41.20090455400003],[-71.56057045299997,41.221508835000066],[-71.57723695999994,41.229482982000036],[-71.58468791299998,41.201377337000054],[-71.56380511999998,41.176525653000056],[-71.59458333699996,41.18896789000007],[-71.61247625999994,41.15524675900008],[-71.54953071199998,41.15662463600006],[-71.56064234799999,41.20090455400003]]],[[[-70.80489683899998,41.24905640700007],[-70.80902907299998,41.25920189000004],[-70.83042190299994,41.25795448300005],[-70.80489683899998,41.24905640700007]]],[[[-70.76251477099999,41.32673409200004],[-70.76169452199997,41.32826882300003],[-70.76384914099998,41.328019734000065],[-70.76251477099999,41.32673409200004]]],[[[-70.90835528999997,41.42301202800007],[-70.90844449299993,41.42304495700006],[-70.90835669899997,41.42297916600006],[-70.90835528999997,41.42301202800007]]],[[[-70.93017297999995,41.42331386500007],[-70.92861094999995,41.43086564400005],[-70.94396764599998,41.41366005900005],[-70.93017297999995,41.42331386500007]]],[[[-70.24612126499994,41.305852780000066],[-70.27661996099994,41.30922920200004],[-70.26153591499997,41.29320612400005],[-70.23980063799996,41.29391447300003],[-70.24612126499994,41.305852780000066]]],[[[-70.29996514199996,41.32848775300005],[-70.30267870499995,41.329797608000035],[-70.30198144899998,41.32858936200006],[-70.29996514199996,41.32848775300005]]],[[[-70.29657876199997,41.32955585000008],[-70.29730668299999,41.32947997800005],[-70.29516629899996,41.32892695500004],[-70.29657876199997,41.32955585000008]]],[[[-70.85813950899995,41.43644420100003],[-70.85955332499998,41.447561679000046],[-70.90519254899993,41.42628006600006],[-70.87112474299994,41.42244044500006],[-70.85813950899995,41.43644420100003]]],[[[-70.29402869599994,41.33300269600005],[-70.28855278199995,41.33667216200007],[-70.31214933699994,41.33725825500005],[-70.29402869599994,41.33300269600005]]],[[[-70.83133864399997,41.44130684800007],[-70.82100486399997,41.445019890000026],[-70.83884413799996,41.45541218100004],[-70.83133864399997,41.44130684800007]]],[[[-70.55755322899995,41.42073913300004],[-70.55935346999996,41.42224147100006],[-70.55939521099998,41.42144863300007],[-70.55755322899995,41.42073913300004]]],[[[-70.98440603399996,41.50917904500005],[-70.98435777499998,41.51506501100005],[-70.98556028099995,41.50915529200006],[-70.98440603399996,41.50917904500005]]],[[[-70.54989444599994,41.41953373800004],[-70.55549901499995,41.43065648500004],[-70.55467823099997,41.42290382700003],[-70.54989444599994,41.41953373800004]]],[[[-70.98320149199998,41.51801969400003],[-70.98359130699998,41.518831308000074],[-70.98434865799999,41.51510981300004],[-70.98320149199998,41.51801969400003]]],[[[-70.62589245299995,41.45449557500007],[-70.62581835799995,41.45494318100003],[-70.62662149199997,41.45452671500004],[-70.62589245299995,41.45449557500007]]],[[[-70.45162234699995,41.42015926800008],[-70.47266781399998,41.402404001000036],[-70.45036839699998,41.41416251000004],[-70.45136286899998,41.36299027200005],[-70.46263995199996,41.40062268400004],[-70.50660741099995,41.38656322200006],[-70.46125064399996,41.34808055000008],[-70.44958529599995,41.35070506200003],[-70.45162234699995,41.42015926800008]]],[[[-70.98285498599995,41.52193614600003],[-70.98018713499994,41.52548031100008],[-70.98159104999996,41.52865839200007],[-70.98285498599995,41.52193614600003]]],[[[-70.58933849199997,41.45571869300005],[-70.58781863299998,41.45689278700007],[-70.59015040199995,41.45665913600004],[-70.58933849199997,41.45571869300005]]],[[[-70.96856050799994,41.53884175500008],[-70.96865265699995,41.54047021400004],[-70.96996347199996,41.53969288300004],[-70.96856050799994,41.53884175500008]]],[[[-70.59791603999997,41.474373752000076],[-70.62057625499995,41.47327345600007],[-70.62126048399995,41.45376845700008],[-70.65937845999997,41.45981304800006],[-70.70138521699994,41.430981872000075],[-70.76091809999997,41.36058511900006],[-70.76675458799997,41.32885446200004],[-70.75647604299996,41.32760107100006],[-70.78809401199999,41.33532418900006],[-70.77387047599996,41.34974345400008],[-70.83547123899996,41.351946145000056],[-70.83397876799995,41.34197231700006],[-70.77366453799993,41.301306657000055],[-70.74650217199996,41.33073341900007],[-70.70771239599998,41.342369646000066],[-70.48745423699995,41.34719429300003],[-70.50947606199998,41.356175337000025],[-70.51564289299995,41.399332006000066],[-70.56499518799995,41.41468135900004],[-70.57029761999996,41.43060772300004],[-70.55403801799997,41.44257458800007],[-70.56610908299996,41.469155245000024],[-70.60890999799994,41.429066584000054],[-70.59791603999997,41.474373752000076]]],[[[-70.70134093499996,41.504457923000075],[-70.70298479999997,41.504775617000064],[-70.70499270299996,41.50230065200003],[-70.70134093499996,41.504457923000075]]],[[[-70.70091538699995,41.50573435800004],[-70.69881637799995,41.50607598400006],[-70.70015611199995,41.50903296800004],[-70.70091538699995,41.50573435800004]]],[[[-70.71147962899994,41.51490840800005],[-70.80172973099997,41.46702124900003],[-70.80183115299997,41.447418319000064],[-70.70518760099998,41.496733826000025],[-70.71147962899994,41.51490840800005]]],[[[-70.70234732999995,41.51227897800004],[-70.70234846199997,41.513423000000046],[-70.70499505799995,41.51289749800003],[-70.70234732999995,41.51227897800004]]],[[[-70.69507216299996,41.50635210000007],[-70.69554943499998,41.511788307000074],[-70.69941242599998,41.51334316000003],[-70.69507216299996,41.50635210000007]]],[[[-70.70578642899994,41.51342604000007],[-70.70357408299998,41.51501822700004],[-70.71024889899996,41.51715315200005],[-70.70578642899994,41.51342604000007]]],[[[-70.03644425199997,41.383260129000064],[-70.04443085999998,41.38978123900006],[-70.02354669599998,41.36660423700005],[-70.02975213599996,41.34322872100006],[-70.08915971199997,41.297903983000026],[-70.04548524299997,41.31640579400005],[-70.01684674299997,41.34948637400004],[-70.00114079299993,41.32505189300008],[-70.02818317899994,41.31297771100003],[-70.01126237899996,41.30584059500006],[-70.09155537399994,41.27818421100005],[-70.10704646899995,41.29627940900008],[-70.19242120699994,41.294789226000034],[-70.21357752399996,41.27458277000005],[-70.11251678299993,41.24142223500007],[-69.97515123599999,41.24836435900005],[-69.95940431999998,41.272152679000044],[-69.96635454399996,41.28774348400003],[-70.03644425199997,41.383260129000064]]],[[[-70.85047197499995,41.60390181500003],[-70.85064915899994,41.60458127100003],[-70.85035872299994,41.60240360000006],[-70.85047197499995,41.60390181500003]]],[[[-70.82620565299999,41.60163933200005],[-70.83660666099996,41.60012062100003],[-70.82302903499993,41.58378691400003],[-70.82620565299999,41.60163933200005]]],[[[-70.53505337199994,41.556361725000045],[-70.53157962099993,41.56593541900003],[-70.54680973599994,41.55291174800004],[-70.53505337199994,41.556361725000045]]],[[[-70.53285619499997,41.565808048000065],[-70.53012458099994,41.571325896000076],[-70.53373864199995,41.56768801100003],[-70.53285619499997,41.565808048000065]]],[[[-70.64577163199993,41.603059735000045],[-70.64510057199993,41.604371005000075],[-70.64738590299999,41.605765903000076],[-70.64577163199993,41.603059735000045]]],[[[-70.45969957599993,41.58191420600008],[-70.45991090399997,41.58140843800004],[-70.45899731399999,41.58028521500006],[-70.45969957599993,41.58191420600008]]],[[[-70.45985143999997,41.58220423000006],[-70.46216893799993,41.58818012100005],[-70.46305054999993,41.58507039800003],[-70.45985143999997,41.58220423000006]]],[[[-70.41501885499997,41.60677483500007],[-70.40853603699998,41.60735077000004],[-70.41779296199996,41.60836082600008],[-70.41501885499997,41.60677483500007]]],[[[-70.61862170899997,41.65846834100006],[-70.61670061899997,41.65942744000006],[-70.62054509199999,41.65963444800008],[-70.61862170899997,41.65846834100006]]],[[[-70.40682253999995,41.623143165000045],[-70.41802725099996,41.60918242400004],[-70.40518097999995,41.61275098100003],[-70.40682253999995,41.623143165000045]]],[[[-70.62093139199999,41.71444373200006],[-70.62210301499994,41.70993277500003],[-70.61876115499996,41.71284424100003],[-70.62093139199999,41.71444373200006]]],[[[-70.64434407599998,41.73487540100007],[-70.64454739599995,41.73487808500005],[-70.64434264599998,41.73483539800003],[-70.64434407599998,41.73487540100007]]],[[[-70.48145805099995,41.76702170800007],[-70.55812453099998,41.772267758000055],[-70.63469737599996,41.72293565800004],[-70.61602002999996,41.72101582800008],[-70.61771336599998,41.700857805000055],[-70.65608214199995,41.68673350000006],[-70.62904862199997,41.693104696000034],[-70.61601337899998,41.67732001300004],[-70.65422745099994,41.66606385500006],[-70.62447905799996,41.65913305400005],[-70.64984172499999,41.64041229600008],[-70.63844541099996,41.57693670900005],[-70.68709881799998,41.52236664900005],[-70.65870136699994,41.51694379000003],[-70.59078218199994,41.54529477500006],[-70.57361341799998,41.57626744400005],[-70.57099060199994,41.54725624800005],[-70.56770388299998,41.567507971000055],[-70.55174482099994,41.54973815400007],[-70.52361961899999,41.57994558900003],[-70.49400557599995,41.56931021200006],[-70.51915892199997,41.55118705800004],[-70.48088109299994,41.55701918700004],[-70.45726048099993,41.577256162000026],[-70.47444523199994,41.58407797900003],[-70.47555987399994,41.61166975100008],[-70.45550555499995,41.61526722100007],[-70.45641306599998,41.596877336000034],[-70.44398015799999,41.59704402400007],[-70.40592249499997,41.649219704000075],[-70.38881347899996,41.61084273800003],[-70.37253928499996,41.614193217000036],[-70.36404218199993,41.73666741300008],[-70.48145805099995,41.76702170800007]]],[[[-70.57710184299998,41.944368275000045],[-70.63074984299993,41.94999784400005],[-70.88958692299997,41.764148671000044],[-70.95123456299996,41.677469047000045],[-70.97942579599999,41.53929307800007],[-70.97054394299994,41.545615646000044],[-70.95728726799996,41.51924734900007],[-70.93778137399994,41.540310447000024],[-70.96104482699997,41.59669203200008],[-70.94377769699997,41.583316696000054],[-70.93017349899998,41.610263244000066],[-70.90933037299999,41.59354405200003],[-70.90281297899998,41.604820722000056],[-70.92329457299996,41.63329787500004],[-70.91932050299994,41.670177402000036],[-70.89940692899995,41.62501616700007],[-70.86982023099995,41.62511422400007],[-70.85725836499995,41.58496798400006],[-70.85224962599995,41.61071868100004],[-70.86699142299994,41.63265847400004],[-70.81017488599997,41.62486071200004],[-70.80097526399999,41.630159433000074],[-70.82566447099998,41.648346900000035],[-70.81802415399994,41.657299959000056],[-70.76223556899998,41.649145547000046],[-70.76115028999999,41.67157301800006],[-70.74472090699999,41.673687904000076],[-70.75803171699994,41.71753661100007],[-70.72222439199999,41.681548631000055],[-70.71363111699998,41.705731368000045],[-70.73188063499998,41.72400377100007],[-70.70927987099998,41.74565311200007],[-70.72049848299997,41.76418333600003],[-70.69846862999998,41.76247587100005],[-70.70965159699995,41.76201256400003],[-70.70732604399996,41.732066942000074],[-70.65815777099994,41.71582887500006],[-70.67098536299994,41.69636104600005],[-70.65284587399998,41.71298427900007],[-70.67347972999994,41.74329879100003],[-70.65475650399998,41.74170156500003],[-70.66067834799998,41.74991088300004],[-70.64425136099999,41.73684485700005],[-70.62394065499996,41.765153733000034],[-70.60337987899999,41.76455589900007],[-70.62023461499996,41.754136766000045],[-70.61298495899996,41.74316092500004],[-70.55711813499994,41.77458244600007],[-70.49945911599997,41.776102784000045],[-70.54482308399997,41.81855869700007],[-70.53021279099994,41.85068989700005],[-70.53885277099994,41.92223930400007],[-70.57710184299998,41.944368275000045]]],[[[-71.40468560699998,42.19111642200005],[-71.28283130899996,42.24195265000003],[-71.25230760699998,42.30221800400005],[-71.25672729499996,42.35362791400007],[-71.19447421599995,42.62694346600006],[-71.11780956299998,42.79133484000005],[-70.88315096099996,42.863287773000025],[-70.86444735799995,42.88906023200008],[-70.88604203399996,42.90997589700004],[-71.21059867699995,42.92691094300005],[-71.36215264899994,42.866553510000074],[-71.47569672299994,42.60386114100004],[-71.50522049199998,42.36043055300007],[-71.51169040399998,42.22860564200005],[-71.47724662399997,42.18644799600003],[-71.40468560699998,42.19111642200005]]],[[[-100.17281289899995,45.24689919200006],[-100.39720427299994,45.35478373900003],[-100.58144552299996,45.47277674600008],[-100.70972902499994,45.60141891500007],[-100.93267839499998,45.77513731500005],[-101.15761883699997,45.81976877400007],[-101.65528317299999,45.82263945700004],[-101.83615765799999,45.78845397500004],[-101.86653101099995,45.70381656500007],[-101.87738663599998,45.582177125000044],[-101.82723593999998,45.255122465000056],[-101.72692189299994,45.08547296800003],[-101.56358883599995,45.050755270000025],[-101.14764661399994,44.92375558800006],[-101.06799977299994,44.787028408000026],[-100.90729492499997,44.626884182000026],[-100.04845074399998,44.734925899000075],[-99.71762483899994,44.808689005000076],[-99.31978305599995,45.04941463600005],[-99.31451335599996,45.15906230500008],[-99.38355815199998,45.255558077000046],[-99.56702490899994,45.28104982000008],[-99.92615177199997,45.24690621700006],[-100.15092018699994,45.23633634300006],[-100.17281289899995,45.24689919200006]],[[-100.37093407399999,44.88501540400006],[-100.66660574999997,44.96967878000004],[-100.68649422199996,45.01523518700003],[-100.56999649199997,45.02355462400004],[-100.29237595899997,44.985400163000065],[-100.20327853899994,44.89881222400004],[-100.25699418899995,44.85858165600007],[-100.37093407399999,44.88501540400006]]],[[[-89.43559689399996,45.80982343100004],[-89.16464983099996,45.796418446000075],[-89.05356986599998,45.882201819000045],[-89.19116728099999,45.980635402000075],[-89.67805014499999,46.06382157400003],[-89.90122456899996,46.23706150500004],[-89.90432248999997,46.31239939900007],[-89.62555169699993,46.430898299000035],[-89.52514883199996,46.52877020300008],[-89.53704992899998,46.61025027300008],[-89.63119967199998,46.725213186000076],[-89.73128588599997,46.75154780400004],[-89.85729680399999,46.745408902000065],[-89.97413774799998,46.68348505000006],[-90.37306727999999,46.54657863500006],[-90.38584997699996,46.52674144000008],[-90.53586213999995,46.49867466100005],[-90.87459687899997,46.34077175500005],[-90.99425161899995,46.19415578400003],[-91.01963447299994,46.00834272600008],[-90.79440371699997,45.90853980300005],[-90.46453179099996,45.84781716600003],[-90.16037190899999,45.823137710000026],[-89.82476675799995,45.77250186500004],[-89.43559689399996,45.80982343100004]]],[[[-96.80356811399997,46.599140024000064],[-96.69429277899997,46.65810337900007],[-96.69669740099994,46.88559168900008],[-96.47339904899997,47.11040950000006],[-96.40303156599998,47.304278124000064],[-96.42035094599999,47.42199417100005],[-96.73817515699994,47.648740746000044],[-96.91116793599997,47.69752129600005],[-97.05971560499995,47.54369262600005],[-97.43187326899994,46.87762255100006],[-97.31087747199996,46.62937365400006],[-97.02153723099997,46.55175927500005],[-96.80356811399997,46.599140024000064]]],[[[-104.53489462499999,47.64945740200005],[-104.92326199099995,47.64583505100006],[-105.25206172799994,47.441291172000035],[-105.38859970099998,47.25797958900006],[-105.40886588299998,47.120414581000034],[-105.19557788499998,46.694439448000026],[-105.16440390399998,46.42603911000003],[-105.17122629499994,46.031408042000066],[-105.27562897199999,45.670508350000034],[-105.49461068999994,45.331194708000055],[-105.67062933699998,45.17283915400003],[-105.83316573399998,45.103630655000075],[-105.93360653599996,45.028075631000036],[-106.09867621099994,44.794858273000045],[-106.39614888099999,44.63639372700004],[-106.78082527599997,44.56848351300005],[-106.86561088399998,44.58031929600003],[-106.96052246199997,44.64849876200003],[-107.16334951199997,44.67857507100007],[-107.35842926399994,44.80880562200008],[-107.40563846399999,44.91209514700006],[-107.85688751299995,45.16539494800003],[-108.07180969599995,45.21330732500007],[-108.23114074199998,45.50520485000004],[-108.26510606199997,45.62969041400004],[-108.26332621499995,45.77386165900003],[-108.23239508899997,45.88478599800004],[-108.22911903399995,45.97191184400003],[-108.12416192799998,46.13205385300006],[-107.91374025399995,46.22195013900006],[-107.64378783199999,46.304493552000054],[-107.44149030799997,46.40155790400007],[-107.38584727599999,46.52740163400006],[-107.44489154799999,46.64367778600007],[-107.53665280999996,46.723533650000036],[-107.64428114599997,46.781792910000036],[-107.85149320199997,46.86827228400006],[-108.32672847499998,46.855601841000066],[-109.38447193299999,46.56804464600003],[-109.50615350599998,46.61571592800004],[-109.61750185299996,46.61245856000005],[-110.00337010799996,46.741378575000056],[-110.31355006099994,46.82301350100005],[-110.70042893899995,46.79064460300003],[-110.80640645099999,46.82657058900003],[-110.94058742499999,46.77127607600005],[-111.00974744899997,46.68916169100004],[-111.06313281399997,46.581680162000055],[-111.05328576499994,46.454153630000064],[-110.99953080499995,46.304491993000056],[-110.76247068899994,46.25381867400006],[-110.41221877499999,46.131648048000045],[-110.26015868799999,46.147775307000074],[-110.13340324499995,46.088746498000035],[-109.88754433299994,45.818735090000075],[-109.77925277999998,45.74347469800006],[-109.52537736299996,45.66830572400005],[-109.50143553399994,45.55086066100006],[-109.36318728499998,45.44010079000003],[-109.26642531699997,45.29644245600008],[-109.210740682,45.12870419800004],[-109.26578653399997,44.89274728200007],[-109.56031331299994,44.83497896200004],[-109.67085536299999,44.72218660900006],[-109.73790468699997,44.46840208100008],[-109.72610718499999,44.29443127300004],[-109.68833814099997,44.108559480000054],[-109.85598408099997,43.96365630500003],[-109.84961982099998,43.85767055100007],[-110.15478227899996,43.76779538200003],[-110.53904317799999,43.71939331800007],[-110.64274524499996,43.79826008500004],[-110.79024188599999,44.06644675800004],[-110.93469815699996,44.26012989900005],[-111.07750362799999,44.38750515000004],[-111.39989442399997,44.520031919000076],[-111.71868812499997,44.57100429500008],[-112.10870780899995,44.57455815900005],[-112.53092581799996,44.53282526300006],[-112.95630444299996,44.601550675000055],[-113.25043122199997,44.79055678800006],[-113.35318497399999,44.780174859000056],[-113.46033509399996,44.74666227900008],[-113.73386833999996,44.63764832500004],[-114.00170979299997,44.116482176000034],[-113.63963722299997,43.51942567200007],[-113.61703121499994,43.42805982100003],[-113.63297970599996,43.39864490600007],[-113.75778350499996,43.325623171000075],[-114.03356003399995,43.322047559000055],[-114.60395684199995,43.47976236300008],[-114.86538886699998,43.493896250000034],[-115.18319013699994,43.417235840000046],[-115.49272748099997,43.303231753000034],[-115.73787127299994,43.266324379000025],[-116.42242232699999,43.206777213000066],[-117.34608349399997,43.21353761600005],[-117.61457353199995,43.309643763000054],[-117.86598744099996,43.49367812700007],[-118.02720305899999,43.831761423000046],[-118.03483690899998,44.07179037000003],[-117.93674347899997,44.256098629000064],[-117.64875016799999,44.41204662100006],[-117.36746295699999,44.495401978000075],[-117.08870281699996,44.715616080000075],[-116.63783927399999,45.24887546200006],[-116.60782452699999,45.36952263100005],[-116.62601691099997,45.489540599000065],[-116.68652494099996,45.589379920000056],[-116.84714017299996,45.605306416000076],[-117.00535131199996,45.525647486000025],[-117.34410944899997,45.31786968800003],[-117.52858215599997,45.31000411400004],[-117.68778104799998,45.39903798200004],[-117.75623512199996,45.614571641000055],[-117.95755178199994,45.906426390000036],[-118.41411397299998,46.00328245000003],[-118.88373475799995,45.95122770800003],[-119.08314151999997,45.809915456000056],[-119.45627777599998,45.41062911300003],[-119.74066406499998,45.27144320700006],[-120.05101264399997,45.14886144700006],[-121.10621532099998,44.98822542000005],[-121.47105615599997,44.789915929000074],[-121.59489640199996,44.70240633600008],[-121.70615296699998,44.59570224300006],[-121.908268739,44.54185479000006],[-122.11881344299996,44.53431756800006],[-122.73380927399995,44.58923090500008],[-122.907018575,44.56042576600004],[-123.11563111299995,44.46681347400005],[-123.32486028399995,44.28533347900003],[-123.43180376299995,44.05085666600007],[-123.73280231899997,43.78593710400003],[-124.00933651399998,43.422184179000055],[-124.31040340699997,43.29866516000004],[-124.30389307999997,43.29030745100005],[-124.38140773799995,43.26937238600004],[-124.45623680299997,43.00582637100007],[-124.55740255799998,42.838887570000054],[-124.52911275399998,42.80426919300004],[-124.51307575099997,42.73287331500006],[-124.49232379699998,42.74124657900006],[-124.46958819499997,42.72601830900004],[-124.45117845499999,42.676988004000066],[-124.41593827399998,42.66076409900006],[-124.40042770499997,42.618012786000065],[-124.38997542399994,42.56511056100004],[-124.43427167299996,42.434155806000035],[-124.41218457199994,42.42845665100003],[-124.37839398099999,42.44720589100007],[-124.37711986999994,42.43541847600005],[-124.42680249199998,42.412099226000066],[-124.43030436899994,42.32014212800004],[-124.40847666399998,42.29624686500006],[-124.41095621,42.252068853000026],[-124.36241798299994,42.18214163700003],[-124.35152319399998,42.108373018000066],[-124.29704166999994,42.051343297000074],[-124.21184420099996,41.99562583300008],[-124.19912598799999,41.93516669200005],[-124.20404694999996,41.944081639000046],[-124.22300598099997,41.840638485000056],[-124.25736114199998,41.78345998100008],[-124.15945309799997,41.72930654400005],[-124.09979119799999,41.561478933000046],[-124.05403007899997,41.538121544000035],[-124.08450188599994,41.543851217000054],[-124.07118093899999,41.39573795800004],[-123.83553560799999,41.46548918000008],[-123.55928516999995,41.767989519000025],[-123.38172018899996,41.99893456800004],[-123.07518862899997,42.19593032900008],[-122.18203834099995,42.23573997200003],[-121.96173814399998,42.305567833000055],[-121.85320920599997,42.39024730500006],[-121.74209853499997,42.60455498600004],[-121.51414096299999,43.15156194600007],[-121.32821976199995,43.357303613000056],[-120.60682785699998,43.56301128300004],[-120.186188346,43.61314646500006],[-119.77971977199996,43.59520374700003],[-119.36279428799998,43.392603945000076],[-119.07690718099997,43.180404880000026],[-118.79087206099996,42.902172130000054],[-118.65283709899995,42.70000949900003],[-118.56645576099999,42.46698720300003],[-118.55372178399995,42.374784025000054],[-118.47033815299994,42.298734824000064],[-118.29616318699999,42.18044878200004],[-118.15704251199998,42.02602408900003],[-118.13573455699998,41.87038168300006],[-118.08019399799997,41.66206751000004],[-118.12949019199999,41.34914321300005],[-118.19817164399996,41.15483663500004],[-118.333649262,40.966774368000074],[-118.49833173099995,40.846115542000064],[-118.82675404399998,40.37401462400004],[-118.88264635999997,40.21122598900007],[-118.85800072999996,40.12607041100006],[-118.570184128,40.062267579000036],[-117.81877104299997,40.05440348600007],[-117.71114092699997,39.98160231000003],[-117.56742752699995,39.72548902600005],[-117.51129176099994,39.58441321200007],[-117.38722219499999,39.480348940000056],[-117.08454289099996,39.306561816000055],[-116.52005821699998,39.22160953800005],[-115.95516575699997,39.10432691700004],[-115.81898227799996,38.991188427000054],[-115.46301471899994,38.78804812300007],[-115.45816379299998,38.67370998700005],[-115.49952684199997,38.561986997000076],[-115.44334438699997,38.42584273800003],[-115.31067748199996,38.341936804000056],[-115.00430368999997,38.31335691500004],[-114.76172988699994,38.16272076100006],[-114.53750476999994,37.83076575300004],[-114.38900661599996,37.297304316000066],[-114.47444717199994,36.80877559900006],[-114.49724328599996,36.31339645800006],[-114.15162207899999,35.85678900400006],[-113.77611545699995,35.65815085100007],[-113.72252448799998,35.58452198900005],[-113.41013885599995,35.54176938000006],[-112.48703436399995,35.553399117000026],[-112.29606750099998,35.59152135800008],[-112.06919636399999,35.68343457100008],[-111.77923858799994,35.92925178400003],[-111.48029969799995,35.96842724700008],[-111.23912128999996,35.93278865700006],[-111.00479582799994,35.80967956000006],[-110.81509937299995,35.666227081000045],[-110.65287859899996,35.476060981000046],[-110.49058606999995,35.218775967000056],[-110.39080977499998,34.93366415000003],[-110.31256724699995,34.145260206000046],[-110.26271444199995,34.02606606300003],[-110.44857672599994,33.706334654000045],[-110.46809482099997,33.51372132500006],[-110.40478522799998,33.409121191000054],[-110.27153639499994,33.29508141000008],[-110.12637929599998,33.20290601600004],[-109.97481172099998,33.15114925300003],[-109.73959567299994,33.17370129200003],[-109.49137734099997,33.17314350600003],[-109.23215146899997,33.09628118300003],[-109.09367914099994,32.96792858500004],[-109.06253128599997,32.768668888000036],[-108.85944812099996,32.37285052100003],[-108.85120719399998,32.27798345600007],[-108.82013252099995,32.17373545700008],[-108.88571316999997,32.005501767000055],[-108.884988309,31.79772528600006],[-108.84456630099999,31.42042787200006],[-108.85100256699997,31.332839763000038],[-108.20905550399999,31.334025603000043],[-108.20903264299994,31.78452807000008],[-107.83350154599998,31.783668988000045],[-107.81717286399999,31.88958622900003],[-107.82312508599995,32.04229545100003],[-107.87453348799994,32.19612144200005],[-107.88093857399997,32.400228113000026],[-107.78079763399995,32.551360627000065],[-107.33257353899995,32.71695315200003],[-107.20533817799998,32.80095927700006],[-107.10286311399994,32.93723724300003],[-106.84364505499997,33.03441570900003],[-106.33769639099995,33.17056835200003],[-106.24471216599994,33.327945578000026],[-106.13455905699999,33.445613114000025],[-105.92388308199997,33.47061737300004],[-105.81158251499994,33.44682037300004],[-105.74302340699995,33.37340139500003],[-105.65346716199997,33.07999756500004],[-105.38037521099994,32.65934150500004],[-105.27354754299995,32.56924152000005],[-105.00461438599996,32.46510937900007],[-104.79342095799996,32.47550667100006],[-104.54047801299998,32.999631875000034],[-104.50026041499996,33.259977769000045],[-104.53291572499995,33.575231443000064],[-104.48193977099999,33.85266534700003],[-104.03003528199997,34.18870482700004],[-103.40153522899999,34.41539453100006],[-102.80508908699994,34.510661467000034],[-102.50355340999994,34.53681239600007],[-102.05432618899994,34.54778358800007],[-101.95707554599994,34.62228771700006],[-101.79184133299998,34.65501225300005],[-101.53189938099996,34.64361482400005],[-101.29398929899997,34.593140575000064],[-101.15743946699996,34.49265010800008],[-101.20846921699996,34.189947860000075],[-101.07832957799997,34.11929849200004],[-100.92502155699998,33.646060661000035],[-100.66322421299998,33.63074245000007],[-100.44853102999997,33.59367372600008],[-100.08059554499994,33.797130182000046],[-99.82163368199997,33.85981762800003],[-99.68580453499999,33.91864543200006],[-99.52503149699999,33.937303866000036],[-99.43069850599994,34.01880785900005],[-99.16243687499997,34.15243788500004],[-98.98216817099996,34.32492121900003],[-98.57356851699996,34.64319323600006],[-98.53343237799999,34.687505944000065],[-98.51063622899994,34.76274728300007],[-98.42659169699999,34.87098923900004],[-98.13115724199997,35.00683483200004],[-98.01152026399996,35.038442349000036],[-97.89953202399994,35.09950065500004],[-97.68394482299999,35.28013733000006],[-97.45908574299995,35.41316843300007],[-97.33481731299997,35.45009839200003],[-97.23277566999997,35.504394595000065],[-97.14500136399994,35.61190851600003],[-97.02136606799996,35.648227433000045],[-96.94833444299996,35.702011414000026],[-96.91238197299998,35.779100526000036],[-96.92887781099995,35.920758481000064],[-96.95928223099997,35.98549752100007],[-97.01929268799995,36.044069712000066],[-97.10879020999994,36.08461917500006],[-97.45106945199996,36.151829304000046],[-97.75751949699998,36.248128923000024],[-97.84022139699994,36.28823177500004],[-97.91610124599998,36.349060372000054],[-97.97031598799998,36.430871178000075],[-98.03827480299998,36.465172660000064],[-98.28278906899999,36.41941819500005],[-98.41713619799998,36.428596706000064],[-98.65365254399995,36.37633114700003],[-98.77987518099997,36.36755874500005],[-98.88624610699998,36.42412040900007],[-98.89754684699994,36.524278081000034],[-98.84663811299998,36.75587069100004],[-98.86609844799995,36.873539023000035],[-98.94398079399997,36.94844494200004],[-99.13527915899999,37.03813023500004],[-99.33639415099998,37.16859672700008],[-99.44269247299997,37.189246266000055],[-99.56906310999995,37.156050821000065],[-99.70136750599994,37.09300064200005],[-99.85868966799995,37.08217272200005],[-99.98815758399996,37.113419055000065],[-100.14639763899999,37.11873092700006],[-100.21880394399994,37.06895490800008],[-100.15769410499996,36.781524148000074],[-100.18978752599998,36.68585403600008],[-100.19066450699995,36.567620333000036],[-100.23618269199994,36.44780814300003],[-100.33019096999999,36.39715646900004],[-100.39813834399996,36.41241356000006],[-100.41646946499998,36.47085300900005],[-100.42254407499996,36.70115592600007],[-100.48254901699994,36.82896522600004],[-100.59192792599998,36.90168099700003],[-100.81726599199999,36.90588887400003],[-100.92552753899997,36.95471581700008],[-101.06000203199994,37.05555852300006],[-101.20018547299998,37.23286883900005],[-101.23646266299994,37.319979215000046],[-101.29548254799994,37.61889822000006],[-101.35846871299998,37.651609232000055],[-101.47486396899995,37.687812430000065],[-101.62739431199998,37.69859694400003],[-101.92125145199998,37.67283785200004],[-102.13086745099997,37.822143220000044],[-102.52306495599998,37.60690268600007],[-102.92822215999996,37.61219848500008],[-102.97217986799996,37.541034137000054],[-103.03922966399995,37.49906916600003],[-103.03015992699994,37.44336955700004],[-103.09227220799994,37.380565337000064],[-103.17555884199999,37.38158182500007],[-103.49389450499996,37.462964218000025],[-103.62787857299998,37.51382525500003],[-103.64528796699994,37.56501171100007],[-103.70758699999999,37.631574260000036],[-103.73332676199999,37.72032686600005],[-103.69341468999994,37.82299472200003],[-103.62325543699995,37.910817079000026],[-103.44390121699996,37.945565747000046],[-103.30402198799999,37.918497079000076],[-103.23065710899999,37.86959535400007],[-103.09967832399997,37.87068852700003],[-102.99656143299995,37.91200874100008],[-102.94641732499997,38.094010912000044],[-102.82254861599995,38.190829794000024],[-102.74070626799994,38.23097217700007],[-102.63511265899996,38.17183802900007],[-102.63299630599994,38.12936256900008],[-102.60076341299998,38.07653647500007],[-102.40662953899994,38.068747905000066],[-102.00435155099996,38.13593010000005],[-101.90171724999999,38.093613772000026],[-101.73267146699999,38.07799447300005],[-101.41345737299997,38.09252159500005],[-101.19428896499994,38.193864577000056],[-101.10370012799996,38.26356770700005],[-100.97462604399999,38.27802852600007],[-100.97116443099998,38.31809919900007],[-101.04426291899995,38.380126381000025],[-101.17693191999996,38.415983503000064],[-101.31437638799997,38.41012312400005],[-101.47293965399996,38.379526009000074],[-101.64980265099996,38.389261230000045],[-101.92460428299995,38.47275876100008],[-102.03097488699996,38.58582633000003],[-102.39303975199999,38.661920251000026],[-102.58013521099997,38.92589808900004],[-102.78474931999995,39.00180125300005],[-102.89193612799994,39.02930283500007],[-102.95515619399998,39.019683540000074],[-103.01216310599995,38.97887905400006],[-103.05129835899999,38.90912190900008],[-103.12614901199998,38.86653230400003],[-103.25549475599996,38.921439761000045],[-103.33610073099999,38.995082523000065],[-103.49056940899999,39.086826925000025],[-103.68967545999999,39.16726803000006],[-103.84522692099995,39.19084839000004],[-104.20065988499994,39.161963265000054],[-104.41063867399998,39.16855491500007],[-104.66384657799995,39.23106708100005],[-104.72736234999996,39.292132869000056],[-104.78809888299998,39.389697142000045],[-104.74547095099996,39.445845649000034],[-104.63503933899995,39.52065691800004],[-104.42221569299994,39.607560586000034],[-104.26132314899996,39.79076338500005],[-104.09769787499994,40.05032617300003],[-104.04499636099996,40.37748403100005],[-103.99877361299997,40.45745791600007],[-103.88572762299998,40.577151628000024],[-103.74821040899997,40.621198562000075],[-103.50878786499999,40.952600043000075],[-103.07815512699995,40.91758064900006],[-102.42042817399994,40.919325180000044],[-102.05030277099996,40.854291749000026],[-101.82098932999997,40.89599835800004],[-101.60473504399994,40.603938361000075],[-101.48982727399999,40.57417008700003],[-101.36241756399994,40.59076557700007],[-101.21722763099996,40.645993205000025],[-101.07643684899995,40.76961606300006],[-100.88630174199994,40.820306723000044],[-100.82200988499994,40.770973414000025],[-100.79139396799997,40.688610554000036],[-100.86017746199997,40.54454567800008],[-100.67184523699996,40.30712512400004],[-100.53516930099994,40.234083155000064],[-100.59506075799999,40.16761096100004],[-100.85690938199997,40.173626323000065],[-100.77820888099995,40.05249879400003],[-100.73527035799998,39.87680187700005],[-100.56714347399998,39.75793325200004],[-100.36334749999997,39.69092061500004],[-100.27175643499999,39.76863753300006],[-100.04296982799997,39.832935183000075],[-99.94510505299996,39.81159569700003],[-99.70798552299999,39.80965378500008],[-99.42139500399998,39.97518746000003],[-99.26235973299998,40.021383127000036],[-99.10680207099995,40.10294441100007],[-99.04257682799994,40.16243353700003],[-99.00718441399994,40.23559434300006],[-98.99517133799998,40.33994631100006],[-98.81757871099995,40.60177513100007],[-98.84266362299996,40.75216461300005],[-98.93173697299994,40.84232319900008],[-99.10714238899999,40.944538316000035],[-99.28960203099996,40.98251342400005],[-99.82528148799997,41.31215408800006],[-99.79818159099995,41.42511041300003],[-99.45123133599998,41.42675319800003],[-99.33194576899996,41.47802893700003],[-99.06856119699995,41.73602874900007],[-98.89457419799999,41.79378114900004],[-98.27173611799998,41.87723280800003],[-97.88045314599998,41.87723798800005],[-97.80051859199995,41.798822990000076],[-97.10417574499996,41.80126366800005],[-97.04546578499998,41.83211612200006],[-97.01956403099996,41.862197233000074],[-96.97842366199995,42.08917336900004],[-96.89076716899996,42.195932851000066],[-96.76295480599998,42.20722125200007],[-96.67620595899996,42.243192531000034],[-96.61899655999997,42.342857121000065],[-96.58172627099998,42.52407369700006],[-96.60240121299995,42.666006467000045],[-96.72784880299997,42.72229571400004],[-96.77908104199997,42.719495377000044],[-96.82109930699994,42.76227058300003],[-96.86658241799995,42.92568673300008],[-97.01477573299996,42.95257218300003],[-97.34071790199994,43.11308702300005],[-97.44441524299998,43.382129408000026],[-97.40854862799995,43.55319782200007],[-97.02764758199999,43.72697519600007],[-96.29986945499996,43.80441353300006],[-96.14854712799996,43.87785139600004],[-96.06593759499998,44.00760225600004],[-96.01092571799995,44.14027404600006],[-96.02531557099996,44.250151293000044],[-96.11048323999995,44.47089266000006],[-96.10374554699996,44.57081770900004],[-96.13528103199997,44.727651295000044],[-96.23025478799997,44.86264893400005],[-96.34644525599998,44.90947979900005],[-96.42730424699994,44.849093081000035],[-96.44849144799997,44.63890600000008],[-96.52491801099995,44.488086159000034],[-96.61317177199999,44.39978822300003],[-97.06009774199998,44.08251414600005],[-97.30442846299997,43.93045585400006],[-97.50778221899998,43.86716191700003],[-97.65932406499996,43.88582332300007],[-97.84015695799997,43.88384608400003],[-98.33202629199997,44.03960433000003],[-98.79181170999999,44.00113297100006],[-98.99193693099994,43.92607684600006],[-99.14099986499997,43.77822142400004],[-99.24735390099994,43.61323029500005],[-99.19149373399995,43.50718875300004],[-98.97390299699998,43.48228435400006],[-98.87735858699995,43.28439837600007],[-98.63047784899999,43.093923251000035],[-98.71900379299996,42.99932693300008],[-98.95028615899997,42.98625597000006],[-99.14846960599999,43.03524167200004],[-99.48853649999995,42.860135015000026],[-99.53683245299999,42.71945731500006],[-99.72798583299999,42.59636429300008],[-100.09766742099998,42.62924665700007],[-100.52696631499998,42.63635543000004],[-100.91023415299998,42.67935354000008],[-101.17007122699994,42.76176659400005],[-101.35566854499996,42.76138871000006],[-101.78052899199997,42.70054627900004],[-101.99451955799998,42.69087250700005],[-102.09614048199995,42.73597368900005],[-102.07379737199994,42.81531037800005],[-101.97336845599995,42.89824582000006],[-101.58480161299997,43.05779135100005],[-101.48098915899999,43.23303415600003],[-101.49006250199994,43.34658428400007],[-101.67803669999995,43.491671652000036],[-101.82968704699994,43.63490928400006],[-102.11258760499999,43.76199422900004],[-102.62558918699995,44.33734038400007],[-103.05519388999994,44.59449720100008],[-103.13354679099996,44.660366440000075],[-103.44773794299999,44.78636861800004],[-103.96949061999999,45.07298915600006],[-104.16599320599994,45.208120060000056],[-104.42755561499996,45.57555558200005],[-104.34479544899995,46.05053559800007],[-104.28833712999995,46.15314794500006],[-104.26809661699997,46.26643474400004],[-104.14952904299997,46.273461817000054],[-104.07302941599994,46.121800388000054],[-104.04433013499994,45.977226683000026],[-103.97689373199995,45.93084461600006],[-103.74061444799997,45.92746107900007],[-103.36647785599996,45.97771994100003],[-102.86607393899999,46.00837089800007],[-102.67518504199995,46.002470207000044],[-102.43332061399997,45.961597992000065],[-102.01484848499996,45.922675921000064],[-101.88413086399999,45.95857683700007],[-101.74538815699998,46.053930206000075],[-101.73315600799998,46.16605542000008],[-101.77546494899997,46.34768466200006],[-101.90376114799994,46.37837824300004],[-102.37446227499998,46.40847425800007],[-103.18729971499994,46.36461975900005],[-103.42197919199998,46.400550130000056],[-103.62183408699997,46.51441899400004],[-103.69432634399999,46.65470322500005],[-103.70291902299999,46.792169364000074],[-103.73455634199996,46.91794689000005],[-103.73560025999996,47.03091862200006],[-103.75901003099995,47.11750821800007],[-103.75085717699994,47.19908422000003],[-103.79444430599995,47.59488882000005],[-103.93545732499996,47.65365656000006],[-104.16247305299999,47.68997121900003],[-104.30160367899998,47.63670615500007],[-104.53489462499999,47.64945740200005]],[[-107.86108371899996,44.87019071900005],[-107.61655800199998,44.81544574700007],[-107.36072584799996,44.72055573800003],[-107.19719416899994,44.54896383400006],[-107.04037602199998,44.42589396200003],[-107.01382185599999,44.24979440100003],[-107.04898457999997,44.197959344000026],[-107.12264238199998,44.173836737000045],[-107.33288569599995,44.255629758000055],[-107.52099953999999,44.357367175000036],[-107.67000853099995,44.480547251000075],[-107.99031672399997,44.69611207600008],[-108.00438191199999,44.831386069000075],[-107.93460070899994,44.86640027100003],[-107.86108371899996,44.87019071900005]],[[-105.35569992599994,44.520751390000044],[-104.87630157499996,44.62281518000003],[-103.96472144999996,44.67101964900007],[-103.61978279799996,44.64009385600008],[-103.43533992599998,44.52421574400006],[-103.25874406999998,44.336316415000056],[-103.15118801899996,44.25539158500004],[-103.07886395499997,44.156206765000036],[-103.05332869899996,44.045836534000046],[-103.06497415999996,43.76837205600003],[-103.03793288199995,43.68497144100007],[-103.02205382099999,43.498794125000074],[-102.98082191999998,43.429804682000054],[-102.80773549299994,43.25700331100006],[-102.70552663399997,43.189825703000054],[-102.47881749199996,43.11006375900007],[-102.38502034999999,43.14093703900005],[-102.26806884799998,43.23124951300008],[-102.14446413699994,43.27983906600008],[-102.01632909899996,43.27865365300005],[-101.98072167199996,43.20905849400003],[-102.01604993499996,43.05077717100005],[-102.12137492499994,42.910612179000054],[-102.25023139699994,42.81907602100006],[-102.43033851799999,42.74802525700005],[-102.80437242599999,42.65782029600007],[-102.93252640199995,42.55611862600006],[-102.96522682099999,42.477241468000045],[-103.12748018399998,42.39723599000007],[-103.11095324399997,42.31509038400003],[-102.97531865699995,42.174192909000055],[-102.84610394799995,42.17516949600008],[-102.94355206499995,42.098813576000055],[-103.25241197199995,41.96322551600008],[-103.35774515499998,41.89202165800003],[-103.36691429099994,41.82626744700008],[-103.27465322699999,41.79001176100007],[-103.13256772399995,41.81575478900004],[-102.97107952599998,41.889813864000075],[-102.73596631799995,41.95567014000005],[-102.25858840199999,42.02120231600003],[-101.61389842699998,42.02122418300007],[-101.49916027999996,41.99654626700004],[-101.46058886799995,41.915267038000025],[-101.46295593599996,41.63685920300003],[-101.53961038499995,41.49148745000008],[-101.61740851599995,41.464421781000055],[-101.71442573199994,41.47789400200003],[-101.82384720699997,41.54402229000004],[-101.70557334899996,41.61008949200004],[-101.57168883999998,41.61266442800007],[-101.56275507699996,41.69730350000003],[-101.66588437699994,41.83820171100007],[-102.13221899799998,41.867289338000035],[-102.11904663399997,41.808672382000054],[-102.17889139999994,41.75841983300006],[-102.28347829599994,41.705358198000056],[-102.29916259599997,41.598413949000076],[-102.23845852799997,41.43568716200008],[-102.21368409799999,41.09535129100004],[-102.30014984099995,41.05087957100005],[-102.62010412399997,41.02566230200006],[-102.79282272899997,41.054115883000065],[-103.25624734799999,41.055047545000036],[-103.45075159999999,41.03460153000003],[-103.63654079199995,40.980549875000065],[-103.79396290999995,40.89395254000004],[-103.95695086399996,40.86013930800004],[-104.03965375199999,40.81936385100005],[-104.07166698999998,40.75212777200005],[-104.04190395699999,40.62955010300004],[-104.06197457299999,40.52751924800003],[-104.10410781599995,40.457076062000056],[-104.08591320199997,40.45923835200006],[-104.18298066299997,40.26784343700007],[-104.39336132799997,40.03691977200003],[-104.52176140799997,39.83672659100006],[-104.55378002999998,39.75154362400008],[-104.52601863799998,39.725892513000076],[-104.49750225999998,39.64440784800007],[-104.80769997699997,39.511074989000065],[-104.91053604399997,39.350608556000054],[-104.88345091599996,39.217683031000035],[-104.63873217499997,39.14097873500003],[-104.26389319699996,39.08891136700004],[-103.78570156499995,39.111687826000036],[-103.44448533399998,38.88261111500003],[-103.31824572999994,38.76866938200004],[-103.21796523099994,38.71491244300006],[-103.07586387699996,38.70787238100007],[-102.90853812199998,38.725989785000024],[-102.82459288599995,38.75053818500004],[-102.69533940599996,38.65822265700007],[-102.53178058599997,38.62053048400003],[-102.33695764699996,38.54959400000007],[-102.16210686899996,38.52151315300006],[-102.05464927199995,38.46516321000007],[-102.03481615599998,38.355579430000034],[-102.14481687999995,38.29060154700005],[-102.32646546299998,38.248386812000035],[-102.72555305599997,38.28981409200003],[-103.02849510299995,38.24229655200003],[-103.06836381899996,38.21018248200005],[-103.03610716699995,38.11490332900007],[-103.04771188899997,38.079055107000045],[-103.12386176499996,38.00006291500006],[-103.26379814099994,37.97416676200004],[-103.39920513999999,37.989142069000025],[-103.67664689499998,37.984441950000075],[-103.78584309299998,38.00713795300004],[-103.85464065899998,38.07971717000004],[-103.88749851199998,38.172351838000054],[-103.82979347399998,38.276719581000066],[-103.72633675599997,38.38180422000005],[-103.71456279899996,38.51601288000006],[-103.87041776799998,38.60157314800006],[-104.12075397499996,38.66000179500003],[-104.13529072799997,38.78701529600005],[-104.12125602399999,38.838047431000064],[-104.14659060099996,38.90065761400007],[-104.33332939399997,38.94947857300008],[-104.81654010199998,38.932324505000054],[-105.05366446699998,38.951973742000064],[-105.23778446599994,38.94368121700006],[-105.32048775399994,38.882313010000075],[-105.22384676399997,38.52719545600007],[-105.08649441599994,38.44346756900006],[-104.94801182499998,38.41765424400006],[-104.87997791999999,38.38732697700004],[-104.66739969099996,38.09954962000006],[-104.48662449699998,37.77942672000006],[-104.41542797999995,37.691461608000054],[-104.25442498899997,37.59688773200003],[-104.12847291099996,37.56288335800008],[-104.02452594799996,37.48028199500004],[-103.96169233899997,37.33539773800004],[-103.66508836299994,37.19023348300004],[-103.16610572599996,37.180766565000056],[-103.10387241299998,37.20465188600008],[-103.03749607799995,37.281364032000056],[-102.91982581999997,37.47752772200005],[-102.69269710799995,37.56126511600007],[-102.57751628699998,37.528456247000065],[-102.35107768499995,37.54740751200006],[-102.22611206799996,37.50916673000006],[-102.18566396799997,37.42488747400006],[-102.14082249999996,37.281288749000055],[-102.15327980299998,37.16857962600005],[-102.14309579999997,36.99324165500008],[-102.02772357699996,36.90031926800003],[-101.83646492299994,36.83344018300005],[-101.77257855599998,36.74850286800006],[-101.93339793599995,36.60030655000003],[-102.16441576599999,36.56008691300008],[-102.59240985099996,36.540951144000076],[-102.78203522199999,36.486995243000024],[-102.87147955399996,36.43864004400007],[-102.91077067999998,36.40200579200007],[-102.93948732499996,36.14308181500007],[-102.94268899599996,36.05782097900004],[-102.89452924799997,35.87843995500003],[-102.94787370599994,35.78428276500006],[-103.42960806299999,35.32974939300004],[-103.58901813399996,35.20562662800006],[-103.90168392699997,34.99987138500006],[-104.00161436499997,35.013025354000035],[-104.09899653499997,35.079433616000074],[-104.47736469199998,35.45146462500003],[-104.66748191899995,35.52403687300006],[-105.04759994299997,35.588569120000045],[-105.36364111999995,35.53067228700007],[-105.48255123699994,35.55442787100003],[-105.56631252999995,35.62748307700008],[-105.68140410099994,35.82437164500004],[-105.72620865399995,36.02896477200005],[-105.86946326399999,36.227378619000035],[-105.97324218799997,36.325576701000045],[-106.07470996999996,36.37315896300004],[-106.39567409299997,36.464425206000044],[-106.62732571199996,36.44872995700007],[-106.77892707399997,36.335284408000064],[-106.84297155699994,36.25624052500007],[-106.86626551599994,36.12761045700006],[-106.84168094499995,35.95673048200007],[-106.71937982299994,35.74145843000008],[-106.53133513599994,35.525320143000044],[-106.39227297399998,35.41781648700004],[-106.22445098099996,35.33931012200003],[-105.81272114899997,35.09485813500004],[-105.62507877699994,35.043865448000076],[-105.45804995099996,34.957655215000045],[-105.35483937199996,34.85283032600006],[-105.28892836899996,34.752267603000064],[-105.24260145899996,34.602229425000075],[-105.23569424699997,34.47631294400003],[-105.29580423899995,34.365003381000065],[-105.41862051599998,34.301828482000076],[-105.59369842199999,34.26748956900008],[-105.81811610699998,34.30198457100005],[-106.03001280299998,34.363798376000034],[-106.38828959699998,34.53887352100003],[-106.59410008799995,34.60695063800006],[-106.81993450799996,34.639499184000044],[-107.09838078999996,34.62433270500003],[-107.26194959799994,34.57752848800004],[-107.41799347599999,34.46888030500003],[-107.66055273299997,34.17768887100004],[-107.73305379799996,34.01005232700004],[-107.87125533899996,33.84890235300003],[-108.06493337899997,33.73515393200006],[-108.25066520399997,33.72884920300004],[-108.40798497899999,33.79888542900005],[-108.70915421799998,34.00007644800007],[-108.85140559899997,34.07125039300007],[-109.00245826199995,34.24162826000003],[-109.03042667399995,34.35888268600007],[-109.01932530899995,34.487207660000024],[-108.88128628699997,34.79009131500004],[-108.86987425999996,34.91834093800003],[-108.94067206599999,35.044173029000035],[-109.04579516999996,35.10295029500003],[-109.34337908299995,35.21949613800007],[-109.47654827999997,35.31601429800003],[-109.58796006699998,35.441669682000054],[-109.632316318,35.58936937300007],[-109.62498624199998,35.680958503000056],[-109.57007308899995,35.80667154200006],[-109.39709966299995,35.94861574000004],[-108.98878811899999,36.201148588000024],[-108.88581762199999,36.28580229100004],[-108.81859438199996,36.43323704000005],[-108.84934260899996,36.56341086300006],[-108.95514908899997,36.638743489000035],[-109.04087072399994,36.74289670600007],[-109.12294339199997,36.96423091200006],[-109.15191053099994,37.127943318000064],[-109.14038961199998,37.302748345000055],[-109.15493387199996,37.392890829000066],[-109.05636602899995,37.62382848300007],[-108.81047271999995,37.54701278500005],[-108.58941849799999,37.422431990000064],[-108.52138859099995,37.316773100000034],[-108.48988808699994,37.181814116000055],[-108.40430365999998,37.127316019000034],[-108.21417086999998,37.106766969000034],[-108.01567850799995,37.031899933000034],[-107.52871667899996,36.99393369400008],[-107.31418005499995,37.014317583000036],[-107.06945255899996,36.96317912400008],[-106.72257649499994,36.94645301000003],[-106.50517177399996,36.992591454000035],[-106.50727800699997,37.10248615000006],[-106.54730353399998,37.19680110500008],[-106.65890374999998,37.31848090700004],[-106.89463112699997,37.43094182300007],[-107.10516700099998,37.49737021300007],[-107.38954726199995,37.50661075800008],[-107.63835716599999,37.67760763200005],[-107.77456706799995,37.972162671000035],[-107.75135379699998,37.987057321000066],[-107.76484705399997,38.089952190000076],[-107.88247090099998,38.27307351300004],[-107.79301894699995,38.36672735900004],[-107.62991597299998,38.29462088100007],[-107.43105288799995,38.258857642000066],[-107.18922257499997,38.24556109200006],[-107.09132375599995,38.268737876000046],[-107.01686245699995,38.32537105100005],[-106.99936156999996,38.40257958900003],[-107.61628521999995,38.89067289600007],[-107.82481429799998,38.97076991100005],[-108.00144268399998,38.967999115000055],[-108.12559431399995,38.88365576700005],[-108.22379706199996,38.852303934000076],[-108.40690754099995,38.69127762800008],[-108.82661147999994,38.71095732600003],[-108.92298407299995,38.73789310400008],[-109.09065072399994,38.86145615800007],[-109.13502614699996,38.951682368000036],[-109.22253391499999,39.04911357300006],[-109.34835183799999,39.068945761000066],[-109.46214496199997,39.05658631600005],[-109.54947813999996,39.010300836000056],[-109.84749634299999,39.01726637000007],[-109.90280596799994,39.077852912000026],[-109.88747961099995,39.17979543700005],[-109.73019449099996,39.36436302200008],[-109.63108703399996,39.659798984000076],[-109.53612431999994,39.75805570000006],[-109.45388062999996,39.808677301000046],[-109.34423188399995,39.829949415000044],[-109.19912508299996,39.77265318600007],[-109.08036809499998,39.56475782500007],[-108.94396058699999,39.53899998300005],[-108.81145396799997,39.63278344300005],[-108.75538805099995,39.764218870000036],[-108.75562450399997,39.87141213900003],[-108.73048715699997,39.99549264500007],[-108.66426867199999,40.10228226900006],[-108.53323951199997,40.16548640000008],[-108.39219064799994,40.172359037000035],[-108.27303506299995,40.14121010000008],[-108.12842093099994,40.126710692000074],[-107.99841718199997,40.176850665000075],[-107.84240943299994,40.28059255000005],[-107.51281117999997,40.38160478100008],[-107.06415816999998,40.42917489300004],[-106.98383577099997,40.469592360000036],[-106.96168140299994,40.45817801000004],[-106.68118726499995,40.49617069200008],[-106.34423736799994,40.41293741900006],[-106.10666802399999,40.389180950000025],[-106.02439569899997,40.401499899000044],[-105.79711780699995,40.313080951000074],[-105.61248193599994,40.150124222000045],[-105.44430448099996,40.149594454000066],[-105.24715551899999,40.30330748500006],[-105.23847513599998,40.48800235900006],[-105.39873700299995,40.60479050500004],[-105.55522876999999,40.75291414000003],[-105.75149528299994,40.99980910200003],[-105.79160548499999,41.12218677800007],[-105.97093522899996,41.29657483400007],[-106.07098684299996,41.56756487200005],[-106.38213441399995,41.59876226000006],[-106.47306253099998,41.710971338000036],[-106.19377478199999,41.96066192300003],[-106.22976681499995,42.098172272000056],[-106.37388953699997,42.12664643900007],[-106.52775673299999,42.13051687300003],[-107.44750265099998,42.27854681200006],[-107.81293307299995,42.47645508800008],[-108.21844593899999,42.468599538000035],[-108.34518754599998,42.58349276200005],[-108.46719041799997,42.65466189700004],[-108.65981282799999,42.73634689100004],[-108.73672777799999,42.80196285300008],[-108.72839974099998,42.96902033600003],[-108.65885373799995,43.123721448000026],[-108.68330448999995,43.206519772000036],[-108.66958761099994,43.27732021600008],[-108.71081153499995,43.38764388800007],[-108.84851144099997,43.48466908600005],[-108.90399988999997,43.56389705200007],[-108.94370339899996,43.68623988600007],[-108.92985229299995,43.73232623000007],[-108.97122061899995,43.786028342000066],[-109.37115435999999,43.78876542300003],[-109.54209438899994,43.82652298600004],[-109.68508837999997,43.95451787300004],[-109.59729679699996,44.05916048100005],[-109.57754075399998,44.18224282500006],[-109.57892024199998,44.277684358000045],[-109.63088108599999,44.62299479400008],[-109.502005425,44.70336553800007],[-108.43091320799999,44.48359873600003],[-107.99519437699996,44.49932195500003],[-107.78876594599996,44.44020505700007],[-107.64970261399998,44.36412031000003],[-107.47855515099997,44.22025792900007],[-107.2524072,44.092437904000064],[-107.06158153799998,44.094257826000046],[-106.93925608799998,44.16806227500007],[-106.76170310599997,44.35706247300004],[-106.59036356599995,44.41370576200006],[-106.44301393099994,44.41109340200006],[-106.24541271999999,44.32903699900004],[-106.13467889899994,44.31405928700008],[-105.98931878499997,44.348958820000064],[-105.87382596799995,44.41728412800006],[-105.72237473999996,44.47023054400006],[-105.53080945999994,44.478132849000076],[-105.35569992599994,44.520751390000044]],[[-98.81403307299996,42.541931239000064],[-98.93263862899994,42.680581662000066],[-98.96489393999997,42.75091056200006],[-99.05419542799996,42.78438337500006],[-99.23627563499997,42.81553194700007],[-99.25590662299999,42.90728723900003],[-99.21693669499996,42.966706301000045],[-99.04091809799996,42.97091631400008],[-98.92177423399994,42.89208146300007],[-98.76956452299999,42.89148615000005],[-98.74626836299996,42.663817909000045],[-98.64804307399999,42.608634994000056],[-98.52070747199997,42.60330860600004],[-98.39353137499995,42.68618959100007],[-98.42004535199999,42.80458136500005],[-98.53760825899997,42.834192477000045],[-98.54676725499996,42.938148338000076],[-98.36404994299994,42.928039141000056],[-98.20809310099997,42.94497876100007],[-97.66920209299997,42.910330402000056],[-97.38630323699994,42.94205730400006],[-97.31491672599998,42.931603960000075],[-97.27951172399997,42.87813936500004],[-97.31642090799994,42.825451343000054],[-97.61343975799997,42.81025362200006],[-97.51198549499998,42.78389487700008],[-97.51728421099995,42.72805741600007],[-97.07664171899995,42.733938538000075],[-96.87984688599994,42.68238678000006],[-96.78595127499995,42.65467661000008],[-96.76685923899998,42.56216927300005],[-96.84354804799995,42.46938579000005],[-97.01745036599999,42.40424057200005],[-97.13389835399994,42.403276307000056],[-97.25072608199997,42.42350414100008],[-97.50165628299999,42.343388170000026],[-97.67526624799996,42.34034638700007],[-97.95263120899995,42.26742270900007],[-98.16108914499995,42.191489571000034],[-98.23609128299995,42.13902574800005],[-98.26929517899998,42.08381557000007],[-98.27592553499994,42.02496185200005],[-98.36102615299995,41.95369928800005],[-98.46780548799995,41.97299611900007],[-98.57647431699996,42.04185828800007],[-98.71709985999996,42.18097103700006],[-98.80538379799998,42.39893594900008],[-98.81403307299996,42.541931239000064]],[[-101.02407732999995,42.38098313900008],[-100.79845222399996,42.31951986000007],[-100.52044827999998,42.07370945400004],[-100.51952481899997,41.99354055800006],[-100.54812179899994,41.94994676500005],[-100.70872865999996,41.89967378500006],[-100.87810764999995,41.79958187600005],[-101.01067380499995,41.763415027000065],[-101.13823520399995,41.80831961900003],[-101.16843514799996,41.95632277000004],[-101.14581229199996,42.04250136500008],[-101.21158957199998,42.14647289800007],[-101.28294341199995,42.32129731300006],[-101.21029546899996,42.38822381800003],[-101.09227331099999,42.41008009800004],[-101.02407732999995,42.38098313900008]],[[-100.71352124799995,41.50377961300006],[-100.74902515599996,41.52255215500003],[-100.72787060599995,41.55686118400007],[-100.53177632199998,41.573933339000064],[-100.26225340099995,41.51733967900003],[-100.18575562099994,41.467368865000026],[-100.32163157299999,41.364074009000035],[-100.42356674099995,41.38330200900003],[-100.71352124799995,41.50377961300006]],[[-99.99563422799997,41.237265094000065],[-99.95374427999997,41.24383589800004],[-99.92891365499997,41.230199166000034],[-99.90661356499999,41.01013978100008],[-100.11446043599994,40.979275348000044],[-100.27196744199995,40.82395200900004],[-100.25927355899995,40.78134781600005],[-100.44131452599999,40.63350576900007],[-100.53387073999994,40.505090220000056],[-100.68729514199998,40.425101690000076],[-100.73738295899994,40.434614827000075],[-100.71361547299995,40.51131127200006],[-100.46224477099997,40.726161803000025],[-100.42064537999994,40.81985387000003],[-100.44714652399995,40.939558315000056],[-100.41667685899995,41.061257511000065],[-100.33398233699995,41.16020004600006],[-100.27522233499997,41.165179151000075],[-100.23723989799998,41.198772965000046],[-100.17644405899995,41.21330154900005],[-100.03428145499998,41.199684597000044],[-99.99563422799997,41.237265094000065]],[[-100.19388808099995,40.53480993100004],[-99.98194680899996,40.61214489900004],[-99.85960511999997,40.63242062200004],[-99.85615016099996,40.568693790000054],[-99.90123188099994,40.48254860700007],[-100.23861044399996,40.345417491000035],[-100.32118555999995,40.28043916900003],[-100.31109761499994,40.349860342000056],[-100.19388808099995,40.53480993100004]],[[-104.14569141799996,38.56887895400007],[-104.15480483299996,38.443890286000055],[-104.31272003399994,38.279285952000066],[-104.41512035599999,38.236752824000064],[-104.54429141399999,38.22781295000004],[-104.65549997699998,38.261487223000074],[-104.77118586599994,38.38163014700007],[-104.86830989999999,38.60527350000007],[-104.82798036999998,38.63186735200003],[-104.75023164999999,38.64495006900006],[-104.62733800799998,38.58951088600003],[-104.55572464399995,38.529734544000064],[-104.37234742699997,38.52660989100008],[-104.24287842299998,38.59416845800007],[-104.20937656199999,38.64625086500007],[-104.14569141799996,38.56887895400007]],[[-101.73554532099996,37.57994948700008],[-101.61413705199999,37.591067157000055],[-101.52588953199995,37.578603592000036],[-101.43189999399999,37.53528229900007],[-101.40899974399997,37.48451092400006],[-101.46533367599994,37.420652560000065],[-101.56442824499999,37.39433879000006],[-101.68951419899997,37.38989926100004],[-101.81731701199999,37.44246061700005],[-101.82419936399998,37.53014411800007],[-101.73554532099996,37.57994948700008]],[[-101.04887809099995,36.629751517000045],[-100.85389005199994,36.660860143000036],[-100.78449877199995,36.62817313600004],[-100.75243384299995,36.593975526000065],[-100.76509574099998,36.55800136900007],[-101.00327142499998,36.51080342700004],[-101.04616840399996,36.51822952200007],[-101.07304716199997,36.54926248000004],[-101.07785052999998,36.59825555100008],[-101.04887809099995,36.629751517000045]],[[-100.00180150199998,36.009286693000035],[-100.03609113199997,36.05276261000006],[-100.33568579499996,36.15339053100007],[-100.28061404799996,36.18021013600003],[-100.33623449599997,36.24323483400008],[-100.27212275199997,36.29283840000005],[-99.91811036499996,36.352249580000034],[-99.80841097599995,36.39125202900004],[-99.79651058299999,36.45072838800007],[-99.84598466299997,36.54370540200006],[-99.88218502899997,36.66663699500003],[-99.82011600999999,36.76907737700003],[-99.67868518899996,36.78530061500004],[-99.56289730799995,36.711977353000066],[-99.44149570299999,36.674156579000055],[-99.18689505799995,36.663453907000076],[-99.06528078199995,36.61345029700004],[-98.98856229399996,36.56221674500006],[-98.92834693199995,36.41987445400008],[-98.84939461499994,36.33751234600004],[-98.64820917099996,36.340719798000066],[-98.38321660199995,36.29813666000007],[-98.24805097799998,36.25349532600006],[-98.18001707699995,36.21340395000004],[-98.15555923999995,36.137049269000045],[-98.18232531899997,36.03612703300007],[-98.24017156799994,35.98778648200005],[-98.26712524199996,35.898645507000026],[-98.27186597699995,35.80991810800003],[-98.33468605399997,35.690505752000035],[-98.42070156499994,35.61194685100003],[-98.46202176199995,35.52243315700008],[-98.43071943099994,35.46396918900007],[-98.32512522999997,35.37742329300005],[-98.29327859599994,35.29528177200007],[-98.35636998799998,35.19944071100008],[-98.63813260399996,35.08111100000008],[-98.64969842099998,34.99214068500004],[-98.64153429899994,34.858444880000036],[-98.68062107099996,34.772715892000065],[-98.78655361299997,34.73508639900007],[-98.90611443399996,34.722790420000024],[-99.16519908099997,34.77623984200005],[-99.46566257899997,34.92947504500006],[-99.51916625099994,34.98112836800004],[-99.64297239199999,35.125250589000075],[-99.64958811399998,35.187333512000066],[-99.72255590899994,35.40667652900004],[-99.64490328699998,35.474150956000074],[-99.57779159799998,35.612203375000036],[-99.51480937799994,35.685038845000065],[-99.39243813299998,35.75363393600003],[-99.25331200699998,35.78117490300008],[-99.00079694799996,35.74645055900004],[-98.91364503599999,35.78408623100006],[-98.84227777299998,35.850828911000065],[-98.84559619399994,35.93939806700007],[-98.90051865699996,36.020806735000065],[-98.96991644699995,36.090009982000026],[-99.10375814199995,36.09841996100005],[-99.35252386699995,36.020761994000054],[-99.56898407099999,35.89624888600008],[-99.76822694699996,35.736381289000064],[-99.85609451599998,35.721731576000025],[-99.91560071199996,35.784824005000075],[-99.94080869399994,35.931802435000066],[-100.00180150199998,36.009286693000035]],[[-99.89616607999994,34.77393525100007],[-99.81634687599995,34.72743381500004],[-99.68511514299996,34.70791516300005],[-99.42425310599998,34.71057405200003],[-99.36369879399996,34.68224964700005],[-99.33882783999996,34.653266356000074],[-99.54242938999994,34.59177994600003],[-99.89332735499994,34.51814950800008],[-100.20047211799994,34.60357614800006],[-100.21224492499994,34.68603139500004],[-100.17994748199999,34.73607408200007],[-100.08002811999995,34.80318144000006],[-99.98596695999998,34.81825818400006],[-99.89616607999994,34.77393525100007]],[[-100.28879641599997,34.74695075400007],[-100.33952907499997,34.608678515000065],[-100.35150040999997,34.472355382000046],[-100.13573123199996,34.380300583000064],[-100.05209497899995,34.27932569500007],[-100.12681031799997,34.21273879900008],[-100.23172286999994,34.16498606600004],[-100.41025035199999,34.12634953400004],[-100.58144645299996,34.131707591000065],[-100.64156952599996,34.157308353000076],[-100.69632273099995,34.25507086500005],[-100.88149986599996,34.33593959700005],[-100.86690303299997,34.61560098700005],[-100.90835182199999,34.84949322500006],[-100.86296547299997,34.990892676000044],[-100.68119768899999,35.17984450300003],[-100.40209386399994,35.41001089900004],[-100.42576673999997,35.603360004000024],[-100.29399583599997,35.686395882000056],[-100.17818305199995,35.60525472200004],[-100.06219245699998,35.555802139000036],[-100.01310356599998,35.50933622400004],[-99.81537469599999,35.41692745700004],[-99.77661089099996,35.37270597100007],[-99.71868829199997,35.176121280000075],[-99.59222251799997,34.89662628800005],[-99.44072829799995,34.85112102200003],[-99.57670579099994,34.78760198600003],[-99.76395248199998,34.78110494300006],[-99.81400447499999,34.94350931400004],[-99.90712237599996,34.935055257000045],[-100.04132055599996,34.910437398000056],[-100.28879641599997,34.74695075400007]],[[-100.63280478499996,35.62293977400003],[-100.66267505499997,35.39687044900006],[-100.73708106099997,35.255929156000036],[-100.94714721999998,35.05490640900007],[-101.01311965599996,34.955898269000045],[-101.32244760499998,35.07032451200007],[-101.53239751699999,35.20558368500008],[-101.63205369599996,35.36927736100006],[-101.14557016699996,35.87274399300003],[-100.95403093699997,35.911644925000076],[-100.85537394499994,35.87431076200005],[-100.76638598699998,35.75369782200005],[-100.66657781299995,35.69259949600007],[-100.63280478499996,35.62293977400003]],[[-110.85382836299999,36.592677252000044],[-110.85408743299996,36.592515364000064],[-110.85377735699996,36.592709257000024],[-110.85382836299999,36.592677252000044]],[[-109.67349025499999,37.450619680000045],[-109.76177262499999,37.37314048600007],[-109.87156446599994,37.31167288000006],[-110.24366983199997,37.31186166700007],[-110.33084477499995,37.29725514900008],[-110.42106625999998,37.307308583000065],[-110.48116957299999,37.34248308700006],[-110.49630919699996,37.42653513000005],[-110.24568737699997,37.786159704000056],[-110.12235107899994,37.83929867200004],[-110.04167960199999,37.821615775000055],[-109.88053908699999,37.69004694000006],[-109.67001590999996,37.57089108400004],[-109.67349025499999,37.450619680000045]],[[-112.06672099699995,37.05451777800005],[-112.21674749199997,37.04386970100006],[-112.41949581099999,37.078538078000065],[-112.59352330799999,37.17441837000007],[-112.62096260099997,37.27034777400007],[-112.64858076899998,37.40297714800005],[-112.64557969599997,37.613718927000036],[-112.62052174799999,37.84351779700006],[-112.46016974799994,38.084355197000036],[-112.37850106499997,38.166823726000075],[-112.21717322199999,38.133677455000054],[-112.14207704499995,38.07695999300006],[-111.82159098399995,37.65310275100006],[-111.73370100099999,37.483632304000025],[-111.76265811599995,37.21843854200006],[-111.84467973399995,37.127199648000044],[-112.06672099699995,37.05451777800005]],[[-112.66955830699999,38.119699154000045],[-112.86571391799998,37.801338549000036],[-113.11831118299995,37.691084096000054],[-113.43985333699999,37.712289068000075],[-113.75951488999999,38.15937459100007],[-113.86187792399994,38.77285864900006],[-113.87252043399997,39.28761934000005],[-113.92102778399999,39.834427299000026],[-113.91934708099996,40.14158902500003],[-113.80994210199998,40.456693855000026],[-113.79230199899996,40.62390164200008],[-113.83157757799995,40.77767935400004],[-113.88724660199995,40.86356290700007],[-113.87080289399995,40.91279951000007],[-113.83234483399997,40.93268327700008],[-113.61371630199994,40.96705197800003],[-113.41046156099998,40.966453698000066],[-113.13364232699996,40.954831152000054],[-112.53167368499999,40.890170762000025],[-112.12111786799994,40.90735658300008],[-111.92615580599994,40.82131452100003],[-111.82871138999997,40.72156640400004],[-111.76937531599998,40.58530167500004],[-111.77075314399997,40.41987736100003],[-111.75359167899995,40.29990698800003],[-111.81730863299998,40.27183402700007],[-112.17161846499994,40.00989127300005],[-112.66001772899995,39.890348276000054],[-112.65811597399994,39.62926427900004],[-112.52598730399995,39.156076735000056],[-112.42345551699998,39.175565548000066],[-112.25008285099995,39.32577429200006],[-112.00772801599999,39.45388288200007],[-111.90804591999995,39.615868327000044],[-111.53519442299995,39.752531076000025],[-111.27452346499996,39.86676132200006],[-111.08452013099998,39.852685317000066],[-110.81628477199996,39.97510934200005],[-110.80457106599994,39.91500018100004],[-110.98066564499999,39.700835324000025],[-111.00843034499997,39.587912406000044],[-111.01330792799996,39.471143417000064],[-111.09981957999997,39.29465697300003],[-111.04194900399995,39.07490308300004],[-110.82416374399997,39.01350647900006],[-110.65600016599996,38.90226290600003],[-110.56526342599994,38.764694184000064],[-110.66145015399997,38.67510826400007],[-110.81858887499999,38.589252739000074],[-110.73560776099998,38.38046973100006],[-110.41645436699997,38.08068181700003],[-110.90526720399998,37.96349786400003],[-111.07817355999998,38.03002717500004],[-111.19885263099997,37.96559986200003],[-111.31031451299998,37.93267474500004],[-111.43331422799997,37.922510455000065],[-111.92103722599995,38.17532798800005],[-112.22787531399996,38.29884910000004],[-112.36149751499994,38.377955032000045],[-112.54903622799998,38.35262664100003],[-112.66955830699999,38.119699154000045]],[[-108.38458577799997,41.53522434400003],[-108.51980357099995,41.522937607000074],[-108.72341473599994,41.61962475900003],[-108.90868200399996,41.79110159900006],[-109.00358956299999,42.10527916700005],[-108.97982196599997,42.168771022000044],[-108.55700004299996,42.32918997500008],[-107.83024651299996,42.366571874000044],[-107.690961975,42.35683670800006],[-107.36434791099998,42.149655256000074],[-107.03737252899998,42.11515623100007],[-106.63132748699996,42.102693646000034],[-106.45952710599994,42.021893797000075],[-106.45440319999994,41.87233075300003],[-106.89363689699996,41.79750726900005],[-107.38102799799998,41.77489562400007],[-107.74708775099998,41.68564887200006],[-107.99426474699999,41.708309987000064],[-108.08057304099998,41.70076777000003],[-108.19816104499995,41.61654197000007],[-108.38458577799997,41.53522434400003]],[[-111.17250017499998,41.42722639400006],[-111.24328286199994,41.34956546800004],[-111.42780262299999,41.31268007300008],[-111.522031202,41.32452197200007],[-111.79235622999994,41.56577885200005],[-111.82792206499994,41.73122072500007],[-111.81490221399997,41.800475178000056],[-111.85319353399996,41.850977295000064],[-111.83954585099997,42.00070771000003],[-111.72032018199997,42.08320480900005],[-111.52801758799995,42.14260170800003],[-111.28943140599995,42.171244096000066],[-110.99526841299996,42.169989729000065],[-110.85647382599996,42.207671918000074],[-110.67164956899995,42.223807058000034],[-110.47084731999996,42.300623829000074],[-110.43085843699998,42.33133554700004],[-110.37560916099994,42.447924811000064],[-110.33233982699994,42.64840342400004],[-110.30308530299999,42.69369267500008],[-110.20520111599996,42.757947321000074],[-110.07017027499995,42.93029507700004],[-110.10142399699998,43.14331817300007],[-110.16069151199997,43.181637386000034],[-110.14631137199996,43.22125289200005],[-109.88465607199998,43.22358465900004],[-109.63157502999996,42.95511925100004],[-109.51715471399996,42.66480095900005],[-109.51557683599998,42.57161179500008],[-109.59601882999999,42.38061843600008],[-109.63769124299995,42.36380785000006],[-109.66150191099996,42.300778414000035],[-109.77783664599997,42.21730387300005],[-110.04699262099996,42.185445644000026],[-110.12465884799997,42.15062429100004],[-110.21463991699994,42.08089568500003],[-110.40416993399998,41.88032190800004],[-110.51061572199995,41.816865051000036],[-110.68005344299996,41.798776875000044],[-111.02243215099998,41.71268938700007],[-111.11653250099994,41.58965237500007],[-111.17250017499998,41.42722639400006]],[[-113.51588880799994,41.62457175000003],[-113.97187780599995,41.21855775100005],[-114.06096740299995,41.24813797100006],[-114.14091106499995,41.30542103700003],[-114.41394234999996,41.29775437100005],[-115.06108583399998,41.148424411000065],[-115.38595996899994,41.10528324500007],[-115.61524118299997,41.12085255000005],[-115.84245873999998,41.42094428300004],[-116.02546658499995,41.48321631500005],[-116.20930780599997,41.50077907200006],[-116.43087103899995,41.54672188600006],[-116.68733099399998,41.56186711000004],[-116.84649604599997,41.639005772000075],[-117.11582791999996,41.835652536000055],[-117.64610119499997,42.13162579300007],[-117.78880238699998,42.40813403000004],[-117.56071507099995,42.67019599400004],[-117.09542975699998,42.88356104500008],[-116.92152802299995,42.92305728000008],[-116.83901114699995,42.96310966600004],[-116.65922585599998,43.01038497900004],[-116.57106974199996,43.00251597500005],[-116.38610775599994,43.05817614400007],[-115.59720957899998,43.13896050900007],[-115.38563408399995,43.20007399000008],[-115.09961813299998,43.25129816900005],[-114.94848546199995,43.21981410400008],[-114.65993865699994,43.227813156000025],[-114.50410696199998,43.25818768400006],[-114.36181037399996,43.25563950500003],[-114.11599382699995,43.212706816000036],[-113.73886402,43.21252592400003],[-113.52358307199995,43.24842773300003],[-113.32274615999995,43.36211390700004],[-113.22011949399996,43.54923859300004],[-113.104421533,43.86812821400008],[-112.87195205699999,43.96337789300003],[-112.70926675099997,43.998658429000045],[-112.16005426499999,44.05095627700007],[-111.44726764999996,44.18418680900004],[-111.07693147999998,44.12032869500007],[-110.82396414799996,43.91569256100007],[-110.85958161299999,43.782668009000076],[-110.92133251199999,43.68524897900005],[-111.12027692999999,43.55835125800007],[-111.17938434199999,43.46506545200003],[-111.13144334099997,43.38421148600003],[-111.01719746599997,43.318219198000065],[-110.43256499299997,43.28351781500004],[-110.29685405999999,43.236106962000065],[-110.27254150599998,43.19285470500006],[-110.30265092199994,43.10333060500005],[-110.33147573499997,43.08463564900006],[-110.37027360999997,42.968761561000065],[-110.34764955799994,42.908579848000045],[-110.33458587299998,42.723801312000035],[-110.60932917799994,42.650761000000045],[-111.08855322999995,42.57721912200003],[-111.18803778099999,42.61522556300008],[-111.63015472599994,42.726870105000046],[-111.84224468099995,42.679293708000046],[-111.86025451799998,42.669161330000065],[-111.94725448099996,42.469279662000076],[-112.11177418299997,42.38637551200003],[-112.13053876499998,42.326404471000046],[-112.12599487099999,42.278962258000035],[-112.01377153499999,42.161461710000026],[-112.08336994199999,41.998267171000066],[-112.70185745099997,41.86118132000007],[-112.95817369099996,41.96359864000004],[-113.05965136999998,41.93363062100008],[-113.51588880799994,41.62457175000003]],[[-109.29338607399995,41.00118061400008],[-109.35168818599999,41.07690145400005],[-109.47557709999995,41.14614940400003],[-109.48926858899995,41.20789572900003],[-109.41985890399997,41.32550489600004],[-109.28194050799999,41.305709465000064],[-109.22710848799994,41.26696235700007],[-109.10091357699997,41.22310204400003],[-108.94413161299997,41.192087343000026],[-108.84834829299996,41.149878510000065],[-108.80506680399998,41.08435600700005],[-108.78461409599998,41.01645001700007],[-108.80124453199994,40.94384299700005],[-108.78483485999999,40.90923239400007],[-108.72132504599995,40.88196395400007],[-108.73359284299994,40.83753616400003],[-108.77863204899995,40.79604525000008],[-108.98863361199994,40.88120520900003],[-109.04896144599996,40.933817746000045],[-109.07972942699996,40.999429528000064],[-109.07761174299998,41.06504391100003],[-109.12834698199998,41.095933907000074],[-109.17985421299994,41.06582144600003],[-109.22720201699997,41.00849640000007],[-109.29338607399995,41.00118061400008]],[[-108.39708555699997,40.903819664000025],[-108.45648110699995,40.92741724800004],[-108.35577632899998,41.068654571000025],[-108.30521554199998,41.12221419100007],[-108.20070866699996,41.12247100600007],[-108.15295762899996,41.04621514400003],[-108.23154741299999,40.92600497400008],[-108.30747037999998,40.88867397900003],[-108.39708555699997,40.903819664000025]],[[-106.33754513399998,40.53296050000006],[-106.47852788299997,40.64500657200006],[-106.48480065699994,40.79045544600007],[-106.35741048699998,40.898341548000076],[-106.27097062599995,40.88569819300005],[-106.15021007899998,40.71569339100006],[-106.12031908499995,40.64809747100003],[-106.11401094599995,40.58618233200008],[-106.11848745499998,40.52908060500005],[-106.18349216499996,40.50687447200005],[-106.33754513399998,40.53296050000006]],[[-109.06310093099995,46.282302671000025],[-109.00835988499995,46.21532504700008],[-109.06125701199994,46.11633954200005],[-109.22994613199995,45.97717410100006],[-109.38337093199999,45.91872514600004],[-109.53366446499996,45.896510240000055],[-109.75185756599996,45.90333420600007],[-109.88803736499995,45.96164639700004],[-109.95957302099998,46.05547478300008],[-109.97608005499995,46.13331216900008],[-109.90539812899999,46.191222906000064],[-109.62824113899995,46.20495114000005],[-109.34501043899996,46.290980449000074],[-109.20251538399998,46.30493099200004],[-109.06310093099995,46.282302671000025]],[[-121.91660370699998,43.292298550000055],[-121.94922547199997,43.15343085300003],[-121.95937748199998,43.00081521200008],[-122.02541670099998,42.841880064000065],[-122.16782279099999,42.790548595000075],[-122.74045614699997,42.88661595900004],[-123.01534184699995,43.013560434000055],[-123.17332889699998,43.20216269200006],[-123.19667937999998,43.35222214600003],[-123.19239290399997,43.57083025500003],[-123.03963043599998,43.722861066000064],[-122.88735444199995,43.799539749000076],[-122.59984119799998,43.849064645000055],[-122.03412280999999,43.902332493000074],[-121.84541454699996,43.96091618100007],[-121.46042392699997,44.14763571700007],[-121.44732852499999,44.488979132000054],[-121.38812824699994,44.666043469000044],[-121.23053488099998,44.73097901800003],[-120.90917944399996,44.67892415000006],[-120.49859250099996,44.697524746000056],[-120.001154784,44.84118849300006],[-119.23256959099996,45.22201778600004],[-119.01864473699999,45.35507531500008],[-118.89988281399997,45.49333776000003],[-118.83750676699998,45.61441552600007],[-118.72322854499998,45.707569093000075],[-118.56656952399999,45.800433955000074],[-118.41978783899998,45.861995379000064],[-118.26132537799998,45.85916348100005],[-118.13840622799995,45.80617075100008],[-118.07240564199998,45.70199226600005],[-118.03991715699999,45.514159248000055],[-117.89769999399999,45.39617195300008],[-117.806766445,45.24576290500005],[-117.845022428,45.05874462700007],[-118.03887507099995,44.67191949000005],[-118.30982484199995,44.405716435000045],[-118.67291046099996,44.16663116700005],[-119.40874924199994,43.84338684800008],[-119.65872035299998,43.957723557000065],[-119.78807005999994,44.09932955800008],[-120.03537745599999,44.19464943000003],[-121.90586720399995,43.37541542400004],[-121.91660370699998,43.292298550000055]]],[[[-93.18656988099997,48.627938191000055],[-93.24649879599997,48.64283839500007],[-93.35018229599996,48.62544336500008],[-93.36794352899994,48.60883798400005],[-93.46881940899999,48.58858193100008],[-93.46339490099996,48.54934013500008],[-93.54780654399997,48.52764212800008],[-93.79075705299994,48.51535878200008],[-93.81601798799994,48.53284535600005],[-93.80255973799996,48.565655571000036],[-93.83897485999995,48.626980650000064],[-94.19579412299998,48.65107425300005],[-94.30902237999999,48.556137550000074],[-95.26164031999997,48.12471210700005],[-95.40803433699995,48.021910638000065],[-95.46131858999996,47.80318180900008],[-95.50599034499999,47.44779680000005],[-95.43376240599997,46.92695510600004],[-95.41532052999997,46.82266654800003],[-95.32362012399994,46.634945679000054],[-95.23792075299997,46.492602883000075],[-95.13943122499995,46.39896190300004],[-94.84464137899994,46.22375595600005],[-94.44250987999999,46.22739487600006],[-94.14889997899996,46.28072259500004],[-93.88560952599994,46.35585324600004],[-93.65064997599995,46.38880758100004],[-93.06004727899995,46.37148533200008],[-92.89455730799995,46.41099585300003],[-92.68654784299997,46.494374796000045],[-92.42747943499995,46.74707220100004],[-91.80403897999997,46.92520979200003],[-91.70238490699995,46.99874954400008],[-91.63378900599997,47.02584153200007],[-91.56890099599997,47.08327181200008],[-91.46840658699995,47.12500079900008],[-91.06970198599998,47.43705836500004],[-90.75704170199998,47.61155029400004],[-90.50945253199995,47.70999240400005],[-90.05635792699997,47.80817894100005],[-89.91506150499998,47.866337834000035],[-89.79006910099997,47.89439113100008],[-89.68300578399999,47.94864377000005],[-89.68637034899996,47.96025570900008],[-89.64414163599997,47.95494946800005],[-89.64746805799996,47.97854718800005],[-89.63270517599994,47.988278483000045],[-89.50488989099995,48.001267538000036],[-89.58490700499999,47.996625047000066],[-89.76309920299997,48.023190588000034],[-89.89137224699994,47.98923214000007],[-89.99195822099995,48.02776439500008],[-90.00034293299996,48.060250361000044],[-90.03132591799994,48.08776958900006],[-90.13904537599996,48.110695915000065],[-90.37544223599997,48.09176355300008],[-90.46672034099998,48.107148222000035],[-90.56250741899999,48.098595663000026],[-90.55832651099996,48.11602883200004],[-90.58104685699999,48.12250237300003],[-90.75286849599996,48.09187415200006],[-90.79506669799997,48.13419440600006],[-90.77833543599996,48.16199592500004],[-90.82146441899994,48.18312171800005],[-90.82926929099995,48.17451194400007],[-90.84465016699994,48.24536995500006],[-90.97096245699998,48.22234442800004],[-91.08377071299998,48.177765865000026],[-91.26531982099999,48.07798861300006],[-91.42988590799996,48.048268292000046],[-91.49013525699996,48.06666276100003],[-91.56851204699996,48.045189822000054],[-91.56009683199994,48.100377054000035],[-91.57073984099998,48.106518718000075],[-91.63455974499999,48.09816833900004],[-91.71059431599997,48.11207290700003],[-91.69762434499995,48.14048477800003],[-91.71165481599996,48.19599244400007],[-91.85421772699999,48.20973678900003],[-91.89216635199995,48.236462559000074],[-91.95461296399998,48.23209472600007],[-91.95819878399999,48.252427064000074],[-91.97533440799998,48.24431319900003],[-92.00467707199994,48.26538177400005],[-92.00476863299997,48.31980988200007],[-92.07169370899999,48.362030952000055],[-92.15917237299999,48.36705108800004],[-92.27835880999999,48.348767233000046],[-92.30396305999994,48.32223600800006],[-92.29463992899997,48.27649396700008],[-92.26934847299998,48.25136655400007],[-92.36749302899995,48.22084515100005],[-92.47377817899996,48.354031500000076],[-92.46072428999997,48.40561002900006],[-92.50832410399994,48.447022385000025],[-92.65871477299999,48.435547762000056],[-92.71681263399995,48.46542065700004],[-92.68988849799996,48.497113168000055],[-92.63405657199996,48.50047010500003],[-92.62833452799998,48.52120680400003],[-92.64436389399998,48.54392714200003],[-92.73495535199999,48.54075712200006],[-92.95220243899996,48.61104291100003],[-92.96294463299995,48.630017217000045],[-93.18656988099997,48.627938191000055]]],[[[-116.08438169799996,47.88294433300007],[-116.17106828399994,47.94074664100003],[-116.35647503699994,47.97150612400003],[-116.43477321699999,48.03353136000004],[-116.54719402099994,48.052121698000064],[-116.78552679799998,47.964916438000046],[-116.86913947899995,47.91165041700003],[-117.01947329199999,47.63277730900006],[-116.97544697499995,47.33117133700006],[-117.01138165499998,47.24467402800008],[-117.14071776199995,47.11977931100006],[-117.28029482399995,46.72703357100005],[-117.27877376499998,46.53542710200003],[-117.21982388799995,46.41989251700005],[-117.08440521099999,46.36046625900008],[-116.85453787499995,46.366995658000064],[-116.64132712499998,46.39256949300005],[-116.44460644999998,46.437270100000035],[-116.15771025699996,46.53180703400005],[-116.06766370499997,46.58186934500003],[-116.01858674899995,46.66242447900004],[-116.03466179799995,46.81259175500003],[-116.01212148799999,46.91383111600004],[-115.95128603599994,46.97462667900004],[-115.80017935899997,46.93927709500008],[-115.65466118599994,46.95403259200003],[-115.60707036699995,47.015763218000075],[-115.70775241499996,47.339183081000044],[-115.70703742499995,47.41542287900006],[-115.82171603899997,47.647044151000046],[-115.92954609299994,47.78459701000003],[-116.08438169799996,47.88294433300007]],[[-116.34165315899997,47.097478598000066],[-116.64917941299996,47.28167996600007],[-116.72313887999996,47.35929021900006],[-116.73536723599995,47.424863222000056],[-116.60484053399995,47.46306801600008],[-116.49132676899995,47.47099417000004],[-116.39051598099996,47.34764689000008],[-116.35396787199994,47.17119010600004],[-116.32511701299995,47.109913162000055],[-116.34165315899997,47.097478598000066]]],[[[-118.44990819599997,49.00081968500007],[-120.72337667099998,49.00112269300007],[-120.34818975499996,48.19053855200008],[-120.00697605799996,48.18192113200007],[-119.65005984899994,48.13266342600008],[-119.43228189599995,48.19246179700008],[-119.21669320299998,48.22921901700005],[-118.89396294299996,48.25732549300005],[-118.71825828299995,48.31489080800003],[-118.61396786799997,48.42212493900007],[-118.55101879999995,48.67490804500005],[-118.47691622699995,48.81177469000005],[-118.44171800699996,48.91457412700004],[-118.44990819599997,49.00081968500007]],[[-119.83722848899998,48.49801361600004],[-119.77394229899994,48.59621025000007],[-119.628412562,48.718258381000055],[-119.46300904399999,48.76865399700006],[-119.36143242199995,48.78383739100008],[-119.28045752199995,48.585575068000026],[-119.37941879399995,48.40224234000004],[-119.48940446099999,48.29703015800004],[-119.76420869399999,48.24158953400007],[-119.83722848899998,48.49801361600004]]]]},"properties":{"dm":2}},{"type":"Feature","id":4,"geometry":{"type":"MultiPolygon","coordinates":[[[[-80.78921301099996,26.30056458200005],[-80.81117188999997,26.363332092000064],[-80.87472491099999,26.397036116000038],[-80.94510131099997,26.41636366800003],[-80.99098076699994,26.389472452000064],[-80.97486816399999,26.323554155000068],[-80.88023210899996,26.267885655000043],[-80.84300627299996,26.199359698000023],[-80.83696921399996,26.15748878200003],[-80.85595333999999,26.088875958000074],[-80.89896497399997,26.04562025000007],[-80.84938216999996,25.865440886000044],[-80.85480865299996,25.578946323000025],[-80.87358087699994,25.513297755000053],[-80.86585768699996,25.429998761000036],[-80.82709105999999,25.355733120000025],[-80.76727997399996,25.36046711700004],[-80.65466241399997,25.484185987000046],[-80.59388597499998,25.614516366000032],[-80.53666882999994,25.90005046300007],[-80.53585499699994,26.00968566800003],[-80.60049714199994,26.189224195000065],[-80.65846524099999,26.269675065000058],[-80.74500397599996,26.253856038000038],[-80.78921301099996,26.30056458200005]]],[[[-82.26851985299999,26.813290726000048],[-82.27866694799997,26.81345857200006],[-82.27150681799998,26.77934031600006],[-82.26851985299999,26.813290726000048]]],[[[-82.56365545199998,27.319182642000044],[-82.56659276899995,27.326598416000024],[-82.56870611199997,27.322478543000045],[-82.56365545199998,27.319182642000044]]],[[[-82.55855138499999,27.319113978000075],[-82.55581243199998,27.330140363000055],[-82.56246526499996,27.32930875900007],[-82.55855138499999,27.319113978000075]]],[[[-82.56439550199997,27.305363899000042],[-82.58234747299997,27.330960523000044],[-82.58917637799999,27.32334977100004],[-82.56439550199997,27.305363899000042]]],[[[-82.62378272899997,27.39050414600007],[-82.62574348399994,27.39606025200004],[-82.62937507699996,27.39241912400007],[-82.62378272899997,27.39050414600007]]],[[[-82.66598092399994,27.43758896500003],[-82.66810189599994,27.43254784100003],[-82.65740548099996,27.43010834100005],[-82.66598092399994,27.43758896500003]]],[[[-82.68480264299995,27.44381645800007],[-82.61258847099998,27.350259365000056],[-82.59632849099995,27.334415525000054],[-82.58168371599999,27.340169204000063],[-82.68480264299995,27.44381645800007]]],[[[-82.67363320899995,27.43860748900005],[-82.67657815499996,27.44647721000007],[-82.67916452299994,27.44466904400008],[-82.67363320899995,27.43860748900005]]],[[[-82.64745674899996,27.444726265000043],[-82.66011391799998,27.45272187300003],[-82.66124306799998,27.446284570000046],[-82.64745674899996,27.444726265000043]]],[[[-82.68625986099994,27.448443688000054],[-82.70864451199998,27.523818309000035],[-82.73912395199994,27.53938609200003],[-82.68625986099994,27.448443688000054]]],[[[-82.73686565499997,27.553641620000064],[-82.74367795699999,27.558081100000038],[-82.74200786599994,27.55231982500004],[-82.73686565499997,27.553641620000064]]],[[[-82.60648689099997,27.542329134000056],[-82.60592231499999,27.54554683200007],[-82.61464271599993,27.544740022000042],[-82.60648689099997,27.542329134000056]]],[[[-82.61329231399998,27.56498844200007],[-82.62616310599998,27.560550040000066],[-82.60258826999996,27.56208545800007],[-82.61329231399998,27.56498844200007]]],[[[-82.75082744899998,27.579602547000036],[-82.75304760499995,27.60265667500005],[-82.76231731999997,27.59954197500008],[-82.75082744899998,27.579602547000036]]],[[[-82.59489020999996,27.59422619600008],[-82.58710822499995,27.60011227600006],[-82.59732398899996,27.602090196000063],[-82.59489020999996,27.59422619600008]]],[[[-82.71060527099996,27.631625494000048],[-82.71190226899995,27.647298182000043],[-82.72914470399996,27.625401814000043],[-82.74210036299996,27.648311431000025],[-82.73648418499994,27.61443646400005],[-82.69561350699996,27.64019140000005],[-82.71060527099996,27.631625494000048]]],[[[-82.67055856799999,27.636657082000056],[-82.67374765599999,27.66202482500006],[-82.68104135899995,27.65474638200004],[-82.67055856799999,27.636657082000056]]],[[[-82.71068156799998,27.660638181000024],[-82.71239055099994,27.683225010000058],[-82.72442210999998,27.66725286800005],[-82.71068156799998,27.660638181000024]]],[[[-82.67518198299996,27.668950410000036],[-82.67695200399999,27.686932897000077],[-82.68127787199995,27.67270979500006],[-82.67518198299996,27.668950410000036]]],[[[-82.69062388299994,27.698151924000058],[-82.68442118399997,27.701297143000033],[-82.69205821099996,27.70507560300007],[-82.69062388299994,27.698151924000058]]],[[[-82.52106054099994,27.686709741000072],[-82.51684911399997,27.693097453000064],[-82.52355535399994,27.690888743000073],[-82.52106054099994,27.686709741000072]]],[[[-82.51421697199999,27.697205884000027],[-82.51206548199997,27.702700956000058],[-82.51620824499997,27.700457914000026],[-82.51421697199999,27.697205884000027]]],[[[-82.50794560799994,27.70356498600006],[-82.50786931399995,27.70816551200005],[-82.51254613399999,27.704549177000047],[-82.50794560799994,27.70356498600006]]],[[[-82.50271947199997,27.709473953000042],[-82.50162083799995,27.71360336400005],[-82.50676305199994,27.712754594000046],[-82.50271947199997,27.709473953000042]]],[[[-82.61732064099994,27.727149354000062],[-82.62430153899999,27.739673008000068],[-82.62453804999996,27.72494064400007],[-82.61732064099994,27.727149354000062]]],[[[-82.49026829599995,27.71712623800005],[-82.48808628899997,27.724461903000076],[-82.49529606899995,27.723183979000055],[-82.49026829599995,27.71712623800005]]],[[[-82.79623762499995,27.809436204000065],[-82.80787073899995,27.804668031000062],[-82.73964955399998,27.716972320000025],[-82.73886553899996,27.685118310000064],[-82.72513164399999,27.688441608000062],[-82.73674358899996,27.73508773900005],[-82.79623762499995,27.809436204000065]]],[[[-82.76586499799998,27.814612750000038],[-82.76930585599996,27.825240499000074],[-82.79405422299999,27.815907190000075],[-82.76586499799998,27.814612750000038]]],[[[-82.49606664099997,27.824939146000077],[-82.50622136899995,27.83152712900005],[-82.50734288999996,27.826018703000045],[-82.49606664099997,27.824939146000077]]],[[[-82.43996768999995,27.915261663000024],[-82.45560795399996,27.93159619900007],[-82.46010929699997,27.910033618000057],[-82.43996768999995,27.915261663000024]]],[[[-82.81571367499998,28.034562222000034],[-82.82009475899997,28.051749647000065],[-82.81590555999998,28.032219092000048],[-82.81571367499998,28.034562222000034]]],[[[-82.82902878099998,28.076228566000054],[-82.82224624699995,28.082135626000024],[-82.82907609999995,28.072663403000035],[-82.82902878099998,28.076228566000054]]],[[[-82.83909195899997,28.168784586000072],[-82.84289139899994,28.193196748000048],[-82.85272569199998,28.190543624000043],[-82.83909195899997,28.168784586000072]]],[[[-82.57684603299998,28.395845343000076],[-82.69710026199994,28.42009238600008],[-82.74103895299999,28.243543137000074],[-82.79894849699997,28.185185600000068],[-82.75004926899999,28.157660931000066],[-82.76572768099999,28.14312692900006],[-82.79673354799996,28.173833341000034],[-82.77254209899996,28.080381480000028],[-82.79585802099996,27.989660658000048],[-82.73617306399996,27.898568866000062],[-82.76989181699997,27.835550021000074],[-82.76209607599998,27.82653749900004],[-82.75053753999998,27.844350231000078],[-82.76076092999995,27.81271112400003],[-82.73849071999996,27.755824438000047],[-82.69614756799996,27.73965774800007],[-82.67111551599999,27.699290612000027],[-82.63615761999995,27.70437179000004],[-82.63267861899999,27.79318559400008],[-82.60752449599994,27.793317202000026],[-82.62145577699994,27.820659051000064],[-82.59630165599998,27.819867501000033],[-82.63333474799998,27.848431961000074],[-82.60805092799995,27.85500468600003],[-82.59341774399996,27.83916415400006],[-82.61091195099993,27.86885013400007],[-82.55763587599995,27.88931217700008],[-82.61835824299999,27.885056878000057],[-82.72245373399994,27.93560162700004],[-82.70980419499995,27.955695551000076],[-82.63402902699994,27.96532957200003],[-82.63333475199994,27.976363586000048],[-82.69975627999997,27.973977491000028],[-82.67772258299993,28.001311712000074],[-82.70177044299999,28.04393333300004],[-82.66646922399997,28.029694972000073],[-82.66533244299995,28.00345747800003],[-82.65014994399996,28.01982825700003],[-82.56580696199995,27.98375838000004],[-82.61732064799997,27.980298448000042],[-82.62115823499994,27.966084883000065],[-82.55933723299995,27.97078650000003],[-82.52854498699998,27.93677274500004],[-82.54265936899998,27.89324894500004],[-82.53168066699999,27.87422695300006],[-82.54570349799997,27.865674398000067],[-82.53090246599999,27.830029859000035],[-82.47404820199995,27.820941343000072],[-82.48724706099995,27.916404164000028],[-82.46209294099998,27.942735119000076],[-82.43089633899996,27.93307439700004],[-82.42910342999994,27.946393414000056],[-82.40646700999997,27.946977065000056],[-82.41299777299997,27.927749079000023],[-82.42526584399997,27.931611460000056],[-82.38766054199994,27.82656802400004],[-82.40424684999994,27.790912040000023],[-82.46811252899994,27.751342174000058],[-82.47162967899999,27.726989141000047],[-82.44961886999994,27.72390686500006],[-82.44099765299995,27.690627439000025],[-82.46619754999995,27.714938510000025],[-82.50337559899998,27.701197966000052],[-82.51481206499994,27.69214759500005],[-82.49748570499997,27.68591819200003],[-82.53250463599994,27.677197790000037],[-82.55718573299998,27.64573606600004],[-82.55327947999996,27.60103543300005],[-82.61035499699994,27.58798153400005],[-82.59640082999994,27.564305611000066],[-82.57169684299998,27.571805307000034],[-82.57409247299995,27.551110571000038],[-82.60008582699999,27.527041732000043],[-82.64031563599997,27.54000598400006],[-82.57574042099998,27.513818082000057],[-82.46943240799999,27.53490573600004],[-82.43688540099998,27.522910418000038],[-82.51024205099998,27.513373671000068],[-82.49407535799998,27.472600269000054],[-82.52675206499998,27.505772884000066],[-82.60039100199998,27.50815706800006],[-82.64715920499998,27.528115568000032],[-82.67533456699994,27.52662974200007],[-82.69115793499998,27.496421147000035],[-82.67131387399996,27.489262866000047],[-82.64239846099997,27.505481056000065],[-82.64599190699994,27.472813888000076],[-82.68577920899997,27.479768084000057],[-82.67882882899994,27.46631936500006],[-82.56796606099994,27.397134093000034],[-82.53900486899994,27.297177557000055],[-82.54074437199995,27.285216572000024],[-82.55724675799996,27.30526662400007],[-82.56989682999995,27.278206393000062],[-82.50937229099998,27.21054576100005],[-82.53808170999997,27.26166653200005],[-82.50342898899999,27.22982906200008],[-82.48990969899995,27.18629191100007],[-82.50386386599996,27.204934339000033],[-82.50330933099997,27.191511955000067],[-82.44719362599994,27.06393861400005],[-82.34849077399997,26.904024530000072],[-82.39868499299996,26.99305074600005],[-82.33969449899996,26.939526717000035],[-82.31290768499997,26.879563477000033],[-82.34205221099995,26.893787557000053],[-82.28500530899998,26.820508034000056],[-82.31179379199995,26.858775279000042],[-82.29325435799996,26.846011300000043],[-82.29047725899994,26.883353380000074],[-82.27052638699996,26.890410571000075],[-82.28580806799994,26.86296763300004],[-82.26301946999996,26.829308871000023],[-82.24993755999998,26.921205582000027],[-82.41427533099994,27.386136487000044],[-82.32221146799998,27.48750849000004],[-82.20561013699995,27.536238191000052],[-82.13134996899998,27.54837586000008],[-82.09087209199998,27.51074202500007],[-82.02947642299995,27.34015153200005],[-81.89571400299997,27.172847362000027],[-81.83831644099996,27.13223216800003],[-81.63671670099995,27.11346301100008],[-81.49774229299999,27.116815461000044],[-81.44371221199998,27.13628076200007],[-81.41941857399996,27.18378888500007],[-81.42434087699996,27.24474604900007],[-81.58482481599998,27.35895984900003],[-81.62651861099994,27.432136825000043],[-81.67656698999997,27.568336206000026],[-81.67951484599996,27.68119930000006],[-81.70997991999997,27.77795361400007],[-81.76505447699998,27.856032595000045],[-81.84778709399995,27.93066929300005],[-81.94652264699994,27.976718171000073],[-82.23511727399995,27.985022608000065],[-82.39281891699994,28.040025335000053],[-82.44483429999997,28.165200533000075],[-82.53989682699995,28.24492402800007],[-82.54592203799996,28.31337025700003],[-82.57684603299998,28.395845343000076]]],[[[-81.74142945499995,30.09885256700005],[-81.80482798399999,30.137965878000045],[-82.20684702999995,30.14940280600007],[-82.38928723499998,30.172128705000034],[-83.05261133699997,30.124334876000034],[-83.16296640999997,30.09844089300003],[-83.24018615499995,30.047024780000072],[-83.24240827199998,29.937263555000072],[-83.26079228599997,29.87031567200006],[-83.25978210899996,29.717112366000038],[-83.15632969199999,29.60702570600006],[-82.88472541299996,29.48024129500004],[-82.58708177799997,29.532704495000075],[-82.44881543299994,29.59261328200006],[-82.37893172099996,29.59020844400004],[-82.24516506399993,29.540995287000044],[-82.13692052899995,29.540899040000056],[-82.00172832699997,29.595443120000027],[-81.89822804099998,29.681317894000074],[-81.77526847599995,29.74784564400005],[-81.71893434999998,29.880644666000023],[-81.71255460999998,29.965452877000075],[-81.74142945499995,30.09885256700005]]],[[[-80.73577424599995,32.303709549000075],[-80.78393100099998,32.34072356400003],[-80.75637361699995,32.30557875000005],[-80.73577424599995,32.303709549000075]]],[[[-80.65154570699997,32.344950253000036],[-80.65261382299997,32.34996658100005],[-80.65587157499994,32.348150786000076],[-80.65154570699997,32.344950253000036]]],[[[-80.80277561199995,32.399077000000034],[-80.79734348199997,32.39952332000007],[-80.80383609899997,32.406828466000036],[-80.80277561199995,32.399077000000034]]],[[[-80.80148624799995,32.48108156400008],[-80.79494785699995,32.48608263500006],[-80.80417942599996,32.48928698100008],[-80.80148624799995,32.48108156400008]]],[[[-80.48804773999996,32.460054960000036],[-80.49471179099999,32.481131799000025],[-80.52533260299998,32.49483737600008],[-80.54386440699994,32.48580417000005],[-80.53964534999994,32.463011349000055],[-80.48804773999996,32.460054960000036]]],[[[-80.17642503199994,32.54203664700003],[-80.18177323899994,32.55073415800007],[-80.18403153899999,32.54254781700007],[-80.17642503199994,32.54203664700003]]],[[[-80.20982653099998,32.574164033000045],[-80.22877795499994,32.583860996000055],[-80.23656313499998,32.53439682800007],[-80.19416337899997,32.56266653300003],[-80.20982653099998,32.574164033000045]]],[[[-90.63537625099997,33.93412369400005],[-90.80778316299995,34.01508118700008],[-91.18370958299994,33.93091841900008],[-91.30806667499996,33.93328958600006],[-91.49153662299994,33.85525241100004],[-91.64642415999998,33.76637282100006],[-91.81438900899997,33.74888356200006],[-92.08157161199995,33.77300505300008],[-92.19860547799999,33.80631257400006],[-92.23604723799997,33.765563831000065],[-92.26059590999995,33.661242472000026],[-92.15578800799994,33.493406063000066],[-92.11210858899994,33.46289081900005],[-92.11152348699994,33.271967086000075],[-91.92781431999998,33.20293255200005],[-91.87574428899995,33.33062949200007],[-91.78888768599995,33.38904759700006],[-91.73075577399999,33.39358015300007],[-91.68917888799996,33.26743219400004],[-91.56865080899996,33.23184968900006],[-91.51617405899998,33.18975871500004],[-91.30720856699998,33.15463125400004],[-91.12545411699995,33.26691486800007],[-91.02827679199999,33.21104600000007],[-90.81658525899996,33.182458773000064],[-90.61652361499995,33.28179718800004],[-90.47329699499994,33.37872646100004],[-90.27569426899998,33.584824135000076],[-90.45283257399996,33.721009879000064],[-90.57463110899994,33.77268970600005],[-90.63537625099997,33.93412369400005]],[[-90.97574080399994,33.93273652600004],[-90.89555038899994,33.900769893000074],[-90.83479676599995,33.83760017700007],[-90.82444440199998,33.79800610600006],[-90.88102677499995,33.67902769800003],[-90.86602269499997,33.57873230700005],[-91.02806061099994,33.51395056700005],[-91.16479386499998,33.43274352700007],[-91.36647033999998,33.42748641500003],[-91.48106076099998,33.40592516500004],[-91.68548105799994,33.44130257100005],[-91.58672869799994,33.57464291100007],[-91.16922277199996,33.79575987700008],[-91.07961450399995,33.93364756700004],[-90.97574080399994,33.93273652600004]]],[[[-80.43834266499994,32.84488574100004],[-80.22963109299997,33.03591162300006],[-80.24113469599996,33.170384238000054],[-80.51792350099998,33.27716422200007],[-80.77048506799997,33.25636406800004],[-81.10675567999994,33.11336651400006],[-81.13425404599997,33.07301925500008],[-81.29250025899995,33.07664207400006],[-81.37423796599995,32.99506455100004],[-81.36315833099997,32.95171906200005],[-81.29210383699996,32.94854607900004],[-81.21148986399999,32.85027946100007],[-81.20194756699993,32.75521516300006],[-80.94871248399994,32.632336043000066],[-80.80182193599995,32.34348921800006],[-80.78875277899994,32.36442428400005],[-80.82285618499998,32.40139252100005],[-80.83838964299997,32.50528200900004],[-80.86498571899995,32.528551667000045],[-80.84051824299996,32.52760943800007],[-80.81666874799998,32.493860803000075],[-80.79055332299998,32.503836240000055],[-80.80373691899996,32.448740556000075],[-80.78592227499996,32.40588242200005],[-80.67831725799994,32.29809050000006],[-80.66421813299996,32.29850630300007],[-80.66190642699996,32.333132318000025],[-80.68404693799994,32.35780578400005],[-80.68757935099995,32.425245834000066],[-80.66961975199996,32.43521364000003],[-80.68530579199995,32.451204854000025],[-80.66304321299998,32.448408682000036],[-80.67152709999993,32.366877137000074],[-80.65148467199998,32.35861450200008],[-80.63839262799996,32.374525608000056],[-80.64539640999999,32.26336149000008],[-80.62862699599998,32.25692609500004],[-80.59221951499995,32.276850264000075],[-80.55836025499997,32.32229476300006],[-80.58248440399996,32.27316907900007],[-80.45750725799996,32.31911712300007],[-80.48443139899996,32.348864140000046],[-80.44974816199993,32.34141021900007],[-80.43030083199994,32.40646989700008],[-80.43784630499994,32.414255695000065],[-80.46464837599996,32.38477189400004],[-80.55119625099996,32.34276824900007],[-80.54727474199996,32.364626470000076],[-80.45525658899999,32.409327105000045],[-80.47365457199999,32.44161045300007],[-80.54947201199997,32.45530565800004],[-80.59678953099996,32.44409044400004],[-80.55265347099999,32.468073453000045],[-80.55366055099995,32.483110993000025],[-80.60628813199997,32.50015887700005],[-80.68185730699997,32.49629840000006],[-80.68068238099994,32.518614384000045],[-80.71490022599994,32.52872714800003],[-80.56984250399995,32.50594959000006],[-80.58317869099994,32.55383168100008],[-80.55295101899998,32.51180515200008],[-80.53013149399999,32.50943622600005],[-80.54775540299994,32.565996753000036],[-80.52024379599999,32.52716312800004],[-80.59006385499998,32.659523655000044],[-80.43834266499994,32.84488574100004]]],[[[-79.22276108699998,33.28557471400006],[-79.22580222299996,33.291117504000056],[-79.23771754899997,33.28736438800007],[-79.22276108699998,33.28557471400006]]],[[[-99.85971386899996,34.52525482000004],[-99.54242938999994,34.59177994600003],[-99.33882783999996,34.653266356000074],[-99.36369879399996,34.68224964700005],[-99.42425310599998,34.71057405200003],[-99.68511514299996,34.70791516300005],[-99.81634687599995,34.72743381500004],[-99.98596695999998,34.81825818400006],[-100.08002811999995,34.80318144000006],[-100.17994748199999,34.73607408200007],[-100.21224492499994,34.68603139500004],[-100.20047211799994,34.60357614800006],[-99.89332735499994,34.51814950800008],[-99.85971386899996,34.52525482000004]]],[[[-91.83767258999995,34.84152916700003],[-91.77287149299997,34.86040985300008],[-91.74958686199994,34.930301744000076],[-91.89226994899997,34.93579024400003],[-91.97376427099994,34.912341567000055],[-91.95628703899996,34.84012427600004],[-91.83767258999995,34.84152916700003]]],[[[-78.53870640099996,33.855444893000026],[-78.53199253399998,33.85945032600006],[-78.54362736199994,33.858233437000024],[-78.53870640099996,33.855444893000026]]],[[[-78.53241214999997,33.86673258500008],[-78.53428327199998,33.87124115200004],[-78.53923282999995,33.869669903000045],[-78.53241214999997,33.86673258500008]]],[[[-78.55739842499997,33.858927712000025],[-78.54110203299996,33.87502574000007],[-78.54836113599998,33.88675897400003],[-78.57290898799994,33.87608240900005],[-78.55739842499997,33.858927712000025]]],[[[-92.77920464199997,35.02114712400004],[-92.70276294399997,35.061427441000035],[-92.68971161299999,35.08950682600005],[-92.74898009899994,35.15325143700005],[-92.76080542699998,35.20907908400005],[-92.82606326199999,35.247309320000056],[-92.84808226699994,35.23954570400008],[-92.87623725899994,35.18657873700005],[-93.17095431399997,34.96352105400007],[-93.13500787399994,34.898352472000056],[-93.02629810199994,34.89030135000007],[-92.77920464199997,35.02114712400004]]],[[[-77.97098772699997,33.90735532300005],[-77.97309344199994,33.91148664200006],[-77.97488634899997,33.906516090000025],[-77.97098772699997,33.90735532300005]]],[[[-77.95046464799998,33.88789654900006],[-77.94506266599996,33.90997689200003],[-77.96590654799996,33.889987003000044],[-77.97727434899997,33.89973737100007],[-78.00586932799996,33.86339855600005],[-77.96377031499998,33.844473839000045],[-77.95046464799998,33.88789654900006]]],[[[-77.98198931599995,33.90982343300004],[-77.97675555099994,33.91973401800004],[-77.98627703699998,33.91535474500006],[-77.98198931599995,33.90982343300004]]],[[[-100.94714721999998,35.05490640900007],[-100.73708106099997,35.255929156000036],[-100.66267505499997,35.39687044900006],[-100.62993450499994,35.57572664400004],[-100.63267437499997,35.620795964000024],[-100.66657781299995,35.69259949600007],[-100.76638598699998,35.75369782200005],[-100.85537394499994,35.87431076200005],[-100.95403093699997,35.911644925000076],[-101.14557016699996,35.87274399300003],[-101.63205369599996,35.36927736100006],[-101.53239751699999,35.20558368500008],[-101.32244760499998,35.07032451200007],[-101.01311965599996,34.955898269000045],[-100.94714721999998,35.05490640900007]]],[[[-78.16811746799993,34.271376417000056],[-78.08589855599996,34.37163547400007],[-78.01001379899998,34.62687570700007],[-77.94233156099995,34.73771865200007],[-77.95049856799994,34.77543101600003],[-78.00312575899994,34.808179393000046],[-78.09542608599997,34.83569155400005],[-78.26337263599999,34.769319049000046],[-78.35427108699997,34.572134591000065],[-78.44667879199994,34.45817459800003],[-78.59171481599998,34.365617892000046],[-78.81470270199998,34.291333758000064],[-78.99713609399998,34.29149943400006],[-79.29268799299996,34.13958246300007],[-79.37805904499999,34.010617668000066],[-79.53287567599995,33.93873317600003],[-79.77593619899994,33.91285280400007],[-79.92883414199997,33.84696384100005],[-80.01942470799997,33.72513304900008],[-80.06888476199998,33.56388075900003],[-79.98008191299994,33.203768084000046],[-79.99191875299994,33.061178933000065],[-80.07805700499995,32.93627117200003],[-80.15818418799995,32.88260913000005],[-80.20043946799996,32.758679692000044],[-80.21104664499995,32.705859642000064],[-80.19368273299995,32.71797433900008],[-80.18236070899997,32.70514551000008],[-80.21356494099996,32.69124474800003],[-80.21999651799996,32.591089848000024],[-80.19819933099996,32.594580300000075],[-80.18003373599998,32.56119787500006],[-80.16588120499995,32.562006592000046],[-80.10348037099999,32.596605906000036],[-79.99389171599995,32.611624375000076],[-80.00129986199994,32.62854637700008],[-80.04741193399997,32.64260735200003],[-80.02505017399994,32.645605706000026],[-80.00326061799996,32.68913904200008],[-79.99701977099994,32.665857938000045],[-80.01363659599997,32.64368309900004],[-80.00281811099995,32.63812508500007],[-79.89663979599999,32.676314029000025],[-79.98141757399998,32.785851079000054],[-79.97892760799994,32.829123802000026],[-80.01785566099994,32.83043927400007],[-79.97828575899996,32.84027025700004],[-79.97651456899996,32.87101176400006],[-79.99226853099998,32.88003895200006],[-79.98642844999995,32.923765729000024],[-79.96082627099997,32.92686534100005],[-79.87692949199999,32.99113697800004],[-79.57102855799997,33.11928464600004],[-79.42420006499998,33.26608334600007],[-79.28907857999997,33.28572913000005],[-79.29425317499994,33.32491954200003],[-79.26648980099998,33.38820920000006],[-79.26320152899996,33.36313519000004],[-79.18661001899994,33.44294249100005],[-79.25900535999995,33.32894404900003],[-79.27662163699995,33.32738765300007],[-79.27221184399997,33.30320246600007],[-79.20411184799997,33.30306514000006],[-79.19888690799996,33.28271373500007],[-79.17471051199999,33.27981125000008],[-79.16414906899996,33.32109340400007],[-79.18303182699998,33.335955469000055],[-79.17978170499998,33.35774502500004],[-79.17306020499996,33.339438287000064],[-79.15372731399998,33.34367641800003],[-79.14554097499996,33.38768659100003],[-79.09407306699995,33.46965301000006],[-78.92973586699998,33.64879123800006],[-78.73921457699998,33.78895088500008],[-78.55430851699998,33.85158441900006],[-78.57812749499999,33.86846064200006],[-78.62192786199995,33.86527536700004],[-78.55906163299994,33.89116572700004],[-78.63167823699996,33.97843075700007],[-78.68089952099996,34.10320776900005],[-78.61637743499995,34.181083357000034],[-78.53382660599993,34.223093204000065],[-78.41978958399994,34.222541309000064],[-78.38600175799996,34.03858562900007],[-78.30928766099998,33.91205589400005],[-78.24196864399994,33.91724301200003],[-78.21732569399995,33.95415021700006],[-78.19530725299995,33.92425442900003],[-78.23089838899995,33.917075166000075],[-78.02118915699998,33.89185620300003],[-78.03235859599994,33.90978146900005],[-78.00483173199996,33.92568113200008],[-78.20373871399994,34.03759470400007],[-78.29588088999998,34.15953908500006],[-78.16811746799993,34.271376417000056]]],[[[-82.93749999999994,35.39611110000004],[-82.99497647199996,35.40571987000004],[-83.07221601499998,35.49382821100005],[-83.12546139899996,35.52167149200005],[-83.19696923299995,35.50702813100003],[-83.25582524099997,35.474504316000036],[-83.32755674799995,35.36158228900007],[-83.63437196799998,35.23566253300004],[-83.68298155099995,35.16956456500003],[-83.54973879199997,35.10249992700005],[-83.43183079799996,35.12966834300005],[-83.34226507699998,35.18064330800007],[-83.25646322999995,35.16581199400008],[-83.14935694399998,35.09538564200005],[-82.66625059399996,35.196581955000056],[-82.64052959799994,35.322737852000046],[-82.72700146199998,35.37297282700007],[-82.89780757099999,35.36637166000003],[-82.93749999999994,35.39611110000004]]],[[[-90.36114892599994,36.094141437000076],[-90.26039689299995,36.18873539600003],[-90.23335083899997,36.27026528500005],[-90.25822029199998,36.35429201000005],[-90.31561299599997,36.42329142700004],[-90.42702171099995,36.469937092000066],[-90.57340079699998,36.46837823100003],[-90.70243310499995,36.41619537400004],[-90.79367953099995,36.30428064600005],[-90.78146447399996,36.17953890000007],[-90.73362224299996,36.119467013000076],[-90.49944384399998,36.050908786000036],[-90.36114892599994,36.094141437000076]]],[[[-100.95244502699995,36.51742615300003],[-100.76509574099998,36.55800136900007],[-100.75243384299995,36.593975526000065],[-100.78449877199995,36.62817313600004],[-100.85389005199994,36.660860143000036],[-101.04887809099995,36.629751517000045],[-101.07785052999998,36.59825555100008],[-101.07304716199997,36.54926248000004],[-101.04616840399996,36.51822952200007],[-100.95244502699995,36.51742615300003]]],[[[-99.56289730799995,36.711977353000066],[-99.67868518899996,36.78530061500004],[-99.82011600999999,36.76907737700003],[-99.88218502899997,36.66663699500003],[-99.84598466299997,36.54370540200006],[-99.79651058299999,36.45072838800007],[-99.80841097599995,36.39125202900004],[-99.91811036499996,36.352249580000034],[-100.27212275199997,36.29283840000005],[-100.33623449599997,36.24323483400008],[-100.28061404799996,36.18021013600003],[-100.33568579499996,36.15339053100007],[-100.04067130599998,36.05461686800004],[-99.94080869399994,35.931802435000066],[-99.91560071199996,35.784824005000075],[-99.85609451599998,35.721731576000025],[-99.76822694699996,35.736381289000064],[-99.56898407099999,35.89624888600008],[-99.35252386699995,36.020761994000054],[-99.10375814199995,36.09841996100005],[-98.96991644699995,36.090009982000026],[-98.84559619399994,35.93939806700007],[-98.84227777299998,35.850828911000065],[-98.91364503599999,35.78408623100006],[-99.00079694799996,35.74645055900004],[-99.25331200699998,35.78117490300008],[-99.39243813299998,35.75363393600003],[-99.51480937799994,35.685038845000065],[-99.57779159799998,35.612203375000036],[-99.64490328699998,35.474150956000074],[-99.72255590899994,35.40667652900004],[-99.64958811399998,35.187333512000066],[-99.64297239199999,35.125250589000075],[-99.46566257899997,34.92947504500006],[-99.34660772799998,34.879686537000055],[-99.17396560199995,34.77778811200005],[-98.90611443399996,34.722790420000024],[-98.78655361299997,34.73508639900007],[-98.68062107099996,34.772715892000065],[-98.64238183799995,34.856588216000034],[-98.63813260399996,35.08111100000008],[-98.35636998799998,35.19944071100008],[-98.29327859599994,35.29528177200007],[-98.32512522999997,35.37742329300005],[-98.43071943099994,35.46396918900007],[-98.46202176199995,35.52243315700008],[-98.42070156499994,35.61194685100003],[-98.33468605399997,35.690505752000035],[-98.27186597699995,35.80991810800003],[-98.26712524199996,35.898645507000026],[-98.24017156799994,35.98778648200005],[-98.18232531899997,36.03612703300007],[-98.15555923999995,36.137049269000045],[-98.18001707699995,36.21340395000004],[-98.24805097799998,36.25349532600006],[-98.38321660199995,36.29813666000007],[-98.64820917099996,36.340719798000066],[-98.84939461499994,36.33751234600004],[-98.92834693199995,36.41987445400008],[-98.98856229399996,36.56221674500006],[-99.06528078199995,36.61345029700004],[-99.18689505799995,36.663453907000076],[-99.44149570299999,36.674156579000055],[-99.56289730799995,36.711977353000066]],[[-99.47931796999995,36.08730671600006],[-99.54325248699996,36.10428601800004],[-99.57884753399998,36.15411383000003],[-99.52173524099999,36.24354289400003],[-99.31471045699999,36.379227480000054],[-99.22994750999999,36.495976315000064],[-99.10633477999994,36.51086409100003],[-99.05347651199997,36.467327993000026],[-99.01341255899996,36.32070473400006],[-99.05206879599996,36.182121006000045],[-99.20707827299998,36.103038294000044],[-99.41855896599998,36.07113172000004],[-99.47931796999995,36.08730671600006]],[[-99.85130364999998,35.77578648700006],[-99.90438072699999,35.814349220000054],[-99.92277935099997,35.87211769600003],[-99.83554065999999,35.89977176100007],[-99.74654744499998,35.87918127200004],[-99.72037277199996,35.81475209300004],[-99.77335381299997,35.75191009100007],[-99.85130364999998,35.77578648700006]],[[-99.19494670399996,34.91941327400008],[-99.22401431499998,35.09016190500006],[-99.27721482399994,35.136009311000066],[-99.47143151299997,35.219161334000034],[-99.54931683399997,35.31738680300003],[-99.53847546799994,35.40050856400006],[-99.42213452399994,35.42807596800003],[-99.32429187799994,35.37716590500003],[-99.12636357199995,35.388486672000056],[-99.05106851999994,35.34315318100005],[-98.88230987499998,35.15225987500003],[-98.85705218699997,35.06416624700006],[-98.90164094299996,34.95292447700007],[-99.00385954299998,34.888969761000055],[-99.13489387299995,34.879623425000034],[-99.19494670399996,34.91941327400008]]],[[[-78.30834518299997,36.42824789000008],[-78.20547936699995,36.44114114900003],[-77.97148189999996,36.52447482600007],[-77.88040522399996,36.631197659000065],[-77.92096527299998,36.76724231600008],[-78.11841589099998,36.830689508000034],[-78.16514738099994,36.822389876000045],[-78.27711417499995,36.736200781000036],[-78.38306002199994,36.691466493000064],[-79.00839106199999,36.575361721000036],[-79.21041002099997,36.55297498500005],[-79.31359458299994,36.61093947100005],[-79.94165097299998,36.54686813100005],[-80.08639399699996,36.41979444700007],[-80.05070407899996,36.26564660500003],[-79.92298418399997,36.124002345000065],[-79.62506135299998,36.13322064700003],[-79.45821789799999,36.288312430000076],[-79.07923775299997,36.35562238700004],[-78.30834518299997,36.42824789000008]]],[[[-78.75324216899998,36.78386368500003],[-78.66681998399997,36.807321814000034],[-78.67942513299994,36.905200266000065],[-78.78903779899997,36.979573652000056],[-78.82180954199998,37.06830587700006],[-78.77459313499998,37.17913888000004],[-78.77831260099998,37.239071172000024],[-78.82845169699993,37.249410245000036],[-78.89740183699996,37.23967049400005],[-79.10013710599998,37.13526581000008],[-79.21791231199995,37.01833575300003],[-79.23187316499997,36.93031772000006],[-79.20578437699999,36.86484797700007],[-79.12427772099994,36.820494534000034],[-78.83565067699999,36.77807316600007],[-78.75324216899998,36.78386368500003]]],[[[-109.76177262499999,37.37314048600007],[-109.67349025499999,37.450619680000045],[-109.67001590999996,37.57089108400004],[-109.88053908699999,37.69004694000006],[-110.04167960199999,37.821615775000055],[-110.12235107899994,37.83929867200004],[-110.24568737699997,37.786159704000056],[-110.49630919699996,37.42653513000005],[-110.48116957299999,37.34248308700006],[-110.42106625999998,37.307308583000065],[-110.33084477499995,37.29725514900008],[-110.24366983199997,37.31186166700007],[-109.87156446599994,37.31167288000006],[-109.76177262499999,37.37314048600007]]],[[[-78.15142947999993,38.234818982000036],[-78.59159654099994,38.234334112000056],[-78.65658874099995,38.252148979000026],[-78.70307861799995,38.23932414500007],[-78.80518661699995,38.18583952200004],[-78.94842710499995,38.05500900100003],[-79.48457535199998,37.825195321000024],[-79.50811303899997,37.724242969000045],[-79.44749758399996,37.68534163700008],[-79.29188123799997,37.721742633000076],[-78.90956308799997,37.761731972000064],[-78.65107829699997,37.81342564500005],[-78.21344083799994,37.82810291800007],[-77.74280027699996,37.97777601000007],[-77.71706229799997,38.00832869200008],[-77.78230533299995,38.06337352400004],[-78.05619305499994,38.13807293100007],[-78.15142947999993,38.234818982000036]]],[[[-100.23861044399996,40.345417491000035],[-99.90123188099994,40.48254860700007],[-99.85615016099996,40.568693790000054],[-99.85960511999997,40.63242062200004],[-99.98194680899996,40.61214489900004],[-100.19388808099995,40.53480993100004],[-100.31109761499994,40.349860342000056],[-100.32118555999995,40.28043916900003],[-100.23861044399996,40.345417491000035]]],[[[-74.73028722899994,39.11575345700004],[-74.89000251899995,39.11613068300005],[-74.96429608499994,38.98682428400008],[-74.96988080099999,38.93558526100003],[-74.96094677599996,38.925647972000036],[-74.89003916099995,38.93767953300005],[-74.87822885499997,38.942249540000034],[-74.90310068999997,38.94625115800005],[-74.87652749999995,38.95675683800005],[-74.87607736599995,38.98304773700005],[-74.84114235899995,38.98269678500003],[-74.86888284499997,38.96675134700007],[-74.85225075899996,38.955017336000026],[-74.79914253099997,38.98915125700006],[-74.78618781499995,39.00640513500008],[-74.79929511999995,39.02540996100004],[-74.76862494599999,39.06083324800005],[-74.78952949499995,39.10112408700007],[-74.75867621399993,39.09575680900008],[-74.77442328599994,39.02682521500003],[-74.70651402699997,39.09947995700003],[-74.73028722899994,39.11575345700004]]],[[[-75.58509749399997,38.90526164900007],[-75.52972204099996,39.05620058200003],[-75.44024453399999,39.11031693000007],[-75.39979285899994,39.11164038000004],[-75.41183651899996,39.155124930000056],[-75.39039028899998,39.21040753500006],[-75.40220059599994,39.25755720400008],[-75.42653074399993,39.286129291000066],[-75.58184120699997,39.275173994000056],[-75.79555019599997,39.28398582900007],[-75.83395573199994,39.238418393000075],[-75.84331250999998,39.119444663000024],[-75.83770779299994,38.99170778000007],[-75.80109659099998,38.909082811000076],[-75.72605962099993,38.874641489000055],[-75.58509749399997,38.90526164900007]]],[[[-74.54240571099996,39.304519981000055],[-74.53289948399998,39.32084307400004],[-74.54835664099994,39.31131777300004],[-74.54240571099996,39.304519981000055]]],[[[-74.41326291499996,39.41193043800007],[-74.41860349299998,39.42326772100006],[-74.41921384399996,39.41102635400006],[-74.41326291499996,39.41193043800007]]],[[[-74.44601591399999,39.40242802400007],[-74.42814023999995,39.41601979400008],[-74.44301756499993,39.43008076900003],[-74.44601591399999,39.40242802400007]]],[[[-99.92891365499997,41.230199166000034],[-99.95374427999997,41.24383589800004],[-99.99563422799997,41.237265094000065],[-100.03428145499998,41.199684597000044],[-100.17644405899995,41.21330154900005],[-100.23541316699999,41.19921001000006],[-100.27522233499997,41.165179151000075],[-100.33398233699995,41.16020004600006],[-100.41667685899995,41.061257511000065],[-100.44714652399995,40.939558315000056],[-100.42064537999994,40.81985387000003],[-100.46224477099997,40.726161803000025],[-100.71361547299995,40.51131127200006],[-100.73738295899994,40.434614827000075],[-100.68729514199998,40.425101690000076],[-100.53387073999994,40.505090220000056],[-100.44131452599999,40.63350576900007],[-100.25927355899995,40.78134781600005],[-100.27196744199995,40.82395200900004],[-100.11446043599994,40.979275348000044],[-99.90661356499999,41.01013978100008],[-99.92891365499997,41.230199166000034]]],[[[-74.34115981199994,39.47550335900007],[-74.36848598799997,39.47444571200003],[-74.36557155599996,39.43953741000007],[-74.38704067799995,39.42142903700005],[-74.37752681899997,39.413711904000024],[-74.41864926799997,39.387909284000045],[-74.39782101299994,39.38109623500003],[-74.36266475399998,39.399193163000064],[-74.34115981199994,39.47550335900007]]],[[[-74.38099056999994,39.47763098400003],[-74.41372831399997,39.51845588100008],[-74.41171278799999,39.54038282800008],[-74.58651196299996,39.457331931000056],[-74.61776264199995,39.42589281700003],[-74.56089714599995,39.309449259000075],[-74.55610047999994,39.33624301000003],[-74.53290711299996,39.33625445500007],[-74.50971374899996,39.37433658600003],[-74.48650512299997,39.36345706700007],[-74.53229675999995,39.30361589800003],[-74.41333157599996,39.355720863000045],[-74.41330868999995,39.37476002100004],[-74.44066007799995,39.39653431700003],[-74.47757110099997,39.39201389900006],[-74.48054656799997,39.413772935000054],[-74.44358976999996,39.45818365200006],[-74.40251309599995,39.434131981000064],[-74.40126950599995,39.47221029700006],[-74.38099056999994,39.47763098400003]]],[[[-74.38984067399997,39.53838386500007],[-74.38375020699993,39.53876373300005],[-74.39716476499996,39.54640442700003],[-74.38984067399997,39.53838386500007]]],[[[-100.27787346999997,41.39493231600005],[-100.18575562099994,41.467368865000026],[-100.26225340099995,41.51733967900003],[-100.53177632199998,41.573933339000064],[-100.72787060599995,41.55686118400007],[-100.74902515599996,41.52255215500003],[-100.36969100799996,41.36771559500005],[-100.32163157299999,41.364074009000035],[-100.27787346999997,41.39493231600005]]],[[[-108.23154741299999,40.92600497400008],[-108.15295762899996,41.04621514400003],[-108.20070866699996,41.12247100600007],[-108.30521554199998,41.12221419100007],[-108.40195718099994,41.01595436200006],[-108.45648110699995,40.92741724800004],[-108.30747037999998,40.88867397900003],[-108.23154741299999,40.92600497400008]]],[[[-108.84834829299996,41.149878510000065],[-108.94413161299997,41.192087343000026],[-109.10091357699997,41.22310204400003],[-109.22710848799994,41.26696235700007],[-109.28194050799999,41.305709465000064],[-109.36492267999995,41.32370745000003],[-109.41985890399997,41.32550489600004],[-109.48926858899995,41.20789572900003],[-109.47557709999995,41.14614940400003],[-109.35168818599999,41.07690145400005],[-109.29338607399995,41.00118061400008],[-109.22720201699997,41.00849640000007],[-109.17985421299994,41.06582144600003],[-109.12834698199998,41.095933907000074],[-109.07761174299998,41.06504391100003],[-109.07969291499995,41.00056180100006],[-109.04984827899995,40.93459038300006],[-108.98863361199994,40.88120520900003],[-108.77863204899995,40.79604525000008],[-108.73359284299994,40.83753616400003],[-108.72132504599995,40.88196395400007],[-108.78483485999999,40.90923239400007],[-108.80124453199994,40.94384299700005],[-108.78461409599998,41.01645001700007],[-108.80506680399998,41.08435600700005],[-108.84834829299996,41.149878510000065]]],[[[-112.63649605599994,39.552265129000034],[-112.65811597399994,39.62926427900004],[-112.66001772899995,39.890348276000054],[-112.17211117499994,40.00979455800007],[-111.81730863299998,40.27183402700007],[-111.75359167899995,40.29990698800003],[-111.77075314399997,40.41987736100003],[-111.76937531599998,40.58530167500004],[-111.82871138999997,40.72156640400004],[-111.92615580599994,40.82131452100003],[-112.12111786799994,40.90735658300008],[-112.53167368499999,40.890170762000025],[-113.13364232699996,40.954831152000054],[-113.41046156099998,40.966453698000066],[-113.61371630199994,40.96705197800003],[-113.83234483399997,40.93268327700008],[-113.87080289399995,40.91279951000007],[-113.88724660199995,40.86356290700007],[-113.83157757799995,40.77767935400004],[-113.79230199899996,40.62390164200008],[-113.80994210199998,40.456693855000026],[-113.91934708099996,40.14158902500003],[-113.92102778399999,39.834427299000026],[-113.87252043399997,39.28761934000005],[-113.86187792399994,38.77285864900006],[-113.75951488999999,38.15937459100007],[-113.43985333699999,37.712289068000075],[-113.11831118299995,37.691084096000054],[-112.86571391799998,37.801338549000036],[-112.66955830699999,38.119699154000045],[-112.54903622799998,38.35262664100003],[-112.36149751499994,38.377955032000045],[-112.22787531399996,38.29884910000004],[-111.92103722599995,38.17532798800005],[-111.43331422799997,37.922510455000065],[-111.31031451299998,37.93267474500004],[-111.19885263099997,37.96559986200003],[-111.07817355999998,38.03002717500004],[-110.90526720399998,37.96349786400003],[-110.41645436699997,38.08068181700003],[-110.73560776099998,38.38046973100006],[-110.81858887499999,38.589252739000074],[-110.66145015399997,38.67510826400007],[-110.56526342599994,38.764694184000064],[-110.65600016599996,38.90226290600003],[-110.82416374399997,39.01350647900006],[-111.04194900399995,39.07490308300004],[-111.09981957999997,39.29465697300003],[-111.01404897299994,39.469635528000026],[-111.00843034499997,39.587912406000044],[-110.98066564499999,39.700835324000025],[-110.80457106599994,39.91500018100004],[-110.81628477199996,39.97510934200005],[-111.08452013099998,39.852685317000066],[-111.27452346499996,39.86676132200006],[-111.53519442299995,39.752531076000025],[-111.90804591999995,39.615868327000044],[-112.00772801599999,39.45388288200007],[-112.25008285099995,39.32577429200006],[-112.42345551699998,39.175565548000066],[-112.52598730399995,39.156076735000056],[-112.63649605599994,39.552265129000034]]],[[[-100.87810764999995,41.79958187600005],[-100.70872865999996,41.89967378500006],[-100.54812179899994,41.94994676500005],[-100.51952481899997,41.99354055800006],[-100.52044827999998,42.07370945400004],[-100.79845222399996,42.31951986000007],[-101.09227331099999,42.41008009800004],[-101.21029546899996,42.38822381800003],[-101.28294341199995,42.32129731300006],[-101.21158957199998,42.14647289800007],[-101.14581229199996,42.04250136500008],[-101.16843514799996,41.95632277000004],[-101.13823520399995,41.80831961900003],[-101.01067380499995,41.763415027000065],[-100.87810764999995,41.79958187600005]]],[[[-98.64804307399999,42.608634994000056],[-98.74626836299996,42.663817909000045],[-98.76956452299999,42.89148615000005],[-98.92177423399994,42.89208146300007],[-99.04091809799996,42.97091631400008],[-99.21693669499996,42.966706301000045],[-99.25159534099998,42.91386616900007],[-99.23627563499997,42.81553194700007],[-99.05419542799996,42.78438337500006],[-98.96489393999997,42.75091056200006],[-98.93263862899994,42.680581662000066],[-98.81403307299996,42.541931239000064],[-98.80538379799998,42.39893594900008],[-98.71709985999996,42.18097103700006],[-98.64644792499996,42.104336885000066],[-98.46780548799995,41.97299611900007],[-98.36102615299995,41.95369928800005],[-98.27592553499994,42.02496185200005],[-98.26929517899998,42.08381557000007],[-98.23609128299995,42.13902574800005],[-98.16108914499995,42.191489571000034],[-97.95263120899995,42.26742270900007],[-97.67526624799996,42.34034638700007],[-97.50165628299999,42.343388170000026],[-97.25072608199997,42.42350414100008],[-97.13389835399994,42.403276307000056],[-97.01751725499997,42.40424004800008],[-96.84354804799995,42.46938579000005],[-96.76685923899998,42.56216927300005],[-96.78595127499995,42.65467661000008],[-96.87984688599994,42.68238678000006],[-97.07664171899995,42.733938538000075],[-97.51728421099995,42.72805741600007],[-97.51198549499998,42.78389487700008],[-97.61343975799997,42.81025362200006],[-97.31642090799994,42.825451343000054],[-97.27951172399997,42.87813936500004],[-97.31491672599998,42.931603960000075],[-97.38630323699994,42.94205730400006],[-97.66920209299997,42.910330402000056],[-98.20809310099997,42.94497876100007],[-98.36404994299994,42.928039141000056],[-98.54676725499996,42.938148338000076],[-98.53760825899997,42.834192477000045],[-98.42004535199999,42.80458136500005],[-98.39353137499995,42.68618959100007],[-98.52070747199997,42.60330860600004],[-98.64804307399999,42.608634994000056]]],[[[-111.44726764999996,44.18418680900004],[-112.15577513099998,44.05188321900005],[-112.70926675099997,43.998658429000045],[-112.87195205699999,43.96337789300003],[-113.104421533,43.86812821400008],[-113.22011949399996,43.54923859300004],[-113.32274615999995,43.36211390700004],[-113.52358307199995,43.24842773300003],[-113.73886402,43.21252592400003],[-114.11599382699995,43.212706816000036],[-114.36181037399996,43.25563950500003],[-114.50410696199998,43.25818768400006],[-114.65993865699994,43.227813156000025],[-114.94848546199995,43.21981410400008],[-115.09961813299998,43.25129816900005],[-115.38563408399995,43.20007399000008],[-115.59720957899998,43.13896050900007],[-116.38610775599994,43.05817614400007],[-116.57106974199996,43.00251597500005],[-116.65922585599998,43.01038497900004],[-116.83901114699995,42.96310966600004],[-116.92152802299995,42.92305728000008],[-117.09542975699998,42.88356104500008],[-117.56071507099995,42.67019599400004],[-117.78880238699998,42.40813403000004],[-117.64610119499997,42.13162579300007],[-117.11582791999996,41.835652536000055],[-116.84649604599997,41.639005772000075],[-116.68733099399998,41.56186711000004],[-116.43087103899995,41.54672188600006],[-116.20930780599997,41.50077907200006],[-116.02546658499995,41.48321631500005],[-115.84245873999998,41.42094428300004],[-115.61524118299997,41.12085255000005],[-115.38595996899994,41.10528324500007],[-115.06108583399998,41.148424411000065],[-114.41394234999996,41.29775437100005],[-114.14091106499995,41.30542103700003],[-114.06096740299995,41.24813797100006],[-113.97187780599995,41.21855775100005],[-113.51588880799994,41.62457175000003],[-113.05965136999998,41.93363062100008],[-112.95817369099996,41.96359864000004],[-112.70185745099997,41.86118132000007],[-112.08654146199996,41.990812247000065],[-112.01377153499999,42.161461710000026],[-112.12599487099999,42.278962258000035],[-112.13053876499998,42.326404471000046],[-112.11177418299997,42.38637551200003],[-111.94725448099996,42.469279662000076],[-111.86025451799998,42.669161330000065],[-111.84224468099995,42.679293708000046],[-111.63015472599994,42.726870105000046],[-111.08855322999995,42.57721912200003],[-110.60932917799994,42.650761000000045],[-110.33458587299998,42.723801312000035],[-110.34764955799994,42.908579848000045],[-110.37027360999997,42.968761561000065],[-110.33147573499997,43.08463564900006],[-110.30265092199994,43.10333060500005],[-110.27254150599998,43.19285470500006],[-110.29685405999999,43.236106962000065],[-110.43256499299997,43.28351781500004],[-111.01719746599997,43.318219198000065],[-111.13144334099997,43.38421148600003],[-111.17938434199999,43.46506545200003],[-111.12027692999999,43.55835125800007],[-110.92133251199999,43.68524897900005],[-110.85958161299999,43.782668009000076],[-110.82396414799996,43.91569256100007],[-111.07693147999998,44.12032869500007],[-111.44726764999996,44.18418680900004]],[[-116.72642161499999,42.85504164100007],[-116.61292505299997,42.86733911600004],[-116.39179999199996,42.81041494600004],[-116.00265338299994,42.63508361100003],[-115.53797143299994,42.488416733000065],[-115.37020447099997,42.48003005900006],[-115.09718636699995,42.49680770100008],[-114.86510280299996,42.442170428000054],[-114.33495809999994,42.37141875000003],[-113.67362863899996,42.41996212400005],[-113.48615855299994,42.41380258000004],[-113.29571363899998,42.346264845000064],[-113.22779750099994,42.23384139400008],[-113.27202947799998,42.01908541500006],[-113.33072907099995,41.983053003000066],[-113.40315201199996,41.96383216900006],[-114.11465925899995,42.06095895900006],[-114.70324702199997,41.98568136100005],[-114.98238291299998,42.07397247400007],[-115.32485458599996,42.115665963000026],[-115.92973846299998,42.00997422300003],[-116.68267778399996,42.00322229100004],[-116.96778013499994,42.185011761000055],[-116.98395717199998,42.335116321000044],[-116.98859571699995,42.47987632100006],[-116.96271044199995,42.65513684800004],[-116.88524607899996,42.77693971800005],[-116.79152454799998,42.847941293000076],[-116.72642161499999,42.85504164100007]]],[[[-100.25699418899995,44.85858165600007],[-100.20175809299997,44.89687662700004],[-100.29237595899997,44.985400163000065],[-100.56999649199997,45.02355462400004],[-100.68649422199996,45.01523518700003],[-100.66660574999997,44.96967878000004],[-100.63222579899997,44.95581377100007],[-100.25699418899995,44.85858165600007]]],[[[-107.12643335199999,44.09367010400007],[-107.2524072,44.092437904000064],[-107.47855515099997,44.22025792900007],[-107.64970261399998,44.36412031000003],[-107.78876594599996,44.44020505700007],[-107.99519437699996,44.49932195500003],[-108.43091320799999,44.48359873600003],[-109.502005425,44.70336553800007],[-109.63088108599999,44.62299479400008],[-109.57892024199998,44.277684358000045],[-109.57754075399998,44.18224282500006],[-109.59729679699996,44.05916048100005],[-109.68508837999997,43.95451787300004],[-109.54209438899994,43.82652298600004],[-109.37115435999999,43.78876542300003],[-108.97122061899995,43.786028342000066],[-108.92985229299995,43.73232623000007],[-108.94370339899996,43.68623988600007],[-108.90399988999997,43.56389705200007],[-108.84851144099997,43.48466908600005],[-108.71081153499995,43.38764388800007],[-108.66958761099994,43.27732021600008],[-108.68330448999995,43.206519772000036],[-108.65885373799995,43.123721448000026],[-108.72839974099998,42.96902033600003],[-108.73672777799999,42.80196285300008],[-108.65981282799999,42.73634689100004],[-108.46719041799997,42.65466189700004],[-108.34518754599998,42.58349276200005],[-108.21844593899999,42.468599538000035],[-107.81293307299995,42.47645508800008],[-107.44750265099998,42.27854681200006],[-106.52775673299999,42.13051687300003],[-106.37388953699997,42.12664643900007],[-106.22976681499995,42.098172272000056],[-106.19377478199999,41.96066192300003],[-106.47306253099998,41.710971338000036],[-106.38213441399995,41.59876226000006],[-106.07098684299996,41.56756487200005],[-105.97093522899996,41.29657483400007],[-105.79160548499999,41.12218677800007],[-105.75179687199994,41.00018697400003],[-105.55522876999999,40.75291414000003],[-105.39873700299995,40.60479050500004],[-105.23847513599998,40.48800235900006],[-105.24715551899999,40.30330748500006],[-105.44430448099996,40.149594454000066],[-105.61248193599994,40.150124222000045],[-105.79711780699995,40.313080951000074],[-106.02439569899997,40.401499899000044],[-106.10666802399999,40.389180950000025],[-106.34423736799994,40.41293741900006],[-106.68118726499995,40.49617069200008],[-106.96168140299994,40.45817801000004],[-106.98383577099997,40.469592360000036],[-107.06415816999998,40.42917489300004],[-107.51281117999997,40.38160478100008],[-107.84240943299994,40.28059255000005],[-107.99841718199997,40.176850665000075],[-108.12842093099994,40.126710692000074],[-108.27303506299995,40.14121010000008],[-108.39219064799994,40.172359037000035],[-108.53323951199997,40.16548640000008],[-108.66426867199999,40.10228226900006],[-108.73048715699997,39.99549264500007],[-108.75562450399997,39.87141213900003],[-108.75538805099995,39.764218870000036],[-108.81145396799997,39.63278344300005],[-108.94396058699999,39.53899998300005],[-109.08036809499998,39.56475782500007],[-109.19912508299996,39.77265318600007],[-109.34423188399995,39.829949415000044],[-109.45388062999996,39.808677301000046],[-109.53612431999994,39.75805570000006],[-109.63108703399996,39.659798984000076],[-109.73019449099996,39.36436302200008],[-109.88747961099995,39.17979543700005],[-109.90280596799994,39.077852912000026],[-109.84749634299999,39.01726637000007],[-109.54947813999996,39.010300836000056],[-109.46214496199997,39.05658631600005],[-109.34835183799999,39.068945761000066],[-109.22253391499999,39.04911357300006],[-109.13502614699996,38.951682368000036],[-109.09065072399994,38.86145615800007],[-108.92298407299995,38.73789310400008],[-108.82661147999994,38.71095732600003],[-108.40690754099995,38.69127762800008],[-108.22379706199996,38.852303934000076],[-108.12559431399995,38.88365576700005],[-108.00144268399998,38.967999115000055],[-107.82481429799998,38.97076991100005],[-107.61628521999995,38.89067289600007],[-106.99936156999996,38.40257958900003],[-107.01686245699995,38.32537105100005],[-107.09132375599995,38.268737876000046],[-107.18922257499997,38.24556109200006],[-107.43105288799995,38.258857642000066],[-107.62991597299998,38.29462088100007],[-107.79301894699995,38.36672735900004],[-107.88247090099998,38.27307351300004],[-107.76484705399997,38.089952190000076],[-107.75135379699998,37.987057321000066],[-107.77456706799995,37.972162671000035],[-107.63835716599999,37.67760763200005],[-107.38954726199995,37.50661075800008],[-107.10516700099998,37.49737021300007],[-106.89463112699997,37.43094182300007],[-106.65890374999998,37.31848090700004],[-106.54730353399998,37.19680110500008],[-106.50727800699997,37.10248615000006],[-106.50518936099996,36.993510454000045],[-106.72257649499994,36.94645301000003],[-107.06945255899996,36.96317912400008],[-107.31418005499995,37.014317583000036],[-107.52871667899996,36.99393369400008],[-108.01567850799995,37.031899933000034],[-108.21417086999998,37.106766969000034],[-108.40430365999998,37.127316019000034],[-108.48996034199996,37.18178941700006],[-108.52138859099995,37.316773100000034],[-108.58941849799999,37.422431990000064],[-108.81047271999995,37.54701278500005],[-109.05636602899995,37.62382848300007],[-109.15493387199996,37.392890829000066],[-109.14038961199998,37.302748345000055],[-109.15191053099994,37.127943318000064],[-109.12294339199997,36.96423091200006],[-109.04087072399994,36.74289670600007],[-108.95514908899997,36.638743489000035],[-108.84934260899996,36.56341086300006],[-108.81859438199996,36.43323704000005],[-108.88581762199999,36.28580229100004],[-108.98878811899999,36.201148588000024],[-109.39709966299995,35.94861574000004],[-109.57007308899995,35.80667154200006],[-109.62498624199998,35.680958503000056],[-109.632316318,35.58936937300007],[-109.58796006699998,35.441669682000054],[-109.47654827999997,35.31601429800003],[-109.34337908299995,35.21949613800007],[-109.05034846799998,35.105491941000025],[-108.94067206599999,35.044173029000035],[-108.86987425999996,34.91834093800003],[-108.88128628699997,34.79009131500004],[-109.01932530899995,34.487207660000024],[-109.03042667399995,34.35888268600007],[-109.00245826199995,34.24162826000003],[-108.85140559899997,34.07125039300007],[-108.70915421799998,34.00007644800007],[-108.40798497899999,33.79888542900005],[-108.25066520399997,33.72884920300004],[-108.06493337899997,33.73515393200006],[-107.87125533899996,33.84890235300003],[-107.73305379799996,34.01005232700004],[-107.66055273299997,34.17768887100004],[-107.41799347599999,34.46888030500003],[-107.26194959799994,34.57752848800004],[-107.09838078999996,34.62433270500003],[-106.81993450799996,34.639499184000044],[-106.59410008799995,34.60695063800006],[-106.38828959699998,34.53887352100003],[-106.03001280299998,34.363798376000034],[-105.81811610699998,34.30198457100005],[-105.59369842199999,34.26748956900008],[-105.41862051599998,34.301828482000076],[-105.29580423899995,34.365003381000065],[-105.23569424699997,34.47631294400003],[-105.24260145899996,34.602229425000075],[-105.28438469599996,34.74532372500005],[-105.35483937199996,34.85283032600006],[-105.45804995099996,34.957655215000045],[-105.62345729499998,35.043030642000076],[-105.81272114899997,35.09485813500004],[-106.22445098099996,35.33931012200003],[-106.39227297399998,35.41781648700004],[-106.53133513599994,35.525320143000044],[-106.71937982299994,35.74145843000008],[-106.84168094499995,35.95673048200007],[-106.86626551599994,36.12761045700006],[-106.84297155699994,36.25624052500007],[-106.77892707399997,36.335284408000064],[-106.62732571199996,36.44872995700007],[-106.39567409299997,36.464425206000044],[-106.07470996999996,36.37315896300004],[-105.97324218799997,36.325576701000045],[-105.86946326399999,36.227378619000035],[-105.72620865399995,36.02896477200005],[-105.68140410099994,35.82437164500004],[-105.56631252999995,35.62748307700008],[-105.48255123699994,35.55442787100003],[-105.36364111999995,35.53067228700007],[-105.04759994299997,35.588569120000045],[-104.66748191899995,35.52403687300006],[-104.47736469199998,35.45146462500003],[-104.09899653499997,35.079433616000074],[-104.00161436499997,35.013025354000035],[-103.90168392699997,34.99987138500006],[-103.58901813399996,35.20562662800006],[-103.42960806299999,35.32974939300004],[-102.94787370599994,35.78428276500006],[-102.89452924799997,35.87843995500003],[-102.94223154599996,36.05600761200003],[-102.93948732499996,36.14308181500007],[-102.91077067999998,36.40200579200007],[-102.87147955399996,36.43864004400007],[-102.78203522199999,36.486995243000024],[-102.59240985099996,36.540951144000076],[-102.16441576599999,36.56008691300008],[-101.93339793599995,36.60030655000003],[-101.77257855599998,36.74850286800006],[-101.83646492299994,36.83344018300005],[-102.02192983399999,36.89579539700003],[-102.14291292499996,36.99008847500005],[-102.15327980299998,37.16857962600005],[-102.14082249999996,37.281288749000055],[-102.18566396799997,37.42488747400006],[-102.22611206799996,37.50916673000006],[-102.35107768499995,37.54740751200006],[-102.57751628699998,37.528456247000065],[-102.69269710799995,37.56126511600007],[-102.91982581999997,37.47752772200005],[-103.03749607799995,37.281364032000056],[-103.10387241299998,37.20465188600008],[-103.16610572599996,37.180766565000056],[-103.66508836299994,37.19023348300004],[-103.96169233899997,37.33539773800004],[-104.02452594799996,37.48028199500004],[-104.12847291099996,37.56288335800008],[-104.25442498899997,37.59688773200003],[-104.41542797999995,37.691461608000054],[-104.48662449699998,37.77942672000006],[-104.66739969099996,38.09954962000006],[-104.87997791999999,38.38732697700004],[-105.08649441599994,38.44346756900006],[-105.22384676399997,38.52719545600007],[-105.32048775399994,38.882313010000075],[-105.23778446599994,38.94368121700006],[-105.05366446699998,38.951973742000064],[-104.81654010199998,38.932324505000054],[-104.33332939399997,38.94947857300008],[-104.14659060099996,38.90065761400007],[-104.12125602399999,38.838047431000064],[-104.13529072799997,38.78701529600005],[-104.12075397499996,38.66000179500003],[-103.87041776799998,38.60157314800006],[-103.71456279899996,38.51601288000006],[-103.72633675599997,38.38180422000005],[-103.82979347399998,38.276719581000066],[-103.88749851199998,38.172351838000054],[-103.85464065899998,38.07971717000004],[-103.78584309299998,38.00713795300004],[-103.67664689499998,37.984441950000075],[-103.40258468199994,37.989513835000025],[-103.26379814099994,37.97416676200004],[-103.12386176499996,38.00006291500006],[-103.04771188899997,38.079055107000045],[-103.03610716699995,38.11490332900007],[-103.06836381899996,38.21018248200005],[-103.02849510299995,38.24229655200003],[-102.72555305599997,38.28981409200003],[-102.32646546299998,38.248386812000035],[-102.14481687999995,38.29060154700005],[-102.03481615599998,38.355579430000034],[-102.05464927199995,38.46516321000007],[-102.16210686899996,38.52151315300006],[-102.33695764699996,38.54959400000007],[-102.53178058599997,38.62053048400003],[-102.69533940599996,38.65822265700007],[-102.82459288599995,38.75053818500004],[-102.90853812199998,38.725989785000024],[-103.07586387699996,38.70787238100007],[-103.21796523099994,38.71491244300006],[-103.31824572999994,38.76866938200004],[-103.44448533399998,38.88261111500003],[-103.78570156499995,39.111687826000036],[-104.26389319699996,39.08891136700004],[-104.63873217499997,39.14097873500003],[-104.88345091599996,39.217683031000035],[-104.91053604399997,39.350608556000054],[-104.80769997699997,39.511074989000065],[-104.49750225999998,39.64440784800007],[-104.52601863799998,39.725892513000076],[-104.55378002999998,39.75154362400008],[-104.52176140799997,39.83672659100006],[-104.39336132799997,40.03691977200003],[-104.18298066299997,40.26784343700007],[-104.08591320199997,40.45923835200006],[-104.10410781599995,40.457076062000056],[-104.06403992599996,40.52406965000006],[-104.04190395699999,40.62955010300004],[-104.07166698999998,40.75212777200005],[-104.03965375199999,40.81936385100005],[-103.95695086399996,40.86013930800004],[-103.79396290999995,40.89395254000004],[-103.63654079199995,40.980549875000065],[-103.45075159999999,41.03460153000003],[-103.25624734799999,41.055047545000036],[-102.79282272899997,41.054115883000065],[-102.62010412399997,41.02566230200006],[-102.30014984099995,41.05087957100005],[-102.21368409799999,41.09535129100004],[-102.23845852799997,41.43568716200008],[-102.29916259599997,41.598413949000076],[-102.28347829599994,41.705358198000056],[-102.17889139999994,41.75841983300006],[-102.11904663399997,41.808672382000054],[-102.13221899799998,41.867289338000035],[-101.66588437699994,41.83820171100007],[-101.56275507699996,41.69730350000003],[-101.57168883999998,41.61266442800007],[-101.70557334899996,41.61008949200004],[-101.82384720699997,41.54402229000004],[-101.71442573199994,41.47789400200003],[-101.61740851599995,41.464421781000055],[-101.53961038499995,41.49148745000008],[-101.46295593599996,41.63685920300003],[-101.46058886799995,41.915267038000025],[-101.49916027999996,41.99654626700004],[-101.61389842699998,42.02122418300007],[-102.25858840199999,42.02120231600003],[-102.73596631799995,41.95567014000005],[-102.97107952599998,41.889813864000075],[-103.13256772399995,41.81575478900004],[-103.27465322699999,41.79001176100007],[-103.36087866899999,41.82389875900003],[-103.35774515499998,41.89202165800003],[-103.25241197199995,41.96322551600008],[-102.94355206499995,42.098813576000055],[-102.84610394799995,42.17516949600008],[-102.97531865699995,42.174192909000055],[-103.11095324399997,42.31509038400003],[-103.12748018399998,42.39723599000007],[-102.96522682099999,42.477241468000045],[-102.93252640199995,42.55611862600006],[-102.80437242599999,42.65782029600007],[-102.43033851799999,42.74802525700005],[-102.25023139699994,42.81907602100006],[-102.12137492499994,42.910612179000054],[-102.01604993499996,43.05077717100005],[-101.98072167199996,43.20905849400003],[-102.01632909899996,43.27865365300005],[-102.14446413699994,43.27983906600008],[-102.26806884799998,43.23124951300008],[-102.38502034999999,43.14093703900005],[-102.47881749199996,43.11006375900007],[-102.70552663399997,43.189825703000054],[-102.80773549299994,43.25700331100006],[-102.98082191999998,43.429804682000054],[-103.02205382099999,43.498794125000074],[-103.03793288199995,43.68497144100007],[-103.06497415999996,43.76837205600003],[-103.05332869899996,44.045836534000046],[-103.07886395499997,44.156206765000036],[-103.15118801899996,44.25539158500004],[-103.25874406999998,44.336316415000056],[-103.43533992599998,44.52421574400006],[-103.61978279799996,44.64009385600008],[-103.96472144999996,44.67101964900007],[-104.87630157499996,44.62281518000003],[-105.53080945999994,44.478132849000076],[-105.72237473999996,44.47023054400006],[-105.87382596799995,44.41728412800006],[-105.98931878499997,44.348958820000064],[-106.13467889899994,44.31405928700008],[-106.24541271999999,44.32903699900004],[-106.44301393099994,44.41109340200006],[-106.59036356599995,44.41370576200006],[-106.76170310599997,44.35706247300004],[-106.93925608799998,44.16806227500007],[-107.06158153799998,44.094257826000046],[-107.12643335199999,44.09367010400007]],[[-105.08496209799995,42.10510504200005],[-104.98552884999998,42.16197003000008],[-104.84019295499996,42.16487373800004],[-104.69219511699998,42.146412001000044],[-104.42901291999999,42.063508057000035],[-104.18739756899998,41.96060941400003],[-104.11375052399995,41.882188908000046],[-104.10213077499998,41.782050190000064],[-104.13360320099997,41.63767199000006],[-104.20884261399999,41.526093874000026],[-104.37634843499995,41.38472974500007],[-104.88144263099997,41.28338148100005],[-105.13994755199997,41.21328848500008],[-105.37502525299999,41.26516059800008],[-105.47995679899998,41.31307780700007],[-105.58821014199998,41.68612221300003],[-105.45649137599997,41.821694243000024],[-105.55201067899998,42.01340507100008],[-105.49359762799997,42.07567087700005],[-105.18609702499998,42.06229394600007],[-105.08496209799995,42.10510504200005]],[[-103.39977071999999,42.01901526700004],[-103.48199161099996,42.07466686600003],[-103.15191894399999,42.13312184700004],[-103.14186234399995,42.064277280000056],[-103.28198659299994,42.01493246800004],[-103.39977071999999,42.01901526700004]],[[-103.06492911299995,41.62387296300005],[-102.96827252199995,41.70027920000007],[-102.93203297199994,41.82078588400003],[-102.76174279999998,41.88911712400005],[-102.44938116799995,41.90513176300004],[-102.39077574399994,41.804977724000025],[-102.43699938399999,41.75498079500005],[-102.44704440799995,41.666911551000055],[-102.39809832699996,41.40119085200007],[-102.61191489699996,41.43751591200004],[-102.76348368399994,41.41183454500003],[-102.76530769399994,41.16634503600005],[-103.03080667599994,41.15770560500005],[-103.58234645599998,41.075188472000036],[-103.69422468799996,41.07430582100005],[-103.75472340699997,41.115653284000075],[-103.74406654999996,41.16372240600003],[-103.65709915499997,41.31716728500004],[-103.66296111299994,41.43095604700005],[-103.62918579799998,41.505260504000034],[-103.56335949199996,41.55988458000007],[-103.46589225299999,41.547811498000044],[-103.36921603599995,41.502411979000044],[-103.25943928299995,41.48853908400008],[-103.11915236099998,41.52604452800006],[-103.06492911299995,41.62387296300005]],[[-104.95221989899994,40.27161164100005],[-105.06137493499995,40.37343980900005],[-104.94415923899999,40.47828118900003],[-104.79208090899999,40.67135125600004],[-104.60673435599995,40.74380239900006],[-104.83466212299999,40.256434246000026],[-104.89431599999995,40.240349922000064],[-104.95221989899994,40.27161164100005]],[[-106.40567542199994,40.30105950700005],[-106.14114875599995,40.24545530800003],[-106.09108206599996,40.22103569800004],[-105.95594811199999,40.03520905000005],[-105.91704803899995,39.72869663300003],[-105.94529003399998,39.47461596000005],[-105.95637367999996,39.06510559000003],[-105.98338717899998,39.02322404200004],[-106.05112599999995,38.65221880000007],[-106.18476200199996,38.302700816000026],[-106.31646615499994,38.07555399700004],[-106.76054168199994,37.82230136800007],[-106.91330873999999,37.79103735000007],[-107.20336583899996,37.806839601000036],[-107.36315642599999,37.94507391800005],[-107.36802925899997,38.06139133500005],[-107.27556871299998,38.10377106900006],[-106.95613325699998,38.14811281900006],[-106.77361110099997,38.33722220000004],[-106.51496657199999,38.536900091000064],[-106.46741722999997,38.78045390800003],[-106.51757683199997,38.82388089400007],[-107.23176865799996,39.01555042900003],[-107.40882432299998,39.10976337000005],[-107.71497878099996,39.36691698800007],[-107.81023650299994,39.59686775500006],[-107.82520645899996,39.85421637800005],[-107.80243192899997,40.02591903600006],[-107.70576154699995,40.133146226000065],[-107.55240463999996,40.23360818900005],[-107.20703481399994,40.297588372000064],[-107.10292838699996,40.33951994600005],[-106.96911609299997,40.36908689300003],[-106.72186756699995,40.381467987000065],[-106.40567542199994,40.30105950700005]],[[-105.26002020099997,37.93646388900004],[-105.08921208299995,37.95972823200003],[-104.89427360599996,37.880663413000036],[-104.59099338399994,37.64744327900007],[-104.55474242299994,37.588130044000025],[-104.60823108499994,37.48969931800008],[-104.69232521099997,37.407954016000076],[-104.85554317699996,37.315318185000024],[-104.89846007199998,37.10784530900003],[-104.97652407099997,37.08084370800003],[-105.19963970199996,37.10614056000003],[-105.24484390099997,37.172400509000056],[-105.25070417999996,37.338491806000036],[-105.51647387399998,37.54054193600007],[-105.52133780799994,37.628601477000075],[-105.47902129099998,37.828993816000036],[-105.39180941199999,37.88375254700003],[-105.26002020099997,37.93646388900004]],[[-106.03779128399998,37.417793792000055],[-105.70123640499997,37.35494387600005],[-105.40803216499995,37.36155894800004],[-105.33252599799994,37.30097791900005],[-105.33410189599999,37.19907698800006],[-105.36556537699994,37.09247748200005],[-105.458505404,37.025420488000066],[-105.60976833699999,36.95363216800007],[-106.01152359199995,36.92750358400008],[-106.22242237799998,37.04940572700008],[-106.25343400399998,37.12990510000003],[-106.21865282199997,37.27212089400007],[-106.16608620199997,37.37998248100007],[-106.03779128399998,37.417793792000055]],[[-108.58761716399994,35.383952376000025],[-108.63576952299996,35.63967829500007],[-108.53575798699995,35.826969974000065],[-108.30069754799996,36.004049835000046],[-108.03493328999997,36.11525379300008],[-107.64795418699998,36.201067488000035],[-107.36576615299998,36.19887966300007],[-107.28634204199994,36.06485641900008],[-107.31734227999999,35.92619484200003],[-107.45750013899999,35.729748065000024],[-108.07290951499999,35.47342620200004],[-108.33103975099999,35.387527127000055],[-108.58761716399994,35.383952376000025]],[[-103.51610806299999,38.10742988700008],[-103.56049326699997,38.116009560000066],[-103.61836135499999,38.169107876000055],[-103.66548952799997,38.376843407000024],[-103.56359931099996,38.64119669400003],[-103.45972432199994,38.700375622000024],[-102.88213416099995,38.57386686500007],[-102.85370920399998,38.49965379400004],[-102.87230758499999,38.43987821500008],[-102.95356864099995,38.348919171000034],[-103.26759871299998,38.12853963600003],[-103.39658593199994,38.09071491100008],[-103.51610806299999,38.10742988700008]]],[[[-109.06310093099995,46.282302671000025],[-109.20251538399998,46.30493099200004],[-109.34501043899996,46.290980449000074],[-109.62824113899995,46.20495114000005],[-109.90539812899999,46.191222906000064],[-109.97608005499995,46.13331216900008],[-109.95957302099998,46.05547478300008],[-109.88803736499995,45.96164639700004],[-109.75185756599996,45.90333420600007],[-109.53366446499996,45.896510240000055],[-109.38337093199999,45.91872514600004],[-109.22994613199995,45.97717410100006],[-109.06125701199994,46.11633954200005],[-109.00835988499995,46.21532504700008],[-109.06310093099995,46.282302671000025]]],[[[-117.806766445,45.24576290500005],[-117.89769999399999,45.39617195300008],[-118.03991715699999,45.514159248000055],[-118.07104895399999,45.69984735200006],[-118.13840622799995,45.80617075100008],[-118.26132537799998,45.85916348100005],[-118.41978783899998,45.861995379000064],[-118.56656952399999,45.800433955000074],[-118.72322854499998,45.707569093000075],[-118.83750676699998,45.61441552600007],[-118.89988281399997,45.49333776000003],[-119.01864473699999,45.35507531500008],[-119.23256959099996,45.22201778600004],[-120.001154784,44.84118849300006],[-120.49859250099996,44.697524746000056],[-120.90917944399996,44.67892415000006],[-121.23053488099998,44.73097901800003],[-121.38812824699994,44.666043469000044],[-121.44732852499999,44.488979132000054],[-121.46042392699997,44.14763571700007],[-121.84541454699996,43.96091618100007],[-122.03412280999999,43.902332493000074],[-122.59984119799998,43.849064645000055],[-122.88735444199995,43.799539749000076],[-123.03963043599998,43.722861066000064],[-123.19239290399997,43.57083025500003],[-123.19667937999998,43.35222214600003],[-123.17332889699998,43.20216269200006],[-123.01534184699995,43.013560434000055],[-122.74045614699997,42.88661595900004],[-122.16782279099999,42.790548595000075],[-122.02541670099998,42.841880064000065],[-121.95937748199998,43.00081521200008],[-121.94922547199997,43.15343085300003],[-121.90586720399995,43.37541542400004],[-120.03537745599999,44.19464943000003],[-119.78807005999994,44.09932955800008],[-119.65872035299998,43.957723557000065],[-119.40874924199994,43.84338684800008],[-118.67291046099996,44.16663116700005],[-118.30982484199995,44.405716435000045],[-118.03887507099995,44.67191949000005],[-117.845022428,45.05874462700007],[-117.806766445,45.24576290500005]]],[[[-119.48940446099999,48.29703015800004],[-119.37941879399995,48.40224234000004],[-119.28045752199995,48.585575068000026],[-119.36143242199995,48.78383739100008],[-119.628412562,48.718258381000055],[-119.77394229899994,48.59621025000007],[-119.83722848899998,48.49801361600004],[-119.76420869399999,48.24158953400007],[-119.48940446099999,48.29703015800004]]]]},"properties":{"dm":3}},{"type":"Feature","id":5,"geometry":{"type":"MultiPolygon","coordinates":[[[[-90.97574080399994,33.93273652600004],[-91.07961450399995,33.93364756700004],[-91.16922277199996,33.79575987700008],[-91.58672869799994,33.57464291100007],[-91.68548105799994,33.44130257100005],[-91.48106076099998,33.40592516500004],[-91.36647033999998,33.42748641500003],[-91.16479386499998,33.43274352700007],[-91.02806061099994,33.51395056700005],[-90.86602269499997,33.57873230700005],[-90.88102677499995,33.67902769800003],[-90.82444440199998,33.79800610600006],[-90.83479676599995,33.83760017700007],[-90.89555038899994,33.900769893000074],[-90.97574080399994,33.93273652600004]]],[[[-78.50750979799994,33.867320051000036],[-78.49685916199996,33.87445735000006],[-78.52897892099998,33.87259959100004],[-78.50750979799994,33.867320051000036]]],[[[-78.48462923699998,33.87748240600007],[-78.47121675699998,33.88458156100006],[-78.49120577799994,33.88075160200003],[-78.48462923699998,33.87748240600007]]],[[[-78.46815736999997,33.87135218700007],[-78.38962798899996,33.896658896000076],[-78.44668824799999,33.89334773600007],[-78.46815736999997,33.87135218700007]]],[[[-99.36298551299996,35.39731727700007],[-99.42213452399994,35.42807596800003],[-99.53847546799994,35.40050856400006],[-99.54931683399997,35.31738680300003],[-99.47143151299997,35.219161334000034],[-99.27721482399994,35.136009311000066],[-99.22401431499998,35.09016190500006],[-99.19494670399996,34.91941327400008],[-99.13489387299995,34.879623425000034],[-99.00385954299998,34.888969761000055],[-98.90164094299996,34.95292447700007],[-98.85705218699997,35.06416624700006],[-98.88230987499998,35.15225987500003],[-99.05106851999994,35.34315318100005],[-99.12636357199995,35.388486672000056],[-99.32429187799994,35.37716590500003],[-99.36298551299996,35.39731727700007]]],[[[-78.34610320599995,33.95417980700006],[-78.38600175799996,34.03858562900007],[-78.41978958399994,34.222541309000064],[-78.53382660599993,34.223093204000065],[-78.61637743499995,34.181083357000034],[-78.68089952099996,34.10320776900005],[-78.63167823699996,33.97843075700007],[-78.53831965199998,33.875691231000076],[-78.38770538299997,33.909365656000034],[-78.36702208699995,33.94590283500003],[-78.34621672299994,33.93469525200004],[-78.37166076099999,33.90914058800007],[-78.31072476799994,33.91190243300008],[-78.34610320599995,33.95417980700006]]],[[[-99.72037277199996,35.81475209300004],[-99.74556877999999,35.878619041000036],[-99.83554065999999,35.89977176100007],[-99.92277935099997,35.87211769600003],[-99.90438072699999,35.814349220000054],[-99.85130364999998,35.77578648700006],[-99.77335381299997,35.75191009100007],[-99.72037277199996,35.81475209300004]]],[[[-99.38065202099995,36.07616647700007],[-99.20707827299998,36.103038294000044],[-99.05206879599996,36.182121006000045],[-99.01341255899996,36.32070473400006],[-99.02334381599997,36.38289449800004],[-99.05347651199997,36.467327993000026],[-99.10633477999994,36.51086409100003],[-99.22994750999999,36.495976315000064],[-99.31471045699999,36.379227480000054],[-99.52173524099999,36.24354289400003],[-99.57884753399998,36.15411383000003],[-99.54325248699996,36.10428601800004],[-99.41855896599998,36.07113172000004],[-99.38065202099995,36.07616647700007]]],[[[-104.89846007199998,37.10784530900003],[-104.85554317699996,37.315318185000024],[-104.69232521099997,37.407954016000076],[-104.60823108499994,37.48969931800008],[-104.55435020199997,37.57679073800006],[-104.59099338399994,37.64744327900007],[-104.89427360599996,37.880663413000036],[-105.08921208299995,37.95972823200003],[-105.22777864899996,37.94932632300004],[-105.39180941199999,37.88375254700003],[-105.47902129099998,37.828993816000036],[-105.52133780799994,37.628601477000075],[-105.51692755299996,37.54876455200008],[-105.25070417999996,37.338491806000036],[-105.24484390099997,37.172400509000056],[-105.19963970199996,37.10614056000003],[-104.97652407099997,37.08084370800003],[-104.89846007199998,37.10784530900003]]],[[[-103.39658593199994,38.09071491100008],[-103.26759871299998,38.12853963600003],[-102.95356864099995,38.348919171000034],[-102.87230758499999,38.43987821500008],[-102.85370920399998,38.49965379400004],[-102.88213416099995,38.57386686500007],[-103.45972432199994,38.700375622000024],[-103.56359931099996,38.64119669400003],[-103.66548952799997,38.376843407000024],[-103.62044954899994,38.17102200200003],[-103.56049326699997,38.116009560000066],[-103.39658593199994,38.09071491100008]]],[[[-106.76054168199994,37.82230136800007],[-106.31646615499994,38.07555399700004],[-106.18476200199996,38.302700816000026],[-106.05112599999995,38.65221880000007],[-105.98338717899998,39.02322404200004],[-105.95637367999996,39.06510559000003],[-105.94529003399998,39.47461596000005],[-105.91704803899995,39.72869663300003],[-105.95594811199999,40.03520905000005],[-106.09108206599996,40.22103569800004],[-106.14114875599995,40.24545530800003],[-106.72186756699995,40.381467987000065],[-106.82124650899999,40.38485362600005],[-106.96911609299997,40.36908689300003],[-107.10292838699996,40.33951994600005],[-107.20703481399994,40.297588372000064],[-107.55240463999996,40.23360818900005],[-107.70576154699995,40.133146226000065],[-107.80243192899997,40.02591903600006],[-107.82520645899996,39.85421637800005],[-107.81023650299994,39.59686775500006],[-107.72220419099995,39.37305302200008],[-107.40882432299998,39.10976337000005],[-107.23176865799996,39.01555042900003],[-106.51757683199997,38.82388089400007],[-106.46741722999997,38.78045390800003],[-106.51496657199999,38.536900091000064],[-106.77361110099997,38.33722220000004],[-106.95613325699998,38.14811281900006],[-107.27556871299998,38.10377106900006],[-107.36802925899997,38.06139133500005],[-107.36315642599999,37.94507391800005],[-107.20336583899996,37.806839601000036],[-106.91330873999999,37.79103735000007],[-106.76054168199994,37.82230136800007]]],[[[-102.44938116799995,41.90513176300004],[-102.76174279999998,41.88911712400005],[-102.93203297199994,41.82078588400003],[-102.96827252199995,41.70027920000007],[-103.06492911299995,41.62387296300005],[-103.11915236099998,41.52604452800006],[-103.25943928299995,41.48853908400008],[-103.36474832599998,41.500310797000054],[-103.46589225299999,41.547811498000044],[-103.56335949199996,41.55988458000007],[-103.62918579799998,41.505260504000034],[-103.66296111299994,41.43095604700005],[-103.65709915499997,41.31716728500004],[-103.74406654999996,41.16372240600003],[-103.75472340699997,41.115653284000075],[-103.69422468799996,41.07430582100005],[-103.58234645599998,41.075188472000036],[-103.03080667599994,41.15770560500005],[-102.76530769399994,41.16634503600005],[-102.76348368399994,41.41183454500003],[-102.61191489699996,41.43751591200004],[-102.39809832699996,41.40119085200007],[-102.44704440799995,41.666911551000055],[-102.43699938399999,41.75498079500005],[-102.39077574399994,41.804977724000025],[-102.44938116799995,41.90513176300004]]],[[[-103.14186234399995,42.064277280000056],[-103.15191894399999,42.13312184700004],[-103.48199161099996,42.07466686600003],[-103.41152372999994,42.01941675200004],[-103.28198659299994,42.01493246800004],[-103.14186234399995,42.064277280000056]]],[[[-113.48615855299994,42.41380258000004],[-113.67362863899996,42.41996212400005],[-114.33495809999994,42.37141875000003],[-114.86510280299996,42.442170428000054],[-115.09718636699995,42.49680770100008],[-115.37020447099997,42.48003005900006],[-115.53797143299994,42.488416733000065],[-116.00265338299994,42.63508361100003],[-116.39179999199996,42.81041494600004],[-116.61292505299997,42.86733911600004],[-116.79152454799998,42.847941293000076],[-116.88524607899996,42.77693971800005],[-116.96271044199995,42.65513684800004],[-116.98859571699995,42.47987632100006],[-116.96778013499994,42.185011761000055],[-116.68267778399996,42.00322229100004],[-115.92973846299998,42.00997422300003],[-115.32485458599996,42.115665963000026],[-114.98238291299998,42.07397247400007],[-114.70324702199997,41.98568136100005],[-114.11465925899995,42.06095895900006],[-113.40315201199996,41.96383216900006],[-113.33072907099995,41.983053003000066],[-113.27202947799998,42.01908541500006],[-113.22779750099994,42.23384139400008],[-113.29571363899998,42.346264845000064],[-113.48615855299994,42.41380258000004]]]]},"properties":{"dm":4}}]}