{"type":"FeatureCollection","features":[{"type":"Feature","properties":{"waterKind":"river"},"geometry":{"type":"MultiLineString","coordinates":[[[-86.521768,33.032118],[-86.520992,33.014264],[-86.461461,32.83567],[-86.445364,32.811253]],[[-86.200314,33.587821],[-86.211761,33.559967],[-86.32997,33.444471]]]}},{"type":"Feature","properties":{"waterKind":"river"},"geometry":{"type":"MultiLineString","coordinates":[[[-91.31225,51.062723],[-91.074978,50.998489],[-90.875274,51.013631],[-90.634049,51.086701],[-90.489432,51.11564],[-90.417473,51.092799]],[[-91.597918,51.162045],[-91.417722,51.067788]],[[-91.781085,51.3348],[-91.886065,51.458048]],[[-91.914953,51.761621],[-91.880639,51.722528],[-91.885006,51.66956],[-91.916684,51.58972],[-91.922627,51.53409],[-91.892964,51.486883]],[[-91.929267,51.892337],[-91.97004,51.987525]]]}},{"type":"Feature","properties":{"waterKind":"river"},"geometry":{"type":"MultiLineString","coordinates":[[[-111.01557,58.690992],[-111.074972,58.504801]],[[-111.280386,58.788453],[-111.208168,58.719879],[-111.14197,58.695539],[-111.01557,58.691147]]]}},{"type":"Feature","properties":{"waterKind":"river"},"geometry":{"type":"MultiLineString","coordinates":[[[-108.533318,64.56208],[-108.180265,64.685613]],[[-108.089495,64.715482],[-107.978933,64.720391]],[[-98.656453,65.927707],[-98.676581,66.002845],[-98.716036,66.023205],[-98.781536,66.0138],[-98.873546,66.031551],[-98.992092,66.076484],[-99.127355,66.062273],[-99.279335,65.989047],[-99.467463,65.93241],[-99.691739,65.892361],[-99.851858,65.885591],[-99.947873,65.912049],[-100.115046,65.908742],[-100.353378,65.875643],[-100.581788,65.871096],[-100.800276,65.8951],[-100.972513,65.897683],[-101.098501,65.878873],[-101.313681,65.888795],[-101.770217,65.946776]],[[-97.26721,65.974165],[-96.994643,66.151466]]]}},{"type":"Feature","properties":{"waterKind":"river"},"geometry":{"type":"MultiLineString","coordinates":[[[-84.966333,30.922635],[-84.88688,30.75926],[-84.883935,30.720942]],[[-85.067205,31.635382],[-85.124824,31.776769],[-85.124127,31.880535],[-85.064415,32.050525]],[[-83.814723,34.363794],[-84.075638,34.166959]]]}},{"type":"Feature","properties":{"waterKind":"river"},"geometry":{"type":"MultiLineString","coordinates":[[[-114.376915,34.539701],[-114.371024,34.488489],[-114.30803,34.432886],[-114.158789,34.355216],[-114.12507,34.317182],[-114.125018,34.314082],[-114.125612,34.286512],[-114.163517,34.253362]],[[-114.590984,35.352778],[-114.648526,35.475923],[-114.662065,35.54535],[-114.645167,35.630539]],[[-114.741363,36.013513],[-114.715757,36.084981],[-114.669145,36.121723],[-114.592974,36.147561],[-114.505279,36.156424],[-114.406086,36.148311],[-114.331543,36.116297],[-114.281572,36.060332],[-114.232143,36.031703],[-114.183206,36.030308],[-114.119437,36.076661],[-114.061921,36.175208],[-114.004586,36.195052],[-113.949473,36.159757],[-113.759872,36.00664],[-113.635771,35.830914]],[[-110.367728,37.89792],[-110.398811,37.882598],[-110.421136,37.832161],[-110.430231,37.771803],[-110.469918,37.701523],[-110.540353,37.626179],[-110.6543,37.521276],[-110.692334,37.483242],[-110.697708,37.451823],[-110.722099,37.405521],[-110.780804,37.336068],[-110.915576,37.156647],[-111.018929,37.126881],[-111.300565,37.054069],[-111.430867,37.003478],[-111.473449,36.932139]],[[-105.820796,40.184602],[-105.861362,40.16468]]]}},{"type":"Feature","properties":{"waterKind":"river"},"geometry":{"type":"MultiLineString","coordinates":[[[-118.072167,48.663903],[-118.174461,48.51213],[-118.198465,48.404255],[-118.168182,48.232405]],[[-118.092476,49.801508],[-118.130433,49.663997],[-118.127952,49.573874],[-118.09736,49.48375],[-118.01385,49.403548],[-117.90719,49.34164]],[[-117.905718,50.682023],[-117.916518,50.464775],[-117.892488,50.338685],[-117.837246,50.231301],[-117.827273,50.159006],[-117.880189,50.103144]],[[-117.517085,51.659224],[-117.872748,51.870219]],[[-118.52661,52.102091],[-118.366206,52.089973]]]}},{"type":"Feature","properties":{"waterKind":"river"},"geometry":{"type":"MultiLineString","coordinates":[[[-112.343421,64.89883],[-112.050442,64.77615],[-111.956132,64.710908],[-111.966183,64.637812]],[[-114.173025,65.63894],[-114.305343,65.640257],[-114.354901,65.608554],[-114.365856,65.54432],[-114.289943,65.496364],[-114.127163,65.464842],[-114.0343,65.425413],[-114.011304,65.37818],[-113.786615,65.335651],[-113.360233,65.297875],[-113.025059,65.252141],[-112.781147,65.198553],[-112.600486,65.176513],[-112.48318,65.186073],[-112.388535,65.137781],[-112.316524,65.031638],[-112.289859,64.973967],[-112.317842,64.96017]]]}},{"type":"Feature","properties":{"waterKind":"river"},"geometry":{"type":"LineString","coordinates":[[-121.921209,42.475134],[-121.915731,42.41891],[-121.809355,42.251246]]}},{"type":"Feature","properties":{"waterKind":"river"},"geometry":{"type":"MultiLineString","coordinates":[[[-70.843241,53.427023],[-70.948429,53.439348],[-70.991398,53.468365],[-71.007211,53.518181],[-71.040542,53.555026],[-71.116842,53.590786]],[[-72.033763,53.597917],[-71.925708,53.571562],[-71.871421,53.583551],[-71.816541,53.645925]],[[-74.433332,53.684527],[-74.697115,53.631455],[-74.851989,53.628045],[-74.965315,53.64763],[-75.238787,53.65564],[-75.616852,53.674088],[-75.80206,53.664167],[-75.894664,53.710469],[-76.135528,53.698841],[-76.664178,53.668352],[-77.03984,53.677189],[-77.196394,53.698893],[-77.311064,53.731785],[-77.420282,53.797905]]]}},{"type":"Feature","properties":{"waterKind":"river"},"geometry":{"type":"LineString","coordinates":[[-117.668109,61.307834],[-117.221212,61.150402],[-116.826455,61.082422],[-116.334883,61.051468],[-115.995989,61.048367],[-115.809747,61.073223],[-115.501911,61.156784],[-115.072376,61.299153],[-114.569151,61.339254],[-113.703623,61.246055]]}},{"type":"Feature","properties":{"waterKind":"river"},"geometry":{"type":"LineString","coordinates":[[-111.099673,44.756519],[-111.118328,44.761945],[-111.188996,44.771195],[-111.241912,44.799643],[-111.300669,44.862895],[-111.309143,44.868424]]}},{"type":"Feature","properties":{"waterKind":"river"},"geometry":{"type":"MultiLineString","coordinates":[[[-94.326485,47.405634],[-94.201661,47.45731],[-94.143576,47.46408],[-94.094122,47.43279]],[[-94.50681,47.456406],[-94.63706,47.439999]]]}},{"type":"Feature","properties":{"waterKind":"river"},"geometry":{"type":"MultiLineString","coordinates":[[[-99.364885,43.990907],[-99.327601,43.893962],[-99.353387,43.81761],[-99.429817,43.729476],[-99.441909,43.674492],[-99.38969,43.652685],[-99.346618,43.599458],[-99.312718,43.514864],[-99.196084,43.414818],[-98.996717,43.299373],[-98.89202,43.224959],[-98.881995,43.191679],[-98.797633,43.14623],[-98.559663,43.059878]],[[-111.51572,46.362493],[-111.539982,46.469076],[-111.58538,46.543852],[-111.697311,46.661597]],[[-100.777228,46.713325],[-100.625454,46.60837],[-100.568507,46.513337],[-100.555846,46.393163],[-100.570936,46.287459],[-100.61375,46.196199],[-100.556621,46.041169],[-100.399525,45.822268],[-100.368597,45.705221],[-100.368623,45.67375],[-100.402057,45.642718],[-100.433115,45.612565],[-100.438257,45.561199],[-100.433115,45.534844],[-100.405675,45.504871],[-100.341932,45.448492],[-100.297206,45.315891],[-100.301547,45.133628],[-100.320822,45.053116],[-100.348004,45.036838],[-100.375082,45.033324],[-100.402497,44.992861],[-100.409783,44.918085],[-100.443812,44.853955],[-100.504583,44.80047],[-100.583287,44.783107],[-100.679921,44.801813],[-100.691264,44.79463],[-100.696587,44.776156],[-100.65938,44.734789],[-100.635376,44.679573],[-100.633258,44.61999],[-100.608556,44.578468],[-100.561221,44.555058],[-100.555691,44.529995],[-100.562151,44.50408],[-100.536364,44.476304],[-100.41787,44.449535],[-100.393712,44.43442]],[[-101.40011,47.505783],[-101.42786,47.551723],[-101.548757,47.555754],[-101.772051,47.533275],[-101.976276,47.547227],[-102.161381,47.597663],[-102.268791,47.668693],[-102.298505,47.760315],[-102.345375,47.799408],[-102.409377,47.785972],[-102.491025,47.794189],[-102.590347,47.823955],[-102.619906,47.880954],[-102.579702,47.965031],[-102.61448,48.037973],[-102.724189,48.099726],[-102.872759,48.137424],[-103.060215,48.151066],[-103.179381,48.136184],[-103.230257,48.092724],[-103.308469,48.059237],[-103.413992,48.035621],[-103.496235,48.053786],[-103.555198,48.113678],[-103.631318,48.11497],[-103.772317,48.027301]],[[-106.405644,48.020325],[-106.51941,47.885992],[-106.59987,47.821939],[-106.879336,47.707011],[-107.040463,47.693885],[-107.261587,47.705667],[-107.384628,47.693937],[-107.409588,47.658642],[-107.473228,47.644844],[-107.57547,47.652544],[-107.688693,47.608309],[-107.812819,47.512087],[-107.887699,47.50201],[-107.940202,47.58123],[-108.020404,47.597974],[-108.196336,47.601591]]]}},{"type":"Feature","properties":{"waterKind":"river"},"geometry":{"type":"MultiLineString","coordinates":[[[-96.597638,50.97924],[-96.595261,51.308471],[-96.630711,51.482388],[-96.703213,51.610752],[-96.951932,51.860039],[-97.376919,52.230249],[-97.642846,52.532194],[-97.74979,52.765875],[-97.830845,53.041698],[-97.913604,53.518646],[-97.86924,53.714086],[-97.905672,53.775762],[-97.98081,53.836559],[-98.015252,53.886246],[-98.009051,53.924719],[-98.005459,53.966009],[-97.986804,53.988385],[-97.914018,54.003319],[-97.79834,54.025721],[-97.731161,54.081712]],[[-97.901461,54.70462],[-97.790795,54.570778]],[[-97.945541,54.948223],[-97.254084,55.235621]],[[-96.55268,56.062806],[-96.504466,56.107402],[-96.420543,56.128564],[-96.284944,56.141121],[-96.195544,56.171145],[-96.15242,56.218636],[-96.058343,56.254551],[-95.840889,56.29119]],[[-95.43112,56.339197],[-94.779403,56.393819]]]}},{"type":"Feature","properties":{"waterKind":"river"},"geometry":{"type":"LineString","coordinates":[[-79.16555,46.827168],[-79.364943,47.021962],[-79.434913,47.133816],[-79.441941,47.22766],[-79.479226,47.318869],[-79.546715,47.407443],[-79.559298,47.483045],[-79.495762,47.576941]]}},{"type":"Feature","properties":{"waterKind":"river"},"geometry":{"type":"MultiLineString","coordinates":[[[-122.221707,56.021232],[-122.482208,56.112131],[-122.690748,56.123525],[-122.934144,56.08575],[-123.087753,56.046347],[-123.151625,56.005316],[-123.32257,55.999683],[-123.600641,56.0295],[-123.797244,56.033118],[-123.912379,56.010638],[-124.083092,56.084794],[-124.309332,56.255636],[-124.454103,56.388548],[-124.517407,56.483478],[-124.620708,56.587451],[-124.83563,56.756924]],[[-113.823383,58.710215],[-113.713519,58.669262]]]}},{"type":"Feature","properties":{"waterKind":"river"},"geometry":{"type":"LineString","coordinates":[[-122.094661,40.783506],[-122.369218,40.763352]]}},{"type":"Feature","properties":{"waterKind":"river"},"geometry":{"type":"MultiLineString","coordinates":[[[-77.456765,47.556116],[-77.471416,47.566141],[-77.483818,47.594795],[-77.529862,47.5957],[-77.591512,47.575649],[-77.613242,47.582186],[-77.615412,47.597405],[-77.54446,47.670682]],[[-77.321993,47.573479],[-77.301116,47.561955],[-77.265175,47.526815],[-77.215876,47.507101],[-77.157585,47.531311],[-77.114176,47.52635],[-77.085651,47.492192],[-77.03723,47.478239],[-76.934808,47.487567]],[[-78.724052,47.683705],[-78.743896,47.672181],[-78.812858,47.656394]],[[-77.527252,47.744295],[-77.528466,47.766439],[-77.544176,47.820182],[-77.567353,47.829768]]]}},{"type":"Feature","properties":{"waterKind":"river"},"geometry":{"type":"MultiLineString","coordinates":[[[-93.381581,48.616154],[-92.779008,48.678011]],[[-91.319072,48.828234],[-91.44002,48.9027],[-91.517638,48.911924],[-91.629518,48.865183]]]}},{"type":"Feature","properties":{"waterKind":"river"},"geometry":{"type":"MultiLineString","coordinates":[[[-99.456508,27.056618],[-99.443537,27.03667],[-99.30246,26.884716],[-99.229932,26.761933],[-99.172081,26.564141]],[[-101.038969,29.460398],[-101.303527,29.634083]],[[-107.293445,32.910369],[-107.280811,33.114284]],[[-107.181411,33.173195],[-107.16999,33.355742]]]}},{"type":"Feature","properties":{"waterKind":"river"},"geometry":{"type":"MultiLineString","coordinates":[[[-76.819492,51.415777],[-76.781406,51.354204],[-76.729833,51.337771],[-76.553487,51.363997]],[[-75.20375,51.446343],[-75.085773,51.442338],[-75.0003,51.418877],[-74.947642,51.374281],[-74.8955,51.366994],[-74.818141,51.412159]]]}},{"type":"Feature","properties":{"waterKind":"river"},"geometry":{"type":"MultiLineString","coordinates":[[[-102.780491,20.309898],[-102.769613,20.19838]],[[-103.708703,20.937611],[-103.594421,20.971175]],[[-105.104148,21.822183],[-105.05968,21.807481],[-105.03379,21.778723]]]}},{"type":"Feature","properties":{"waterKind":"river"},"geometry":{"type":"LineString","coordinates":[[-122.369218,40.763352],[-122.410611,40.721442]]}},{"type":"Feature","properties":{"waterKind":"river"},"geometry":{"type":"LineString","coordinates":[[-119.697908,37.000429],[-119.600808,37.062338]]}},{"type":"Feature","properties":{"waterKind":"river"},"geometry":{"type":"MultiLineString","coordinates":[[[-99.229622,53.1851],[-98.415848,53.354056],[-98.082457,53.436377],[-97.913604,53.518646]],[[-100.322501,53.592543],[-100.163157,53.503246],[-100.06554,53.405061],[-99.97645,53.26817],[-99.852323,53.212308],[-99.693134,53.237474],[-99.54273,53.227372],[-99.330288,53.159417]],[[-103.421227,53.652048],[-103.579667,53.629001],[-103.697102,53.586187],[-103.890914,53.480767]],[[-102.437101,53.981589],[-102.380619,53.96637]]]}},{"type":"Feature","properties":{"waterKind":"river"},"geometry":{"type":"LineString","coordinates":[[-82.589346,34.017614],[-82.351893,33.837728],[-82.256627,33.749232],[-82.208362,33.663579]]}},{"type":"Feature","properties":{"waterKind":"river"},"geometry":{"type":"MultiLineString","coordinates":[[[-113.316282,42.653624],[-113.472216,42.675018]],[[-112.863674,42.813046],[-112.639527,43.023472]],[[-111.047867,43.20651],[-111.093394,43.233718],[-111.185947,43.338285]]]}},{"type":"Feature","properties":{"waterKind":"river"},"geometry":{"type":"LineString","coordinates":[[-106.853085,51.262401],[-106.689942,51.129748],[-106.691234,51.072128],[-106.802545,51.045438],[-106.900808,50.962574],[-106.986048,50.823513],[-107.159268,50.72277],[-107.420492,50.660267],[-107.664766,50.636289],[-108.005728,50.658045]]}},{"type":"Feature","properties":{"waterKind":"river"},"geometry":{"type":"MultiLineString","coordinates":[[[-86.898515,34.574763],[-87.241801,34.754081],[-87.399595,34.818624],[-87.486308,34.828185],[-87.572401,34.818082],[-87.700455,34.773382]],[[-87.9754,35.945248],[-88.003641,35.961526],[-87.991652,36.011291],[-87.948812,36.099967],[-87.959406,36.215774],[-88.023485,36.358711],[-88.055886,36.483562],[-88.056713,36.590325],[-88.11366,36.738171],[-88.283288,37.021513]]]}},{"type":"Feature","properties":{"waterKind":"river"},"geometry":{"type":"LineString","coordinates":[[-132.095394,59.607111],[-132.352639,59.920658],[-132.545186,60.068892],[-132.758764,60.156432],[-132.96038,60.262265],[-133.244833,60.448559]]}},{"type":"Feature","properties":{"waterKind":"river"},"geometry":{"type":"MultiLineString","coordinates":[[[-104.833596,63.071499],[-104.729261,63.128137],[-104.697299,63.177694],[-104.705722,63.26973]],[[-96.273369,64.301398],[-95.447683,64.157893],[-95.048896,64.1581],[-94.811287,64.12606],[-94.601894,64.061878],[-94.42914,64.041363],[-94.224967,64.076193]],[[-101.811144,64.411263],[-101.536226,64.49317]],[[-97.103266,64.761319],[-97.162978,64.714758],[-97.292144,64.716308],[-97.510632,64.750467],[-97.773174,64.740519],[-98.079822,64.686517],[-98.264074,64.665924],[-98.325982,64.67874],[-98.382155,64.651739],[-98.432591,64.584947],[-98.492794,64.55513],[-98.562764,64.562261],[-98.686606,64.539472],[-98.86427,64.486813],[-99.003409,64.490844],[-99.104049,64.551693],[-99.293133,64.582828],[-99.570635,64.584327],[-99.789226,64.603034],[-99.948803,64.639052],[-100.088381,64.633445],[-100.207961,64.586291],[-100.399577,64.573061],[-100.795082,64.604119]]]}},{"type":"Feature","properties":{"waterKind":"river"},"geometry":{"type":"LineString","coordinates":[[-83.1659,34.598534],[-83.05278,34.510865],[-82.975679,34.476397],[-82.896821,34.465804],[-82.847728,34.436916],[-82.818609,34.366068]]}},{"type":"Feature","properties":{"waterKind":"river"},"geometry":{"type":"MultiLineString","coordinates":[[[-94.614504,49.992659],[-94.507688,49.707354],[-94.548926,49.573512],[-94.702689,49.495997],[-94.801986,49.424994],[-94.846892,49.360553],[-94.860406,49.258596],[-94.842603,49.119173],[-94.803458,49.002952],[-94.712766,48.863426]],[[-96.025968,50.283029],[-95.988761,50.404805]],[[-96.597638,50.97924],[-96.46731,50.774162],[-96.391501,50.68533],[-96.294375,50.623887]]]}},{"type":"Feature","properties":{"waterKind":"river"},"geometry":{"type":"MultiLineString","coordinates":[[[-103.785236,58.690914],[-103.66514,58.544385]],[[-111.01557,58.691147],[-110.802404,58.744063],[-110.636781,58.819976],[-110.447646,58.936661],[-110.256753,59.030919],[-110.064,59.102801],[-109.774896,59.183106],[-109.389416,59.271809],[-109.104627,59.304908],[-108.920478,59.282325],[-108.518177,59.297621],[-107.897698,59.350796],[-107.510977,59.361287],[-107.358067,59.329195],[-106.965765,59.302685],[-106.018278,59.271318]],[[-105.549779,59.150292],[-105.249358,59.194372],[-105.115,59.200082],[-105.012344,59.173184]]]}},{"type":"Feature","properties":{"waterKind":"river"},"geometry":{"type":"MultiLineString","coordinates":[[[-103.219508,61.681042],[-103.192223,61.642982],[-103.224004,61.609082],[-103.305756,61.566656],[-103.371824,61.500484],[-103.447427,61.365609]],[[-102.919371,62.318522],[-102.908881,62.281108],[-102.862476,62.259508],[-102.776693,62.24124],[-102.727032,62.21535],[-102.713596,62.181786],[-102.783385,62.130265],[-102.936425,62.06076],[-103.049131,61.978543],[-103.157677,61.836226]],[[-100.551996,62.355109],[-100.074377,62.226951],[-99.840541,62.213257],[-99.616653,62.300435]],[[-101.16276,62.366684],[-100.734828,62.355522]],[[-101.83104,62.520008],[-101.846543,62.450659],[-101.82626,62.38968],[-101.775384,62.313949],[-101.654022,62.294544],[-101.366262,62.34989]],[[-98.349676,62.61561],[-98.239915,62.716611],[-98.082406,62.75493],[-97.840663,62.764283],[-97.69739,62.82154],[-97.630159,62.979309]],[[-101.529404,62.664031],[-101.537233,62.790896],[-101.580642,62.86159],[-101.660017,62.918537],[-101.78342,62.941378],[-102.034671,62.924583]],[[-102.660369,62.75958],[-102.680109,62.69377],[-102.665175,62.642094],[-102.62218,62.582614],[-102.634376,62.517347],[-102.735481,62.410764]],[[-97.459007,63.157463],[-97.287183,63.514108]],[[-95.878302,63.656477],[-96.301067,63.612965],[-96.569449,63.608004],[-96.951906,63.636633]],[[-95.497473,64.050664],[-95.44745,64.157996]]]}},{"type":"Feature","properties":{"waterKind":"river"},"geometry":{"type":"MultiLineString","coordinates":[[[-86.446242,32.812003],[-86.268165,32.622479],[-86.242508,32.526904],[-86.309894,32.46205],[-86.327516,32.420295],[-86.339479,32.409314],[-86.374335,32.418022],[-86.423221,32.407841],[-86.48239,32.367947],[-86.5428,32.363451],[-86.604502,32.394354],[-86.65163,32.397558],[-86.684238,32.373011],[-86.720076,32.368516],[-86.759221,32.384018],[-86.785731,32.373787],[-86.795498,32.35446],[-86.809554,32.352806],[-86.824436,32.361901],[-86.840456,32.409934],[-86.855029,32.419779],[-86.871307,32.420192],[-86.910581,32.380556],[-86.949752,32.373011],[-86.988819,32.397558],[-87.024502,32.403604],[-87.056748,32.391201],[-87.058453,32.370557],[-87.029618,32.341695],[-87.049642,32.316994],[-87.118553,32.29653],[-87.138629,32.259943],[-87.109845,32.207337],[-87.132816,32.17646],[-87.207514,32.167339],[-87.246426,32.138297],[-87.249604,32.089385],[-87.285339,32.085613],[-87.353655,32.12698],[-87.409465,32.11034],[-87.452848,32.035616],[-87.452073,31.979599],[-87.40714,31.942237],[-87.41794,31.916192],[-87.484448,31.901438],[-87.494111,31.868003],[-87.446879,31.815836],[-87.455871,31.76478],[-87.521086,31.714783],[-87.542997,31.660264],[-87.521603,31.601172],[-87.534936,31.559314],[-87.583046,31.534613],[-87.601598,31.498594],[-87.590643,31.451181],[-87.629504,31.412527],[-87.71818,31.382633],[-87.790941,31.316435],[-87.847785,31.213909],[-87.893363,31.158615],[-87.920778,31.152156],[-87.940647,31.139857],[-87.945453,31.117532],[-87.951448,30.91925],[-87.97093,30.828816],[-88.005346,30.799516],[-88.015785,30.760009],[-88.011315,30.694173]],[[-86.32997,33.444471],[-86.366273,33.418426],[-86.376479,33.382175],[-86.372655,33.32701],[-86.401129,33.275747],[-86.4619,33.228411],[-86.484302,33.189111],[-86.468308,33.157847],[-86.475672,33.114749],[-86.516858,33.060566],[-86.521768,33.032351]],[[-85.182624,34.25946],[-85.501287,34.209178],[-85.657092,34.204579],[-85.702799,34.202745],[-85.726674,34.192151],[-85.733289,34.173573],[-85.706985,34.154143],[-85.705383,34.133524],[-85.73396,34.11244],[-85.771219,34.106988],[-85.81287,34.112569],[-85.838037,34.099883],[-85.845478,34.075905],[-85.862841,34.057715],[-85.881031,34.057715],[-85.897749,34.050248],[-85.900875,34.032083],[-85.921623,34.010457],[-85.949658,34.009759],[-85.964541,33.991569],[-85.966711,33.966687],[-85.983945,33.944156],[-86.032779,33.927904],[-86.054819,33.885064],[-86.046241,33.81065],[-86.081536,33.752979],[-86.160704,33.711999],[-86.19109,33.666628],[-86.194397,33.615364],[-86.200263,33.587873]]]}},{"type":"Feature","properties":{"waterKind":"river"},"geometry":{"type":"MultiLineString","coordinates":[[[-91.417593,51.068821],[-91.31225,51.062723]],[[-90.416465,51.092282],[-89.862339,51.197547],[-89.592691,51.277646],[-89.422779,51.367718],[-89.293433,51.418567],[-89.204679,51.430246],[-89.141375,51.460839],[-89.103522,51.510293],[-89.055566,51.514582],[-88.997534,51.473603],[-88.911932,51.482568],[-88.79876,51.541428],[-88.689051,51.570444],[-88.582805,51.569617],[-88.509502,51.549903],[-88.469194,51.511275],[-88.328763,51.492516],[-88.088235,51.493601],[-87.853288,51.434225],[-87.623948,51.314439],[-87.447654,51.259662],[-87.324458,51.269894],[-87.197695,51.309297],[-87.067367,51.377872],[-86.941432,51.412469],[-86.819992,51.413167],[-86.701757,51.442183],[-86.529209,51.52825],[-86.438568,51.58171],[-86.400173,51.634626],[-86.383843,51.704803],[-86.352321,51.749865],[-86.305528,51.769864],[-86.247081,51.77529],[-86.176957,51.766195],[-86.094869,51.73059],[-86.000817,51.6685],[-85.841137,51.645969],[-85.615828,51.662971],[-85.400131,51.604757],[-85.194045,51.471277],[-85.078393,51.378027],[-85.053175,51.324955],[-84.906414,51.251471],[-84.63811,51.157575],[-84.455227,51.139773],[-84.357765,51.198064],[-84.077627,51.295629],[-83.614917,51.43252],[-83.314315,51.571788],[-83.175822,51.713485],[-83.035391,51.821488],[-82.893023,51.895799],[-82.758173,51.936313],[-82.630791,51.943109],[-82.50501,51.985406],[-82.38078,52.063282],[-82.252648,52.111238],[-82.054676,52.138368],[-81.882748,52.19361],[-81.827894,52.224203]],[[-91.781757,51.336376],[-91.724318,51.277129],[-91.684062,51.25837],[-91.659413,51.24372],[-91.646313,51.214807],[-91.640577,51.189796],[-91.597711,51.161451]],[[-91.892964,51.486883],[-91.886065,51.458048]],[[-91.929215,51.891975],[-91.914927,51.761621]],[[-92.299141,51.973882],[-92.237233,51.947837],[-92.154964,51.951248],[-91.970169,51.987525]]]}},{"type":"Feature","properties":{"waterKind":"river"},"geometry":{"type":"LineString","coordinates":[[-77.860048,41.831866],[-77.998929,41.781119],[-78.083058,41.770732],[-78.196591,41.790266],[-78.330071,41.877754],[-78.366813,41.942246],[-78.351233,42.012836],[-78.419833,42.059242],[-78.572589,42.081437],[-78.673616,42.109601],[-78.722967,42.143733],[-78.796606,42.127506],[-78.894533,42.060947],[-78.954633,41.984776],[-78.976853,41.898993],[-79.058812,41.84879],[-79.200509,41.834165],[-79.307893,41.789181],[-79.380963,41.713837],[-79.417033,41.649913],[-79.415509,41.571158],[-79.452432,41.505891],[-79.513255,41.480104],[-79.610303,41.47212],[-79.699238,41.447135],[-79.780009,41.405225],[-79.810239,41.373547],[-79.789982,41.352205],[-79.797837,41.327607],[-79.833855,41.299857],[-79.816415,41.2642],[-79.745566,41.220688],[-79.681513,41.154698],[-79.624256,41.066331],[-79.603844,41.012122],[-79.620199,40.992124],[-79.587462,40.965924],[-79.522763,40.938535],[-79.51496,40.905617],[-79.542555,40.823762],[-79.698256,40.636796],[-79.829799,40.519413],[-79.946174,40.456084],[-79.990874,40.447712]]}},{"type":"Feature","properties":{"waterKind":"river"},"geometry":{"type":"LineString","coordinates":[[-91.077148,33.796697],[-91.122159,33.824499],[-91.14965,33.863902],[-91.167014,33.921935],[-91.216649,33.954517],[-91.298582,33.961648],[-91.322947,33.974128],[-91.330415,33.990923],[-91.342662,34.003816],[-91.386509,34.005418],[-91.418678,34.026244],[-91.439142,34.066293],[-91.487511,34.090994],[-91.563734,34.100296],[-91.68246,34.153109],[-91.843639,34.249486],[-91.920689,34.271138],[-91.938646,34.266849],[-91.973011,34.274859],[-92.016574,34.315942],[-92.108972,34.44751],[-92.155145,34.566366],[-92.155145,34.672509],[-92.225244,34.756354],[-92.365468,34.817901],[-92.446832,34.876993],[-92.469363,34.93363],[-92.506415,34.972439],[-92.558092,34.99342],[-92.576643,35.034632],[-92.562174,35.096075],[-92.594523,35.118813],[-92.713302,35.094861],[-92.83115,35.16142],[-92.930369,35.183951],[-93.050258,35.184674],[-93.192833,35.244464],[-93.358146,35.36332],[-93.521366,35.414996],[-93.682493,35.399442],[-93.796569,35.420732],[-93.863645,35.478817],[-93.957515,35.494216],[-94.078231,35.466854],[-94.139442,35.434065],[-94.141096,35.395824],[-94.162076,35.373319],[-94.202358,35.36655],[-94.267522,35.385334],[-94.35762,35.429621],[-94.429657,35.415125],[-94.483607,35.341822],[-94.529263,35.313659],[-94.566574,35.330712],[-94.60192,35.325131],[-94.635303,35.296916],[-94.666025,35.299706],[-94.694034,35.333451],[-94.791599,35.375309],[-94.958669,35.425228],[-95.074269,35.488299],[-95.138373,35.564522],[-95.190076,35.603486],[-95.22935,35.605191],[-95.244646,35.636921],[-95.236016,35.698674],[-95.251261,35.746501],[-95.290431,35.780452],[-95.388255,35.794792],[-95.544679,35.789573],[-95.629739,35.81616],[-95.643381,35.874555],[-95.721464,35.924939],[-95.86404,35.967314],[-95.958246,36.029041],[-96.004083,36.110148],[-96.084414,36.151618],[-96.199239,36.153478],[-96.259778,36.173916],[-96.266031,36.212958],[-96.31564,36.256082],[-96.408658,36.303314],[-96.477026,36.321943],[-96.52077,36.31197],[-96.541724,36.331943],[-96.539864,36.381862],[-96.577975,36.414935],[-96.656084,36.431265],[-96.710913,36.47258],[-96.742436,36.538907],[-96.766982,36.54224],[-96.806489,36.531801],[-96.865477,36.493613],[-96.920719,36.468937],[-96.959683,36.471934],[-96.985728,36.486455],[-96.998957,36.5125],[-96.978881,36.541697],[-96.94356,36.566502],[-96.940098,36.578646],[-96.957461,36.59079],[-97.000482,36.594769],[-97.040557,36.619057],[-97.052959,36.664481],[-96.993325,36.70639],[-96.861705,36.744812],[-96.83597,36.766051],[-96.837701,36.781683],[-96.877001,36.797444],[-96.913407,36.866096],[-96.932192,36.981076],[-96.985806,37.05841],[-97.074276,37.098046],[-97.134608,37.189332],[-97.166854,37.332192],[-97.236669,37.499184],[-97.344053,37.690232],[-97.694781,37.925386],[-98.288853,38.204645],[-98.633121,38.34598],[-98.727586,38.349339],[-98.853625,38.308205],[-99.011238,38.222525],[-99.217892,38.054783],[-99.473561,37.804876],[-99.697785,37.696872],[-99.986966,37.747722],[-100.776065,37.934997],[-101.127388,37.97099],[-101.30394,37.918151],[-101.626608,37.949777],[-102.095391,38.065868],[-102.558877,38.118087],[-103.017066,38.10646],[-103.319941,38.080983],[-103.467477,38.041787],[-103.593878,38.047626],[-103.699143,38.098553],[-103.832597,38.136484],[-104.075063,38.173975],[-104.237224,38.238028],[-104.410598,38.259836],[-104.64924,38.26074],[-104.825844,38.297921],[-104.940359,38.371482],[-105.092779,38.4252],[-105.283077,38.4591],[-105.470198,38.450625],[-105.654114,38.399724],[-105.832243,38.425097],[-106.004558,38.526744],[-106.089359,38.610615],[-106.086568,38.676761],[-106.135351,38.801818],[-106.285807,39.077718],[-106.380762,39.222361]]}},{"type":"Feature","properties":{"waterKind":"river"},"geometry":{"type":"MultiLineString","coordinates":[[[-117.574549,52.170614],[-117.543388,52.208958],[-117.551553,52.271177],[-117.644726,52.455558],[-117.673613,52.537052],[-117.726685,52.57829],[-117.813527,52.606402],[-117.863963,52.647304],[-117.877967,52.70097],[-117.925794,52.756858],[-118.007443,52.814864],[-118.045115,52.872199],[-118.038707,52.928785],[-118.051833,52.977361],[-118.084492,53.017901],[-118.036045,53.113192],[-117.906544,53.263183],[-117.679246,53.415345],[-117.354149,53.56965],[-117.184289,53.676362],[-117.169638,53.73548],[-117.172558,53.775271],[-117.193022,53.795735],[-117.171628,53.839479],[-117.108324,53.906529],[-116.923504,54.010244],[-116.617166,54.150674],[-116.414258,54.228318],[-116.314833,54.243253],[-116.132596,54.224442],[-115.867599,54.171939],[-115.614514,54.148736],[-115.373391,54.154834],[-115.175522,54.200129],[-115.020907,54.284594],[-114.858746,54.331361],[-114.68904,54.340404],[-114.535768,54.390375],[-114.398929,54.481326],[-114.332189,54.565093],[-114.3356,54.641755],[-114.265294,54.80358],[-114.049312,55.174152]],[[-114.042465,55.167951],[-113.759898,55.22849],[-113.598978,55.171697],[-113.465549,55.017753],[-113.412555,54.901171],[-113.440047,54.821951],[-113.410462,54.770817],[-113.323749,54.74777],[-113.258533,54.772936],[-113.214815,54.846317],[-113.077408,54.908948],[-112.846414,54.960909],[-112.733475,55.000467],[-112.738643,55.027649],[-112.772,55.049638],[-112.833598,55.066407],[-112.84967,55.115887],[-112.820162,55.197975],[-112.774325,55.256472],[-112.712107,55.291302],[-112.707585,55.384992],[-112.760734,55.537489],[-112.739702,55.647663],[-112.644514,55.715566],[-112.613973,55.788946],[-112.64808,55.867805],[-112.658312,55.946611],[-112.644669,56.025444],[-112.610382,56.098204],[-112.555476,56.164944],[-112.579505,56.25574],[-112.682548,56.370565],[-112.649966,56.46397],[-112.481759,56.535955],[-112.256502,56.572775],[-111.974167,56.57448],[-111.727981,56.614917],[-111.517865,56.694137],[-111.422573,56.797851],[-111.442107,56.92606],[-111.487686,57.023496],[-111.559206,57.090159],[-111.612174,57.169198],[-111.646591,57.26064],[-111.657339,57.336656],[-111.64442,57.397324],[-111.570394,57.512976],[-111.435234,57.683611],[-111.380819,57.807609],[-111.407122,57.884968],[-111.399112,57.95052],[-111.356815,58.004315],[-111.347642,58.047775],[-111.371569,58.081003],[-111.377486,58.12069],[-111.365316,58.166889],[-111.391051,58.206938],[-111.454664,58.240786],[-111.496884,58.2936],[-111.517658,58.365275],[-111.514221,58.412249],[-111.486523,58.43447],[-111.371698,58.448267],[-111.169746,58.453693],[-111.070321,58.468473],[-111.074972,58.504801]],[[-111.280386,58.788453],[-111.199977,58.891961],[-111.232585,58.946118],[-111.410765,59.005055]]]}},{"type":"Feature","properties":{"waterKind":"river"},"geometry":{"type":"MultiLineString","coordinates":[[[-108.827977,64.56208],[-108.533163,64.56208]],[[-108.180265,64.685613],[-108.08965,64.715378]],[[-107.979166,64.720365],[-107.849406,64.754601],[-107.774682,64.802867],[-107.711689,64.876609],[-107.604667,64.952883],[-107.453565,65.03169],[-107.373854,65.107551],[-107.365482,65.180466],[-107.376774,65.24408],[-107.40778,65.298392],[-107.361994,65.366088],[-107.239418,65.447117],[-107.103457,65.477709],[-106.954035,65.457969],[-106.802338,65.399083],[-106.648394,65.301027],[-106.462178,65.249299],[-106.243716,65.243847],[-106.126824,65.22899],[-106.111476,65.204754],[-105.896657,65.163671],[-105.275274,65.076674],[-105.005187,65.071067],[-104.647612,65.111788],[-104.112477,65.197003],[-103.708729,65.282889],[-103.436342,65.369395],[-103.277179,65.444869],[-103.231239,65.509309],[-103.159253,65.555792],[-103.061171,65.584369],[-102.812324,65.600699],[-102.412684,65.604885],[-102.177763,65.630051],[-102.107483,65.67625],[-102.096114,65.723534],[-102.143631,65.771851],[-102.068054,65.833708],[-101.770139,65.946828]],[[-98.656427,65.926984],[-98.59979,65.884118],[-98.540982,65.886676],[-98.46109,65.920369],[-98.355851,65.929309],[-98.225213,65.9136],[-98.145141,65.92595],[-98.115582,65.966465],[-98.060314,65.999305],[-97.979285,66.024472],[-97.858388,66.012767],[-97.697675,65.964269],[-97.529778,65.948533],[-97.26721,65.974165]],[[-96.995469,66.151673],[-96.654224,66.091625],[-96.47501,66.093305],[-96.344114,66.136713],[-96.191668,66.206398],[-96.017674,66.30231],[-95.895976,66.388997],[-95.826471,66.466408],[-95.799057,66.526637],[-95.797351,66.616554]]]}},{"type":"Feature","properties":{"waterKind":"river"},"geometry":{"type":"LineString","coordinates":[[-100.501354,32.904684],[-100.44128,32.9568],[-100.319065,32.99424],[-100.114633,33.034341],[-99.997586,33.091107],[-99.967846,33.164591],[-99.964177,33.247532],[-99.986579,33.339929],[-99.891391,33.434755],[-99.678613,33.53201],[-99.493844,33.581671],[-99.337109,33.583739],[-99.247425,33.555678],[-99.224816,33.497491],[-99.184354,33.467518],[-99.126011,33.465813],[-99.081311,33.437649],[-99.050305,33.383053],[-99.02178,33.361375],[-98.995838,33.37264],[-98.972868,33.354502],[-98.952869,33.306934],[-98.882047,33.246343],[-98.699603,33.136014],[-98.712393,33.082012],[-98.693273,33.039276],[-98.646506,32.989847],[-98.607696,32.987392],[-98.576872,33.031938],[-98.51871,33.033385],[-98.433237,32.991733],[-98.406003,32.952123],[-98.437061,32.91458],[-98.434761,32.879182],[-98.399182,32.845928],[-98.340374,32.837272],[-98.258415,32.85324],[-98.201158,32.835619],[-98.168705,32.784407],[-98.176121,32.751955],[-98.194337,32.73901],[-98.186275,32.719243],[-98.155812,32.703741],[-97.973187,32.64855],[-97.85043,32.573593],[-97.78754,32.478845],[-97.716226,32.415644],[-97.63649,32.384018],[-97.623002,32.357715],[-97.675815,32.336786],[-97.695504,32.303481],[-97.682068,32.25785],[-97.632356,32.212556],[-97.546366,32.167598],[-97.497893,32.156849],[-97.473916,32.167598],[-97.463994,32.162637],[-97.461513,32.152431],[-97.466267,32.089799],[-97.417382,32.00306],[-97.314856,31.892291],[-97.262766,31.808653],[-97.26106,31.752171],[-97.193468,31.662822],[-97.060039,31.540556],[-96.970975,31.420615],[-96.90395,31.24414],[-96.654276,30.790679],[-96.511907,30.610147],[-96.393568,30.551417],[-96.318947,30.48522],[-96.287941,30.411581],[-96.241949,30.376389],[-96.180971,30.379671],[-96.131207,30.362385],[-96.092579,30.324506],[-96.098599,30.258283],[-96.149242,30.163689],[-96.153014,30.091704],[-96.109916,30.042327],[-96.078135,29.931222],[-96.05762,29.758365],[-96.030334,29.665735],[-95.979123,29.647105],[-95.905407,29.631732],[-95.758,29.60101],[-95.655887,29.558816],[-95.599146,29.505228],[-95.571577,29.41823],[-95.573205,29.297876],[-95.589121,29.205608],[-95.619326,29.141374],[-95.569794,29.074298],[-95.440448,29.004328],[-95.377506,28.947122],[-95.387635,28.898443]]}},{"type":"Feature","properties":{"waterKind":"river"},"geometry":{"type":"MultiLineString","coordinates":[[[-84.885873,30.720657],[-84.892771,30.667896],[-84.960571,30.573586],[-85.080253,30.271667],[-85.116763,30.169838],[-85.113275,30.080025],[-85.043021,29.995017],[-85.016149,29.909105],[-85.032608,29.82234],[-85.024081,29.771904],[-84.969175,29.745291]],[[-85.06705,31.635175],[-85.05488,31.572673],[-85.092604,31.295713],[-85.067438,31.117584],[-84.966333,30.922635]],[[-84.075638,34.166959],[-84.105016,34.090943],[-84.153127,34.042083],[-84.229711,33.995005],[-84.291619,33.980303],[-84.338852,33.997925],[-84.430241,33.926327],[-84.56584,33.765433],[-84.729474,33.621927],[-84.921193,33.495811],[-85.037104,33.396256],[-85.077205,33.323289],[-85.088935,33.252467],[-85.072192,33.183737],[-85.096325,33.107385],[-85.161334,33.023437],[-85.184511,32.937163],[-85.156528,32.804277],[-85.015038,32.526154],[-84.973903,32.409288],[-84.98597,32.360945],[-84.968503,32.31981],[-84.921529,32.285885],[-84.929694,32.246559],[-84.992972,32.201833],[-85.034623,32.147366],[-85.06457,32.051041]],[[-83.746252,34.715659],[-83.691372,34.700156],[-83.660754,34.658918],[-83.636104,34.586675],[-83.672071,34.503837],[-83.816997,34.363743]]]}},{"type":"Feature","properties":{"waterKind":"river"},"geometry":{"type":"LineString","coordinates":[[-83.12058,35.076257],[-83.121355,35.000551],[-83.170396,34.932907],[-83.316718,34.805654],[-83.355578,34.708321]]}},{"type":"Feature","properties":{"waterKind":"river"},"geometry":{"type":"MultiLineString","coordinates":[[[-114.720951,32.724489],[-114.788001,32.564808],[-114.839316,32.504321],[-114.897297,32.489826],[-114.959076,32.41983],[-115.024627,32.294308],[-115.093047,32.212969],[-115.164309,32.175711],[-115.198596,32.124241],[-115.195909,32.058457],[-115.186943,32.043574],[-115.172887,32.045228],[-115.15294,32.036288],[-115.125655,31.988203],[-115.092788,31.964638],[-115.035195,31.966085],[-115.009486,31.946061],[-114.98109,31.917664],[-114.933599,31.90074]],[[-114.163517,34.253362],[-114.329321,34.142025],[-114.418282,34.051152],[-114.509051,33.903926],[-114.495099,33.784656],[-114.499259,33.685877],[-114.521557,33.607613],[-114.556,33.535628],[-114.602612,33.469895],[-114.651162,33.430621],[-114.701701,33.417805],[-114.719426,33.33086],[-114.704388,33.169784],[-114.648087,33.071754],[-114.550548,33.036795],[-114.490861,32.98362],[-114.469002,32.912307],[-114.477529,32.842001],[-114.516467,32.772754],[-114.582174,32.734721],[-114.720899,32.724489]],[[-114.590984,35.352778],[-114.610518,34.997606],[-114.610932,34.907404],[-114.557472,34.794569],[-114.397999,34.589698],[-114.378879,34.540631]],[[-114.741363,36.013513],[-114.73232,35.98367],[-114.687103,35.917343],[-114.683692,35.813602],[-114.677077,35.729809],[-114.650128,35.683507],[-114.645167,35.630539]],[[-112.876386,36.280421],[-113.206289,36.124204],[-113.295585,36.047697],[-113.324834,35.994702],[-113.323129,35.835358],[-113.355556,35.764045],[-113.422012,35.762417],[-113.579237,35.801329],[-113.635694,35.830836]],[[-111.473449,36.932139],[-111.590832,36.849534],[-111.682764,36.747706],[-111.788391,36.599136],[-111.851953,36.487954],[-111.873553,36.41416],[-111.86482,36.320006],[-111.825753,36.205594],[-111.834434,36.125857],[-111.890762,36.080795],[-111.995019,36.072837],[-112.147154,36.101983],[-112.256166,36.151437],[-112.322105,36.221149],[-112.376598,36.246108],[-112.419696,36.226265],[-112.459306,36.228745],[-112.495376,36.253601],[-112.4992,36.288121],[-112.470778,36.332356],[-112.467419,36.365946],[-112.489175,36.388787],[-112.532583,36.400647],[-112.597695,36.401525],[-112.693038,36.371579],[-112.881373,36.280421]],[[-105.861362,40.16468],[-105.985231,40.127422],[-106.125791,40.092695],[-106.284644,40.09099],[-106.401123,40.062103],[-106.4821,40.018514],[-106.594806,39.922654],[-106.638369,39.894077],[-106.676196,39.889891],[-106.726322,39.920251],[-106.79314,39.924437],[-106.876649,39.902474],[-106.969408,39.828112],[-107.071366,39.701375],[-107.132034,39.64373],[-107.235387,39.602389],[-107.540795,39.578902],[-107.733729,39.579187],[-107.846719,39.556759],[-107.944078,39.511697],[-108.106083,39.410179],[-108.242328,39.314551],[-108.314029,39.178307],[-108.433557,39.099423],[-108.557864,39.089862],[-108.801105,39.183965],[-108.866864,39.200502],[-108.952026,39.198383],[-109.050625,39.141022],[-109.195577,39.032889],[-109.26472,38.935143],[-109.30632,38.811843],[-109.362854,38.734173],[-109.434271,38.702212],[-109.498737,38.651207],[-109.556279,38.581185],[-109.595656,38.553771],[-109.614156,38.561419],[-109.634517,38.546175],[-109.64847,38.485351],[-109.67038,38.452847],[-109.700146,38.448661],[-109.722987,38.414296],[-109.738903,38.349753],[-109.784534,38.279369],[-109.897447,38.165164],[-110.130921,37.961766],[-110.248459,37.894948],[-110.367573,37.89792]],[[-105.845575,40.404097],[-105.816404,40.215298],[-105.820641,40.184912]]]}},{"type":"Feature","properties":{"waterKind":"river"},"geometry":{"type":"MultiLineString","coordinates":[[[-122.149929,45.593755],[-122.202535,45.591068],[-122.560963,45.625071],[-122.649847,45.627448],[-122.725914,45.67375],[-122.74643,45.749688],[-122.843375,45.978098],[-122.941999,46.11486],[-123.042277,46.160025],[-123.120903,46.178784],[-123.220587,46.153617]],[[-118.168182,48.232405],[-118.231951,48.085592],[-118.28417,48.035001],[-118.346078,48.031694],[-118.367679,47.99583],[-118.348869,47.927411],[-118.351453,47.878525],[-118.375327,47.849173],[-118.433308,47.857183],[-118.525344,47.902554],[-118.665439,47.926946],[-118.853592,47.930356],[-118.982577,47.981904],[-119.05234,48.081613],[-119.22835,48.100889],[-119.510503,48.039704],[-119.681087,48.030454],[-119.739998,48.073035],[-119.801028,48.08474],[-119.864228,48.065542],[-119.886579,48.028903],[-119.86813,47.974746],[-119.870481,47.928858],[-119.893632,47.891186],[-119.969183,47.813103],[-120.040316,47.783182],[-120.139948,47.76277],[-120.21382,47.693472],[-120.26193,47.575236],[-120.273454,47.486921],[-120.248391,47.428578],[-120.193976,47.381734],[-120.068376,47.328817],[-120.068247,47.275358],[-120.048817,47.244584],[-120.010059,47.218591],[-119.99745,47.176139],[-120.011041,47.117279],[-119.991663,46.985349],[-119.939366,46.780452],[-119.837874,46.674206],[-119.687185,46.666661],[-119.576546,46.680614],[-119.505956,46.716012],[-119.41746,46.678753],[-119.311058,46.568786],[-119.2561,46.456183],[-119.252586,46.341022],[-119.201117,46.268546],[-119.107608,46.237178],[-119.084586,46.232682],[-119.057301,46.22028],[-119.036062,46.206482],[-118.967849,46.132378],[-118.947514,46.109899],[-118.932451,46.094861],[-118.924932,46.079797],[-118.93121,46.063442],[-118.958832,46.038379],[-118.990432,46.018638],[-119.049911,45.981483],[-119.177345,45.945077],[-119.429113,45.934173],[-119.934276,45.837874],[-120.156045,45.762168],[-120.351434,45.725168],[-120.715779,45.689821],[-121.045242,45.639049],[-121.184277,45.643778],[-121.242697,45.687031],[-121.402119,45.711835],[-121.662517,45.71814],[-121.882012,45.68946],[-122.085127,45.602643],[-122.149903,45.593858]],[[-117.907113,49.341588],[-117.721284,49.330969],[-117.676403,49.275494],[-117.710561,49.171624],[-117.701053,49.097985],[-117.64793,49.054525],[-117.681778,49.015226],[-117.716892,48.97453],[-117.907914,48.857948],[-118.020982,48.765603],[-118.073563,48.66349]],[[-117.880189,50.103144],[-117.917396,50.092369],[-117.924838,50.06449],[-117.914916,50.015914],[-117.949513,49.970723],[-118.028682,49.928865],[-118.074312,49.881348],[-118.092476,49.801508]],[[-115.865429,50.287473],[-116.08141,50.591486],[-116.224037,50.758401],[-116.365217,50.889556],[-116.544638,51.009962],[-116.762299,51.119671],[-116.931488,51.244159],[-117.0521,51.383479],[-117.182842,51.470967],[-117.323712,51.506624],[-117.424894,51.558145],[-117.517085,51.659224]],[[-117.872748,51.870219],[-118.366206,52.089973]],[[-118.52661,52.102091],[-118.581258,52.051888],[-118.595314,51.998532],[-118.589035,51.924996],[-118.610868,51.85761],[-118.660736,51.79627],[-118.681226,51.742268],[-118.672312,51.695605],[-118.599396,51.590004],[-118.462557,51.425518],[-118.358946,51.322656],[-118.288666,51.281418],[-118.237299,51.213774],[-118.204872,51.119671],[-118.195261,51.048512],[-118.208412,51.000246],[-118.137874,50.902836],[-117.906441,50.68285]]]}},{"type":"Feature","properties":{"waterKind":"river"},"geometry":{"type":"LineString","coordinates":[[-143.658435,62.473603],[-143.675178,62.557371],[-143.71254,62.605455],[-143.77618,62.645789],[-143.906844,62.674263],[-144.203363,62.699016],[-144.458231,62.663049],[-144.733356,62.568274],[-145.113695,62.402651],[-145.335542,62.286276],[-145.398846,62.219045],[-145.418844,62.157343],[-145.383859,62.072956],[-145.166043,61.916376],[-144.936083,61.809948],[-144.621374,61.701454],[-144.454821,61.616989],[-144.427225,61.526296],[-144.486291,61.452838],[-144.580291,61.407415],[-144.72899,61.365609],[-144.82795,61.309126],[-144.877172,61.23802],[-144.872883,61.151255],[-144.815031,61.048806],[-144.715554,60.951396],[-144.574451,60.859025],[-144.533808,60.833264],[-144.522723,60.815461],[-144.531922,60.78815],[-144.615999,60.713969],[-144.637729,60.690379],[-144.691137,60.669114]]}},{"type":"Feature","properties":{"waterKind":"river"},"geometry":{"type":"MultiLineString","coordinates":[[[-111.212069,64.58257],[-111.35126,64.551822],[-111.455905,64.562235],[-111.572435,64.603525],[-111.714571,64.62758],[-111.966183,64.637812]],[[-112.317842,64.96017],[-112.343421,64.89883]],[[-114.173361,65.638371],[-114.167858,65.683898],[-114.230826,65.728391],[-114.36043,65.787096],[-114.429935,65.863525],[-114.43934,65.957706],[-114.403166,66.035324],[-114.321466,66.096379],[-114.373608,66.232702],[-114.559539,66.444317],[-114.751156,66.585962],[-114.948353,66.657585],[-115.265362,66.72771],[-115.920593,66.830701],[-116.156599,66.809772],[-116.265533,66.831709],[-116.325995,66.889587],[-116.292922,66.972295],[-116.166211,67.079782],[-116.133862,67.155953],[-116.195874,67.200808],[-116.073917,67.224269],[-115.767993,67.226388],[-115.600484,67.236103],[-115.571416,67.253415],[-115.594567,67.275739],[-115.670014,67.303076],[-115.712983,67.340748],[-115.723525,67.388859],[-115.694354,67.440354],[-115.625469,67.49526],[-115.59343,67.53624],[-115.598287,67.563215],[-115.552993,67.614685],[-115.457572,67.690623],[-115.335358,67.747415],[-115.133225,67.819168]]]}},{"type":"Feature","properties":{"waterKind":"river"},"geometry":{"type":"LineString","coordinates":[[-101.666502,33.540072],[-101.426284,33.400106],[-101.32319,33.265748],[-101.252548,33.200713],[-101.179891,33.16025],[-101.10651,33.139864],[-100.995406,33.139502],[-100.83216,33.102889],[-100.708654,33.044185],[-100.501354,32.904684]]}},{"type":"Feature","properties":{"waterKind":"river"},"geometry":{"type":"LineString","coordinates":[[-127.235355,56.814569],[-126.926252,56.915544],[-126.914987,57.081942],[-126.822408,57.190282],[-126.644745,57.296038],[-126.551288,57.414687],[-126.542064,57.5461],[-126.517569,57.627491],[-126.47783,57.658858],[-126.403313,57.674413],[-126.294043,57.674284],[-126.16697,57.621625],[-126.022147,57.516438],[-125.844587,57.439492],[-125.634341,57.390709],[-125.392728,57.260536],[-125.119773,57.048973],[-124.946399,56.896605],[-124.83563,56.756924]]}},{"type":"Feature","properties":{"waterKind":"river"},"geometry":{"type":"LineString","coordinates":[[-118.319026,52.521962],[-118.572266,52.76218],[-118.60105,52.824554],[-118.720629,52.89132],[-118.940667,52.983226],[-119.175459,53.022604],[-119.42503,53.009478],[-119.668685,53.055573],[-119.9065,53.160941],[-120.243947,53.345504],[-120.681052,53.609286],[-121.023822,53.778113],[-121.396461,53.888907],[-121.584304,53.929887],[-121.64921,53.962908],[-121.653809,54.001665],[-121.738429,54.061171],[-121.90307,54.141424],[-122.088537,54.201188],[-122.294778,54.24041],[-122.435053,54.245113],[-122.509364,54.215244],[-122.55099,54.173955],[-122.559981,54.121296],[-122.610857,54.045539],[-122.703668,53.946785],[-122.744389,53.815682],[-122.73302,53.652281],[-122.708138,53.534149],[-122.66969,53.461337],[-122.709378,53.399144],[-122.827148,53.347623],[-122.804049,53.265715],[-122.640028,53.153448],[-122.530474,53.042137],[-122.475361,52.931756],[-122.456964,52.798328],[-122.475284,52.641852],[-122.43632,52.507545],[-122.340072,52.395355],[-122.284572,52.258568],[-122.269818,52.097182],[-122.271678,51.989902],[-122.290075,51.936778],[-122.321236,51.901535],[-122.365058,51.88412],[-122.392162,51.846138],[-122.407717,51.758236],[-122.268009,51.518509],[-122.225118,51.40725],[-122.232456,51.344515],[-122.142591,51.22137],[-121.95547,51.037815],[-121.857802,50.901441],[-121.849559,50.812248],[-121.865502,50.765997],[-121.905603,50.762638],[-121.923741,50.740056],[-121.919917,50.698275],[-121.860127,50.615309],[-121.74445,50.49113],[-121.627635,50.301788],[-121.509709,50.047333],[-121.448912,49.790863],[-121.445217,49.532455],[-121.489607,49.386882],[-121.582108,49.354171],[-121.651561,49.307094],[-121.698018,49.245651],[-121.873667,49.189504],[-122.178506,49.138655],[-122.444898,49.14129],[-122.672791,49.197411],[-122.850196,49.206868],[-123.040598,49.151005],[-123.079562,49.130593]]}},{"type":"Feature","properties":{"waterKind":"river"},"geometry":{"type":"MultiLineString","coordinates":[[[-111.24938,33.104259],[-111.454768,33.039767],[-111.648348,33.054158],[-111.898591,33.125885],[-112.122324,33.221848],[-112.319573,33.342048],[-112.511189,33.371607],[-112.697224,33.310525],[-112.766936,33.23792],[-112.72022,33.153842],[-112.703554,33.086611],[-112.716939,33.036253],[-112.809181,33.029819],[-112.980256,33.067284],[-113.083738,33.067465],[-113.119601,33.030336],[-113.197219,33.00088],[-113.316592,32.979073],[-113.525391,32.906002],[-113.823641,32.781643],[-114.004664,32.724514],[-114.068484,32.734643],[-114.130315,32.725083],[-114.190105,32.695912],[-114.261211,32.708521],[-114.343584,32.76291],[-114.428178,32.776036],[-114.582174,32.734721]],[[-108.203622,33.576866],[-108.114248,33.412715],[-108.245765,33.176141],[-108.347851,33.091314],[-108.46433,33.079351],[-108.555203,32.991707],[-108.620419,32.828358],[-108.710206,32.717564],[-108.824541,32.659299],[-108.943603,32.65718],[-109.067342,32.71113],[-109.15589,32.785854],[-109.20922,32.881352],[-109.264204,32.940109],[-109.320789,32.9622],[-109.39665,32.943442],[-109.491787,32.883885],[-109.591315,32.852853],[-109.695288,32.850372],[-109.845564,32.93246],[-110.042192,33.099065],[-110.226264,33.18583],[-110.397778,33.192703],[-110.553556,33.149501],[-110.693574,33.056174],[-110.814497,33.038139],[-110.916299,33.095345],[-111.039289,33.120924],[-111.255581,33.111726]]]}},{"type":"Feature","properties":{"waterKind":"river"},"geometry":{"type":"LineString","coordinates":[[-80.463765,36.232311],[-80.455885,36.206007],[-80.480999,36.093043],[-80.45852,36.010722],[-80.392038,35.943129],[-80.365347,35.893003],[-80.378422,35.860292],[-80.405629,35.842825],[-80.446919,35.840552],[-80.46516,35.817401],[-80.460355,35.773372],[-80.423173,35.74216],[-80.353617,35.723711],[-80.269746,35.652398],[-80.122468,35.466053],[-80.07105,35.40125],[-80.055392,35.311695],[-80.058338,35.175734],[-80.027435,35.109433],[-79.962633,35.112741],[-79.914677,35.096153],[-79.883568,35.059747],[-79.883516,34.976367],[-79.914522,34.845987],[-79.890648,34.737828],[-79.81179,34.65189],[-79.781455,34.580215],[-79.799568,34.522854],[-79.790551,34.504793],[-79.753809,34.503114],[-79.721537,34.464951],[-79.675751,34.359402],[-79.633919,34.300491],[-79.59604,34.288192],[-79.550513,34.195071],[-79.470751,33.934208],[-79.333731,33.785768],[-79.246088,33.715152],[-79.162088,33.67288],[-79.115269,33.6288],[-79.105631,33.58286],[-79.122994,33.529194],[-79.189579,33.437029],[-79.226476,33.404886]]}},{"type":"Feature","properties":{"waterKind":"river"},"geometry":{"type":"LineString","coordinates":[[-81.419624,37.009137],[-81.694956,36.932294],[-81.875462,36.852531],[-82.135705,36.762278],[-82.589088,36.610014],[-82.665414,36.522474],[-82.935888,36.401241],[-83.025521,36.369848],[-83.193444,36.323675],[-83.386533,36.256495],[-83.453686,36.199832],[-83.747157,36.07617],[-83.899705,35.978321],[-83.974352,35.914604],[-83.969494,35.870136]]}},{"type":"Feature","properties":{"waterKind":"river"},"geometry":{"type":"LineString","coordinates":[[-74.074491,44.100151],[-74.063768,44.015557],[-74.079943,43.982122],[-74.119424,43.971787],[-74.151618,43.942383],[-74.176449,43.894014],[-74.178206,43.860424],[-74.146166,43.832312],[-73.971371,43.735496],[-73.888482,43.660824],[-73.83926,43.575997],[-73.830398,43.506027],[-73.86192,43.450785],[-73.867191,43.382934],[-73.846159,43.302422],[-73.780736,43.273896],[-73.670872,43.297357],[-73.617439,43.231806],[-73.621986,42.999985],[-73.728182,42.714137],[-73.76668,42.54376],[-73.77283,42.393537],[-73.81753,42.265172],[-73.900781,42.158667],[-73.943801,42.020381],[-73.948039,41.76541],[-73.983721,41.573638],[-73.984032,41.459589],[-73.96008,41.33125],[-73.9692,41.281124],[-73.96995,41.249731]]}},{"type":"Feature","properties":{"waterKind":"river"},"geometry":{"type":"MultiLineString","coordinates":[[[-123.779855,41.276861],[-123.837113,41.30244],[-123.883518,41.362489],[-123.93814,41.465531],[-123.99116,41.522582],[-124.068365,41.539144],[-124.093014,41.539635]],[[-121.809355,42.251246],[-121.784886,42.21484],[-121.800028,42.181147],[-121.845193,42.136912],[-121.900642,42.126292],[-121.966271,42.149314],[-122.051589,42.119031],[-122.156595,42.035522],[-122.257002,41.991029],[-122.352862,41.985551],[-122.447172,41.950902],[-122.539982,41.887082],[-122.637031,41.866592],[-122.738317,41.889433],[-122.812291,41.892017],[-122.88221,41.865636],[-122.999334,41.825613],[-123.099819,41.830264],[-123.222706,41.86623],[-123.342052,41.811298],[-123.457859,41.665467],[-123.511499,41.532039],[-123.502921,41.410961],[-123.535271,41.314895],[-123.608548,41.243788],[-123.678879,41.225417],[-123.779829,41.276964]]]}},{"type":"Feature","properties":{"waterKind":"river"},"geometry":{"type":"LineString","coordinates":[[-150.821383,68.042901],[-150.892438,67.853895],[-150.988453,67.747157],[-151.027184,67.67804],[-151.04062,67.610912],[-150.99083,67.548358],[-150.877865,67.490325],[-150.789473,67.426427],[-150.725601,67.356716],[-150.725962,67.278839],[-150.790506,67.192902],[-151.032093,67.091564],[-151.450673,66.97493],[-151.619499,66.917595],[-151.676395,66.857418],[-151.709261,66.739027],[-151.778973,66.658076],[-151.885426,66.614539],[-152.032187,66.580277],[-152.219153,66.555318],[-152.395628,66.552165],[-152.561561,66.570717],[-152.734315,66.550615],[-152.913917,66.491807],[-153.073933,66.460285],[-153.214338,66.456047],[-153.295909,66.437857],[-153.329964,66.389746],[-153.416418,66.411295],[-153.599689,66.38153],[-153.90861,66.307633],[-154.134075,66.194875],[-154.276082,66.043256],[-154.454029,65.922902],[-154.667918,65.833734],[-154.846874,65.793607],[-154.99087,65.802495],[-155.05469,65.832804],[-155.088435,65.852312],[-155.222225,65.883059],[-155.271861,65.910499],[-155.310463,65.929774],[-155.363379,65.920989],[-155.390329,65.935588],[-155.392525,65.962486],[-155.43428,65.99375],[-155.521122,65.997936],[-155.653103,65.974991],[-155.769169,65.980004],[-155.869318,66.012922],[-156.010239,66.02243],[-156.191934,66.008426],[-156.218857,65.987135],[-156.224955,65.962512],[-156.249734,65.947448],[-156.327584,65.929826],[-156.348332,65.911119],[-156.333501,65.885694],[-156.348772,65.832571],[-156.48065,65.755418],[-156.502561,65.72604],[-156.487833,65.696094],[-156.474604,65.674054],[-156.489719,65.654055],[-156.470625,65.629638],[-156.426105,65.621137],[-156.390836,65.616719],[-156.369235,65.576876],[-156.345593,65.559203],[-156.335594,65.534191],[-156.347686,65.515795],[-156.381793,65.503961],[-156.387787,65.487114],[-156.390836,65.466754],[-156.426415,65.455437],[-156.498323,65.456522],[-156.570257,65.457633],[-156.637875,65.469492],[-156.629297,65.49099],[-156.673455,65.517345],[-156.770322,65.548609],[-156.857552,65.564009],[-156.935092,65.563595],[-157.028162,65.538997],[-157.13676,65.490111],[-157.291246,65.474557],[-157.491648,65.492282],[-157.608901,65.490783],[-157.643059,65.470009],[-157.684452,65.414664],[-157.6759,65.39606],[-157.64262,65.388774],[-157.624275,65.364486],[-157.620864,65.323197],[-157.642258,65.298547],[-157.626988,65.259893],[-157.651974,65.215606],[-157.662025,65.163723],[-157.646728,65.083625],[-157.594587,65.055203],[-157.505703,65.078457],[-157.432375,65.074633],[-157.3746,65.043782],[-157.396718,65.027426],[-157.498676,65.025618],[-157.544719,65.003371],[-157.534746,64.960764],[-157.582288,64.921309],[-157.739772,64.866842],[-157.76915,64.850331]]}},{"type":"Feature","properties":{"waterKind":"river"},"geometry":{"type":"LineString","coordinates":[[-154.720551,63.078631],[-154.843644,63.019513],[-154.926429,63.005948],[-155.009913,63.018195],[-155.124815,63.004527],[-155.271163,62.964994],[-155.368289,62.962204],[-155.416193,62.996207],[-155.491615,62.999617],[-155.594554,62.972436],[-155.618532,62.94944],[-155.5636,62.930681],[-155.604579,62.885981],[-155.741418,62.815391],[-155.816814,62.766453],[-155.830767,62.739117],[-155.823119,62.720461],[-155.79387,62.710436],[-155.775292,62.678242],[-155.76736,62.623775],[-155.77599,62.586051],[-155.813688,62.554373],[-156.024631,62.466007],[-156.141911,62.380301],[-156.235859,62.267802],[-156.256271,62.162743],[-156.203199,62.065101],[-156.203199,62.006913],[-156.256271,61.988155],[-156.29756,61.950999],[-156.327016,61.895447],[-156.518968,61.816641],[-156.873391,61.714528],[-157.244272,61.72507],[-157.631561,61.848267],[-157.884647,61.891933],[-158.003503,61.856121],[-158.081224,61.84992],[-158.117837,61.873459],[-158.181631,61.821085],[-158.272582,61.692824],[-158.393453,61.609986],[-158.544193,61.572573],[-158.710384,61.565751],[-158.891975,61.589523],[-159.187461,61.594199],[-159.801455,61.572573],[-160.215331,61.543479],[-160.414673,61.504153],[-160.537508,61.444984],[-160.604377,61.388295],[-160.615333,61.334241],[-160.652411,61.305561],[-160.715637,61.302253],[-160.754885,61.280084],[-160.770181,61.239001],[-160.84643,61.186601],[-160.983579,61.123014],[-161.068277,61.058186],[-161.100445,60.992195],[-161.174859,60.938296],[-161.291519,60.896542],[-161.385622,60.884759],[-161.457194,60.90295],[-161.487218,60.892743],[-161.475668,60.854115],[-161.482722,60.826804],[-161.508405,60.810759],[-161.555327,60.816495],[-161.62354,60.84409],[-161.66054,60.838302],[-161.666276,60.799183],[-161.69444,60.780166],[-161.74498,60.781252],[-161.762188,60.767945],[-161.746065,60.740195],[-161.773867,60.720713],[-161.881431,60.703892],[-161.946595,60.684823]]}},{"type":"Feature","properties":{"waterKind":"river"},"geometry":{"type":"MultiLineString","coordinates":[[[-70.479982,53.406456],[-70.420063,53.408265],[-70.387404,53.434878],[-70.361979,53.486865],[-70.473109,53.491567],[-70.844611,53.42754]],[[-71.116816,53.590786],[-71.277272,53.664037],[-71.452145,53.677861],[-71.816334,53.646028]],[[-72.036063,53.598227],[-72.094457,53.602413],[-72.102079,53.616004],[-72.078411,53.640395],[-72.081925,53.654658],[-72.112673,53.658844],[-72.27951,53.620991],[-72.349506,53.630112],[-72.388573,53.674967],[-72.502623,53.691193],[-72.691759,53.678739],[-72.726847,53.703854],[-72.852318,53.764961],[-73.142946,53.866299],[-73.327896,53.915934],[-73.407219,53.913945],[-73.535945,53.877073],[-73.7141,53.805398],[-73.962147,53.748141],[-74.439068,53.683907]],[[-77.419662,53.797802],[-77.625618,53.820074],[-77.825502,53.806483],[-78.088019,53.764496],[-78.389835,53.761938],[-78.901483,53.817336],[-78.92373,53.823433],[-78.945693,53.831598]]]}},{"type":"Feature","properties":{"waterKind":"river"},"geometry":{"type":"LineString","coordinates":[[-131.372725,61.204171],[-131.320377,61.071776],[-131.245989,61.043406],[-131.132094,61.07498],[-131.044166,61.081543],[-130.951304,61.053793],[-130.618766,60.862022],[-130.373509,60.764663],[-130.104689,60.697794],[-129.844653,60.581755],[-129.593454,60.416545],[-129.373571,60.309446],[-129.185055,60.260456],[-129.028424,60.186249],[-128.903677,60.086875],[-128.79128,60.034579],[-128.691261,60.029463],[-128.609715,60.00334],[-128.546593,59.956289],[-128.396963,59.909418],[-128.160802,59.862729],[-127.991071,59.883167],[-127.887718,59.970758],[-127.771963,60.00502],[-127.643805,59.986055],[-127.540427,59.951767],[-127.461878,59.902184],[-127.446401,59.842652],[-127.493944,59.773148],[-127.463196,59.738266],[-127.354081,59.738111],[-127.259255,59.712428],[-127.138384,59.635688],[-126.987205,59.659873],[-126.834604,59.65008],[-126.63012,59.614346],[-126.404088,59.549957],[-126.156454,59.456914],[-125.978946,59.425365],[-125.871562,59.455338],[-125.809654,59.456371],[-125.672272,59.383817],[-125.446808,59.322193],[-125.231963,59.310644],[-125.027738,59.349143],[-124.879943,59.413428],[-124.788502,59.503448],[-124.719901,59.552929],[-124.681971,59.616413],[-124.646055,59.665041],[-124.553761,59.728758],[-124.413563,59.72421],[-124.225358,59.651295],[-124.160168,59.619462],[-124.146138,59.560861],[-124.080793,59.55776],[-124.048159,59.59352],[-123.93106,59.709586],[-123.859954,59.853324],[-123.834839,60.024734],[-123.712857,60.164829],[-123.494007,60.273634],[-123.419567,60.366445],[-123.489537,60.443236],[-123.533927,60.522818],[-123.552711,60.605242],[-123.551523,60.665548],[-123.530361,60.70384],[-123.468427,60.735415],[-123.436982,60.801302],[-123.395382,60.892614],[-123.345566,60.946771],[-123.326033,60.973901],[-123.276811,61.02227],[-123.1817,61.078029],[-123.136328,61.096633],[-123.003339,61.101077],[-122.885646,61.135235],[-122.752838,61.217607],[-122.4049,61.306904],[-121.841808,61.4031],[-121.521001,61.482061],[-121.442478,61.543789],[-121.413643,61.596396],[-121.434417,61.639804],[-121.384239,61.684685],[-121.26311,61.731064],[-121.221019,61.777108],[-121.279853,61.863976]]}},{"type":"Feature","properties":{"waterKind":"river"},"geometry":{"type":"MultiLineString","coordinates":[[[-117.668109,61.307809],[-117.705601,61.367159],[-117.8597,61.414701],[-118.142887,61.470202],[-118.32347,61.454906],[-118.401501,61.368735],[-118.700217,61.29985],[-119.219565,61.2482],[-119.77271,61.304165],[-120.35965,61.467773],[-120.673378,61.567198],[-120.713892,61.602519],[-120.718001,61.648227],[-120.685729,61.704296],[-120.684023,61.752174],[-120.712962,61.79181],[-120.867526,61.820775],[-121.147716,61.839146],[-121.279853,61.863976],[-121.363155,61.87966],[-121.589162,61.973685],[-122.235298,62.117759],[-122.602563,62.167213],[-122.906317,62.170056],[-123.139016,62.204265],[-123.388303,62.310435],[-123.402049,62.326067],[-123.355902,62.405287],[-123.249784,62.548069],[-123.203947,62.709403],[-123.218339,62.88934],[-123.253944,63.023957],[-123.310711,63.113306],[-123.418559,63.198804],[-123.57749,63.280479],[-123.683194,63.378716],[-123.735698,63.493437],[-123.830033,63.630483],[-123.966226,63.78975],[-124.083816,63.896824],[-124.182828,63.951782],[-124.26582,63.978472],[-124.33287,63.976922],[-124.390128,63.999453],[-124.437644,64.046013],[-124.450719,64.104227],[-124.429376,64.174042],[-124.447825,64.231842],[-124.506064,64.277576],[-124.584095,64.311449],[-124.681945,64.333386],[-124.789096,64.404906],[-124.905575,64.525984],[-124.946606,64.614661],[-124.912189,64.670988],[-124.943143,64.707472],[-125.039416,64.724008],[-125.109438,64.763696],[-125.153156,64.826431],[-125.375132,64.874697],[-125.619019,64.895316],[-125.775315,64.908493],[-126.026953,64.956346],[-126.181621,65.049105],[-126.459381,65.177391],[-126.646295,65.237956],[-126.929327,65.29139],[-127.061412,65.295291],[-127.336589,65.374511],[-128.03019,65.608347],[-128.400865,65.619871],[-128.587985,65.642686],[-128.715006,65.680694],[-128.750146,65.739295],[-128.817274,65.790584],[-128.970469,65.866729],[-129.065424,65.94998],[-129.102114,66.040414],[-129.092864,66.108601],[-129.037648,66.154541],[-128.922642,66.201851],[-128.747872,66.25053],[-128.666404,66.292155],[-128.67829,66.326727],[-128.745237,66.357526],[-128.867193,66.384553],[-129.08904,66.480128],[-129.410726,66.644305],[-129.699287,66.749776],[-129.954724,66.796595],[-130.11784,66.860364],[-130.188663,66.941031],[-130.236102,67.045727],[-130.260106,67.174453],[-130.306278,67.258014],[-130.374595,67.296461],[-130.496422,67.325193],[-130.70504,67.339688],[-130.759403,67.353667],[-130.807669,67.373511],[-130.881747,67.420278],[-130.955696,67.460534],[-131.159715,67.488517],[-131.436907,67.473246],[-131.90662,67.403173],[-132.568905,67.278168],[-133.020118,67.245301],[-133.260258,67.304471],[-133.433116,67.370565],[-133.538743,67.443532],[-133.640003,67.47906],[-133.736948,67.477122],[-133.887249,67.525904],[-134.090957,67.62533],[-134.199374,67.717624],[-134.2125,67.802735],[-134.277302,67.889035],[-134.393781,67.976497],[-134.447886,68.072538],[-134.43967,68.177183],[-134.409051,68.230978],[-134.366496,68.291646],[-134.330219,68.313944],[-134.271566,68.318259],[-134.198857,68.344614],[-134.12496,68.392001],[-134.099354,68.42926],[-134.074886,68.517058],[-134.102584,68.576125],[-134.244229,68.706194]],[[-134.244229,68.706194],[-134.39099,68.705936],[-134.538888,68.770325],[-134.835899,68.963775]],[[-134.244229,68.706194],[-134.545064,68.919359],[-134.625576,69.017131],[-134.586043,69.070565],[-134.502973,69.111441],[-134.313011,69.153945],[-134.244669,69.191591],[-134.174337,69.252827]],[[-134.835899,68.963775],[-135.033742,68.907861],[-135.131488,68.902823],[-135.195127,68.930056],[-135.321735,68.935586],[-135.606084,68.911401],[-135.637969,68.892229]],[[-134.835899,68.963775],[-135.037385,69.0624],[-135.07622,69.109942],[-135.019582,69.139294],[-135.03922,69.181256],[-135.183061,69.263163],[-135.254994,69.323831]]]}},{"type":"Feature","properties":{"waterKind":"river"},"geometry":{"type":"MultiLineString","coordinates":[[[-110.7437,44.726728],[-110.858732,44.668204],[-110.932577,44.652985],[-111.003632,44.661615],[-111.053991,44.689262],[-111.090759,44.747088],[-111.099673,44.756519]],[[-111.309247,44.868476],[-111.32922,44.867236],[-111.40645,44.842845],[-111.476782,44.852353],[-111.55334,44.891575],[-111.625584,44.9879],[-111.693513,45.141276],[-111.718576,45.263439],[-111.700722,45.354493],[-111.645635,45.457742],[-111.553263,45.573239],[-111.492698,45.721809],[-111.463966,45.903503],[-111.429627,46.024581],[-111.389733,46.084991],[-111.406295,46.17651],[-111.515849,46.360375]]]}},{"type":"Feature","properties":{"waterKind":"river"},"geometry":{"type":"MultiLineString","coordinates":[[[-89.376141,28.981332],[-89.25713,29.154913],[-89.01575,29.202869]],[[-89.260954,29.155146],[-89.288601,29.177522]],[[-89.288601,29.177522],[-89.180778,29.335703]],[[-89.288601,29.177522],[-89.433063,29.294388],[-89.519052,29.347305],[-89.615584,29.386992],[-89.665968,29.415595],[-89.669689,29.4435],[-89.71364,29.485642],[-89.758004,29.505538],[-89.869315,29.608193],[-89.972875,29.688808],[-90.006981,29.753895],[-90.01158,29.810894],[-89.986724,29.85978],[-89.958095,29.875644],[-89.931947,29.87766],[-89.922697,29.888279],[-89.922542,29.90293],[-89.932515,29.913859],[-90.041449,29.932023],[-90.249602,29.942772],[-90.39042,29.976],[-90.463956,30.031656],[-90.58183,30.04752],[-90.744094,30.023491],[-90.849229,30.040337],[-90.878246,30.075219],[-90.897211,30.09806],[-90.944159,30.126714],[-90.990048,30.126378],[-91.021131,30.147101],[-91.037719,30.181285],[-91.074461,30.203583],[-91.109885,30.208828],[-91.133476,30.227199],[-91.129522,30.24818],[-91.147893,30.267817],[-91.17939,30.284896],[-91.191198,30.307194],[-91.187245,30.328175],[-91.195126,30.351791],[-91.225615,30.368431],[-91.235278,30.402486],[-91.217915,30.479458],[-91.226442,30.504857],[-91.258068,30.53408],[-91.257034,30.565215],[-91.276025,30.614566],[-91.338321,30.706188],[-91.387672,30.743808],[-91.422657,30.753343],[-91.529085,30.755978],[-91.557067,30.780034],[-91.546603,30.814734],[-91.523271,30.853776],[-91.526372,30.871036],[-91.545595,30.908346],[-91.618356,30.938112],[-91.646287,30.952426],[-91.659697,30.972012],[-91.657216,30.995989],[-91.652617,31.029553],[-91.611043,31.0649],[-91.596367,31.10991],[-91.63081,31.217604],[-91.618252,31.276954],[-91.558695,31.28791],[-91.528955,31.345193],[-91.529007,31.448753],[-91.505727,31.518697],[-91.459089,31.554973],[-91.414699,31.639981],[-91.372531,31.77372],[-91.28649,31.883971],[-91.156523,31.970685],[-91.092548,32.045848],[-91.088698,32.104139],[-91.07459,32.131321],[-91.048158,32.145919],[-91.004595,32.185581],[-90.947725,32.240074],[-90.937648,32.277332],[-90.940438,32.303093],[-90.944702,32.330714],[-90.990022,32.381047],[-91.059268,32.423758],[-91.103813,32.490498],[-91.100816,32.541373],[-91.116112,32.586228],[-91.14965,32.625012],[-91.142416,32.66103],[-91.094357,32.694258],[-91.092083,32.725858],[-91.135594,32.755779],[-91.13606,32.80885],[-91.093375,32.885021],[-91.096088,32.93768],[-91.144173,32.966877],[-91.152854,33.040568],[-91.106785,33.217921],[-91.117301,33.240814],[-91.163345,33.294454],[-91.168461,33.359463],[-91.14102,33.438502],[-91.154327,33.500204],[-91.192955,33.522528],[-91.202722,33.546971],[-91.214582,33.583403],[-91.172724,33.616682],[-91.170373,33.647456],[-91.207476,33.675671],[-91.184119,33.715668],[-91.100299,33.767448],[-91.077148,33.796697],[-91.052705,33.8276],[-91.038184,33.901394],[-91.05007,33.945163],[-91.070172,33.974206],[-91.060354,33.989295],[-91.043145,34.00286],[-90.9431,34.02968],[-90.914729,34.04862],[-90.908787,34.071564],[-90.940258,34.128563],[-90.909717,34.188766],[-90.817216,34.252225],[-90.768123,34.308113],[-90.762336,34.35643],[-90.718101,34.3917],[-90.635418,34.413869],[-90.584,34.503708],[-90.563846,34.661166],[-90.539248,34.728165],[-90.49721,34.738087],[-90.474756,34.760049],[-90.467573,34.805266],[-90.415948,34.85162],[-90.319934,34.899162],[-90.282106,34.945309],[-90.293424,34.970062],[-90.29376,35.004479],[-90.255958,35.046388],[-90.14227,35.114291],[-90.092919,35.203588],[-90.107879,35.314201],[-90.066021,35.414118],[-89.967345,35.503311],[-89.926521,35.591652],[-89.943497,35.67914],[-89.894559,35.750505],[-89.779657,35.805748],[-89.763585,35.828046],[-89.768107,35.845254],[-89.769941,35.864297],[-89.768934,35.8721],[-89.763585,35.888766],[-89.738212,35.898739],[-89.70377,35.906904],[-89.688913,35.92096],[-89.689171,35.943594],[-89.709325,35.983049],[-89.697698,36.030308],[-89.641887,36.104515],[-89.634136,36.167922],[-89.674547,36.22058],[-89.654083,36.247969],[-89.627986,36.255255],[-89.594629,36.259441],[-89.583544,36.272231],[-89.583544,36.287656],[-89.611708,36.321969],[-89.604086,36.351916],[-89.555277,36.372922],[-89.540601,36.426666],[-89.560032,36.513095],[-89.555484,36.540767],[-89.549645,36.553066],[-89.535589,36.555288],[-89.519517,36.554823],[-89.496831,36.52883],[-89.485385,36.498134],[-89.471484,36.488884],[-89.451821,36.497514],[-89.397458,36.587793],[-89.351311,36.611202],[-89.330537,36.615905],[-89.280126,36.60004],[-89.256123,36.594407],[-89.203051,36.625517],[-89.156335,36.715718],[-89.129515,36.811061],[-89.122487,36.911597],[-89.15432,36.992109],[-89.22491,37.052674],[-89.272401,37.079985],[-89.28147,37.077789],[-89.291676,37.070657],[-89.29581,37.051641],[-89.293252,37.038179],[-89.285888,37.022702],[-89.290022,37.01278],[-89.300823,37.012056],[-89.351879,37.035517],[-89.413942,37.102413],[-89.48691,37.212742],[-89.502929,37.300514],[-89.461976,37.365678],[-89.461976,37.434124],[-89.502929,37.505799],[-89.523419,37.57595],[-89.523419,37.644524],[-89.623284,37.747257],[-89.822961,37.884096],[-89.969826,37.968535],[-90.063877,38.000523],[-90.173586,38.069046],[-90.299005,38.174001],[-90.365771,38.254254],[-90.373987,38.309755],[-90.316601,38.457808],[-90.150745,38.780527],[-90.132193,38.818639],[-90.126767,38.832617],[-90.134209,38.846673],[-90.149918,38.859902],[-90.220069,38.897678],[-90.35435,38.930208],[-90.47796,38.948114],[-90.577076,38.909615],[-90.66353,38.987491],[-90.737221,39.181795],[-90.91938,39.386899],[-91.209905,39.602803],[-91.378732,39.749409],[-91.425861,39.82682],[-91.466815,39.942859],[-91.501644,40.097527],[-91.499784,40.22602],[-91.441958,40.379448],[-91.390773,40.397121],[-91.380541,40.447557],[-91.394183,40.536647],[-91.339045,40.603982],[-91.215124,40.64956],[-91.102134,40.749787],[-91.000125,40.904687],[-90.954003,41.015585],[-90.963822,41.082531],[-91.001339,41.145964],[-91.066503,41.205909],[-91.082109,41.280323],[-91.048106,41.369103],[-90.938759,41.425585],[-90.754067,41.449822],[-90.586739,41.494729],[-90.436671,41.560358],[-90.347529,41.632033],[-90.319236,41.709651],[-90.276009,41.770009],[-90.217769,41.813107],[-90.176609,41.883645],[-90.15245,41.98152],[-90.149427,42.053712],[-90.167514,42.100299],[-90.233221,42.154016],[-90.346573,42.21484],[-90.410497,42.272071],[-90.425044,42.32566],[-90.48473,42.383253],[-90.589633,42.4448],[-90.657329,42.520506],[-90.68787,42.610319],[-90.788742,42.67693],[-90.959946,42.720338],[-91.069578,42.788551],[-91.117585,42.881646],[-91.148152,42.986214],[-91.161329,43.102331],[-91.147583,43.199586],[-91.106966,43.278031],[-91.117198,43.331154],[-91.178357,43.35893],[-91.21869,43.395284],[-91.238276,43.440243],[-91.278428,43.79743],[-91.319924,43.936285],[-91.382685,43.990804],[-91.514848,44.054211],[-91.716438,44.126454],[-91.840978,44.19415],[-91.912291,44.288873],[-92.055125,44.399822],[-92.148582,44.445246],[-92.240307,44.462144],[-92.313094,44.497801],[-92.36694,44.552268],[-92.441587,44.586581],[-92.537033,44.600792],[-92.643539,44.645337],[-92.819884,44.757785],[-92.962563,44.790186],[-93.030207,44.838142],[-93.070412,44.912401],[-93.118755,44.937464],[-93.175237,44.913228],[-93.232495,44.963044],[-93.290528,45.086912],[-93.348999,45.166649],[-93.407859,45.202357],[-93.935863,45.388651],[-94.062987,45.439191],[-94.133293,45.496345],[-94.189207,45.577037],[-94.211996,45.632125],[-94.201712,45.661632],[-94.237782,45.713825],[-94.320155,45.78873],[-94.370539,45.852809],[-94.388833,45.906061],[-94.386404,45.972078],[-94.363149,46.050833],[-94.365785,46.124885],[-94.394233,46.194287],[-94.333461,46.284462],[-94.183445,46.395515],[-94.091383,46.481737],[-94.057225,46.54318],[-93.959479,46.568786],[-93.798093,46.558554],[-93.691795,46.58602],[-93.64061,46.651184],[-93.572035,46.697563],[-93.486045,46.72521],[-93.403673,46.807427],[-93.324815,46.944318],[-93.309157,47.023177],[-93.356596,47.044054],[-93.401864,47.089736],[-93.444937,47.160119],[-93.50855,47.211279],[-93.592757,47.243163],[-93.676111,47.248899],[-93.75869,47.228435],[-93.798248,47.242233],[-93.794838,47.290318],[-93.828944,47.31166],[-93.900568,47.306234],[-93.975835,47.335845],[-94.094122,47.43279]],[[-95.025822,47.156114],[-94.9681,47.3175],[-94.877071,47.451419],[-94.794286,47.482063],[-94.63706,47.439999]],[[-94.50774,47.456535],[-94.326485,47.405634]]]}},{"type":"Feature","properties":{"waterKind":"river"},"geometry":{"type":"MultiLineString","coordinates":[[[-98.559663,43.059878],[-98.14328,42.852268],[-97.964945,42.805863],[-97.880919,42.849581],[-97.69814,42.874644],[-97.416658,42.881],[-97.238788,42.860537],[-97.164477,42.813201],[-97.019731,42.760181],[-96.804525,42.701425],[-96.675541,42.637604],[-96.632778,42.568668],[-96.557951,42.524795],[-96.451006,42.505985],[-96.38375,42.417773],[-96.356103,42.260134],[-96.295331,42.132907],[-96.201383,42.036117],[-96.154203,41.965294],[-96.153764,41.920439],[-96.131233,41.872432],[-96.086636,41.821375],[-96.068808,41.734326],[-96.077773,41.611285],[-96.058627,41.545785],[-96.011395,41.537878],[-95.990957,41.520489],[-95.997365,41.493643],[-95.981578,41.4738],[-95.94357,41.460932],[-95.932976,41.425456],[-95.949719,41.367424],[-95.936025,41.330992],[-95.891945,41.316161],[-95.883625,41.287558],[-95.911169,41.245183],[-95.906905,41.211955],[-95.870887,41.187822],[-95.846599,41.080335],[-95.834016,40.889494],[-95.83815,40.777744],[-95.859001,40.74511],[-95.826109,40.676174],[-95.739551,40.570857],[-95.684697,40.466367],[-95.661571,40.362756],[-95.607104,40.295474],[-95.521218,40.264571],[-95.463651,40.198063],[-95.434298,40.095977],[-95.362468,40.010323],[-95.116204,39.872089],[-95.055536,39.870797],[-94.984016,39.891157],[-94.929936,39.861495],[-94.893298,39.78181],[-94.898595,39.74114],[-94.945827,39.739487],[-95.004764,39.691557],[-95.075354,39.597377],[-95.057939,39.508958],[-94.952519,39.426379],[-94.882291,39.343129],[-94.847203,39.259154],[-94.777853,39.19399],[-94.622384,39.124408],[-94.504123,39.124408],[-94.421182,39.151099],[-94.334159,39.204429],[-94.239255,39.20722],[-94.136471,39.159496],[-94.028234,39.153631],[-93.914546,39.189598],[-93.772953,39.210992],[-93.603506,39.217813],[-93.512814,39.23745],[-93.500851,39.269851],[-93.46938,39.27073],[-93.418401,39.240086],[-93.342979,39.27011],[-93.24314,39.360854],[-93.10842,39.359045],[-92.938818,39.264684],[-92.876625,39.192001],[-92.92179,39.141022],[-92.932591,39.087124],[-92.909026,39.030331],[-92.816112,38.993279],[-92.653951,38.976019],[-92.502849,38.890262],[-92.292914,38.658881],[-92.123648,38.586095],[-91.978489,38.597851],[-91.80098,38.669888],[-91.619053,38.706268],[-91.432708,38.70694],[-91.237552,38.666581],[-91.033585,38.58519],[-90.871735,38.578808],[-90.752052,38.647512],[-90.660946,38.681464],[-90.598418,38.680637],[-90.512738,38.731719],[-90.40383,38.83471],[-90.316394,38.859515],[-90.256423,38.844968],[-90.133123,38.819026]],[[-100.394125,44.435531],[-100.372498,44.41486],[-100.344541,44.373984],[-100.225401,44.328767],[-100.019445,44.285669],[-99.922448,44.244535],[-99.934437,44.205364],[-99.921337,44.171154],[-99.883174,44.141802],[-99.804264,44.122475],[-99.684685,44.113122],[-99.646987,44.132087],[-99.69117,44.179267],[-99.684246,44.204589],[-99.626213,44.208],[-99.587482,44.178182],[-99.568103,44.115085],[-99.509889,44.060308],[-99.36442,43.990597]],[[-111.698758,46.662682],[-111.758134,46.670692],[-111.813686,46.711077],[-111.885206,46.786473],[-111.913344,46.837012],[-111.898151,46.862721],[-111.91908,46.916051],[-111.976131,46.99708],[-111.989309,47.057076],[-111.958716,47.096118],[-111.616076,47.341503],[-111.453889,47.415091],[-111.347746,47.41168],[-111.292969,47.439482],[-111.289506,47.498496],[-111.237365,47.541129],[-111.136596,47.567381],[-111.036783,47.632338],[-110.9379,47.736053],[-110.856406,47.784164],[-110.792327,47.776774],[-110.617196,47.843488],[-110.331012,47.984307],[-110.166681,48.043476],[-110.124203,48.020945],[-110.089425,47.968028],[-110.062346,47.884778],[-109.994702,47.816048],[-109.886465,47.761891],[-109.609428,47.754605],[-109.163641,47.794241],[-108.934611,47.795248],[-108.922338,47.75768],[-108.87353,47.718276],[-108.78816,47.677038],[-108.606776,47.642725],[-108.190626,47.601772]],[[-101.399671,47.506196],[-101.422615,47.484389],[-101.407319,47.431188],[-101.361534,47.339281],[-101.247613,47.282179],[-101.065531,47.259777],[-100.978766,47.231019],[-100.987345,47.195879],[-100.966726,47.147923],[-100.916858,47.087204],[-100.901562,47.034468],[-100.920785,46.989768],[-100.892079,46.904011],[-100.777125,46.713764]],[[-106.405825,48.020738],[-106.366706,48.057868],[-106.220979,48.057713],[-105.955672,48.03265],[-105.729226,48.042132],[-105.541718,48.086109],[-105.340231,48.099778],[-105.124766,48.083086],[-104.977799,48.095204],[-104.89925,48.136184],[-104.749518,48.149981],[-104.52855,48.136649],[-104.277402,48.093292],[-103.996076,48.01986],[-103.834638,47.994177],[-103.772317,48.027301]]]}},{"type":"Feature","properties":{"waterKind":"river"},"geometry":{"type":"LineString","coordinates":[[-151.674199,64.301398],[-152.206518,64.326151],[-152.399452,64.235304],[-152.498671,64.160683],[-152.56846,64.072007],[-152.597295,64.008496],[-152.585125,63.970101],[-152.790953,63.884318],[-153.214699,63.751096],[-153.455408,63.648622],[-153.513053,63.576895],[-153.605451,63.5154],[-153.732626,63.464137],[-153.850474,63.403107],[-153.958995,63.332388],[-154.009302,63.286473],[-154.001395,63.265441],[-154.178206,63.210819],[-154.720551,63.078631]]}},{"type":"Feature","properties":{"waterKind":"river"},"geometry":{"type":"MultiLineString","coordinates":[[[-97.731161,54.081712],[-97.59489,54.241444],[-97.56931,54.318545],[-97.614889,54.372573],[-97.62202,54.428719],[-97.590653,54.487062],[-97.629048,54.529902],[-97.791183,54.57083]],[[-97.901461,54.70462],[-97.924276,54.774228],[-97.9574,54.806888],[-98.008457,54.825801],[-98.011867,54.863499],[-97.945541,54.948223]],[[-97.254084,55.235621],[-97.07394,55.24854],[-96.953637,55.301896],[-96.833128,55.40003],[-96.768481,55.483177],[-96.759696,55.551442],[-96.70435,55.671228],[-96.602444,55.842638],[-96.55175,55.961933],[-96.55268,56.062806]],[[-95.842026,56.290776],[-95.43112,56.339197]],[[-94.779403,56.393819],[-94.344029,56.420536],[-93.996298,56.549003],[-93.591052,56.788162],[-93.261821,56.909447],[-92.881974,56.914562],[-92.802392,56.928308]]]}},{"type":"Feature","properties":{"waterKind":"river"},"geometry":{"type":"LineString","coordinates":[[-79.059226,43.278056],[-79.066047,43.106103]]}},{"type":"Feature","properties":{"waterKind":"river"},"geometry":{"type":"MultiLineString","coordinates":[[[-117.132483,52.014035],[-117.010914,52.076744],[-116.937224,52.071602],[-116.837721,51.993416],[-116.53407,52.021579],[-116.438081,52.079457],[-116.448468,52.17635],[-116.389686,52.27606],[-116.261709,52.378534],[-116.053195,52.437471],[-115.764117,52.452819],[-115.575601,52.440004],[-115.487571,52.399076],[-115.398351,52.386984],[-115.307969,52.403727],[-115.21105,52.3929],[-115.10762,52.354505],[-115.028916,52.344609],[-114.97494,52.363212],[-114.984371,52.462845],[-115.057287,52.643505],[-115.111134,52.739985],[-115.146015,52.752284],[-115.164205,52.78497],[-115.165756,52.838041],[-115.183791,52.874809],[-115.218207,52.895325],[-115.227457,52.940283],[-115.211463,53.009685],[-115.159425,53.050018],[-115.071291,53.061206],[-115.014008,53.08291],[-114.97432,53.131176],[-114.840556,53.275715],[-114.729451,53.320622],[-114.596436,53.314033],[-114.482593,53.337933],[-114.388025,53.392297],[-114.261883,53.395656],[-114.10427,53.348088],[-113.946657,53.332817],[-113.78907,53.349871],[-113.6906,53.389196],[-113.651274,53.450769],[-113.569238,53.49968],[-113.444517,53.536009],[-113.305817,53.628484],[-113.153062,53.777157],[-113.024233,53.876453],[-112.919329,53.926424],[-112.855871,53.975104],[-112.833908,54.022594],[-112.731847,54.031844],[-112.549636,54.002983],[-112.410006,54.00611],[-112.312906,54.041301],[-112.19294,54.021897],[-112.050106,53.947948],[-111.919778,53.907821],[-111.801956,53.901568],[-111.737438,53.869684],[-111.726276,53.812168],[-111.577628,53.773927],[-111.291548,53.754962],[-111.094273,53.772015],[-110.985804,53.824984],[-110.858267,53.85077],[-110.711661,53.849375],[-110.562522,53.801419],[-110.410904,53.706903],[-110.301737,53.668352],[-110.234997,53.685767],[-110.123324,53.660782],[-109.966641,53.593447],[-109.826237,53.564121],[-109.702006,53.572803],[-109.612554,53.548721],[-109.557777,53.491877],[-109.534523,53.451673],[-109.542765,53.428212],[-109.481916,53.408678],[-109.352002,53.39315],[-109.236453,53.359689],[-109.135219,53.308323],[-109.022177,53.215822],[-108.897327,53.082238],[-108.709664,52.970876],[-108.45924,52.881837],[-108.343433,52.818533],[-108.362347,52.781068],[-108.360796,52.755281],[-108.327801,52.734249]],[[-108.334002,52.734249],[-108.103112,52.611363],[-107.985496,52.566869],[-107.904209,52.559841],[-107.746674,52.502222],[-107.512889,52.394063],[-107.357498,52.337943],[-107.280552,52.333912],[-107.180352,52.34342],[-107.056871,52.366468],[-106.961631,52.441451],[-106.894633,52.568368],[-106.691492,52.764118],[-106.352288,53.028753],[-106.150078,53.171018],[-106.08494,53.191017],[-106.033574,53.185333],[-105.996031,53.153965],[-105.879501,53.162518],[-105.683957,53.210938],[-105.455909,53.236441],[-105.06508,53.240394]]]}},{"type":"Feature","properties":{"waterKind":"river"},"geometry":{"type":"MultiLineString","coordinates":[[[-85.186035,38.693659],[-85.211124,38.704124],[-85.246626,38.727042],[-85.306751,38.737197],[-85.405427,38.729962],[-85.444779,38.683091],[-85.424832,38.596585],[-85.45868,38.530207],[-85.546323,38.484008],[-85.608903,38.42303],[-85.64642,38.347298],[-85.706288,38.301358],[-85.788453,38.285209],[-85.854935,38.215032],[-85.905681,38.090905],[-85.961156,38.014011],[-86.021333,37.984348],[-86.103447,37.991867],[-86.207523,38.036567],[-86.267623,38.082585],[-86.283746,38.129869],[-86.314597,38.163769],[-86.342657,38.178729],[-86.361441,38.178988],[-86.362527,38.172115],[-86.354956,38.15886],[-86.365136,38.144597],[-86.429628,38.139688],[-86.457379,38.120154],[-86.448335,38.08597],[-86.462546,38.06176],[-86.49996,38.047497],[-86.519856,38.014838],[-86.522181,37.96373],[-86.548639,37.917066],[-86.599231,37.874794],[-86.673128,37.889031],[-86.770331,37.959776],[-86.869085,37.976132],[-86.96944,37.938046],[-87.044268,37.886447],[-87.093567,37.821283],[-87.141032,37.805238],[-87.2094,37.854847],[-87.372387,37.923474],[-87.457292,37.938098],[-87.518451,37.921562],[-87.561446,37.929055],[-87.576173,37.947762],[-87.587387,37.955694],[-87.599402,37.94647],[-87.600797,37.886732],[-87.615396,37.84893],[-87.643249,37.83304],[-87.664566,37.845546],[-87.679423,37.88637],[-87.71446,37.899599],[-87.76965,37.885233],[-87.825254,37.891434],[-87.874424,37.915748],[-87.892123,37.912983],[-87.905998,37.901821],[-87.902071,37.855106],[-87.912484,37.817692],[-87.938115,37.793817],[-87.974547,37.78803],[-88.021779,37.800432],[-88.041985,37.788857],[-88.073249,37.770925],[-88.128956,37.699508],[-88.140377,37.62065],[-88.107511,37.53435],[-88.190503,37.464561],[-88.389328,37.411257],[-88.49467,37.364283],[-88.506608,37.323588],[-88.492784,37.26155],[-88.453278,37.178144],[-88.44625,37.120422],[-88.471674,37.088382],[-88.61381,37.110087],[-88.872606,37.185534],[-89.046213,37.182976],[-89.134605,37.102464],[-89.165069,37.041564],[-89.15432,36.992109]],[[-79.990874,40.447712],[-80.148978,40.521584],[-80.222669,40.584474],[-80.264682,40.661007],[-80.344005,40.686199],[-80.519085,40.646951],[-80.637527,40.603258],[-80.65905,40.562977],[-80.623187,40.511559],[-80.604093,40.445206],[-80.601819,40.363893],[-80.668275,40.185248],[-80.803512,39.909141],[-80.87219,39.735508],[-80.874309,39.664298],[-80.963295,39.571125],[-81.139125,39.45599],[-81.262502,39.386537],[-81.33335,39.362817],[-81.392417,39.364833],[-81.439649,39.392557],[-81.492721,39.373618],[-81.551632,39.30804],[-81.60646,39.274141],[-81.657207,39.27197],[-81.700589,39.229466],[-81.736659,39.146629],[-81.770662,39.098828],[-81.802598,39.086064],[-81.80495,39.044051],[-81.77769,38.972789],[-81.780119,38.946977],[-81.795028,38.945944],[-81.809342,38.950026],[-81.843759,38.934316],[-81.882438,38.894215],[-81.896675,38.893544],[-81.907372,38.900236],[-81.918534,38.952351],[-81.949799,38.989326],[-82.001087,39.011107],[-82.072272,38.962945],[-82.163326,38.844916],[-82.20353,38.768228],[-82.187639,38.715208],[-82.180069,38.63759],[-82.202496,38.605835],[-82.252312,38.594079],[-82.290863,38.552014],[-82.318148,38.479667],[-82.387059,38.433985],[-82.497543,38.414968],[-82.621282,38.450677],[-82.758225,38.541162],[-82.844628,38.627668],[-82.880439,38.710247],[-83.00007,38.713994],[-83.203469,38.638908],[-83.356974,38.62741],[-83.460585,38.6795],[-83.538384,38.69986],[-83.616312,38.682781],[-83.689873,38.649527],[-83.752273,38.669371],[-83.828082,38.731228],[-83.948385,38.774223],[-84.113232,38.798381],[-84.227282,38.865199],[-84.290431,38.974701],[-84.358024,39.049916],[-84.430061,39.090896],[-84.508867,39.102833],[-84.594547,39.08578],[-84.660537,39.094462],[-84.706943,39.128904],[-84.765906,39.125002],[-84.837426,39.082679],[-84.860603,39.03971],[-84.835488,38.996044],[-84.836599,38.960568],[-84.863884,38.933231],[-84.854169,38.912896],[-84.807454,38.899538],[-84.789625,38.868377],[-84.800736,38.819388],[-84.901246,38.769572],[-85.093896,38.713555],[-85.135521,38.697251],[-85.169886,38.690378],[-85.186113,38.693659]]]}},{"type":"Feature","properties":{"waterKind":"river"},"geometry":{"type":"MultiLineString","coordinates":[[[-76.902536,45.892393],[-76.823703,45.87968],[-76.753811,45.797825],[-76.666581,45.642589],[-76.553125,45.542078],[-76.413444,45.496345],[-76.269939,45.483942],[-76.122635,45.504871],[-76.000627,45.483632],[-75.903966,45.420225],[-75.626128,45.450766],[-75.167138,45.575306],[-74.864185,45.642176],[-74.717217,45.651374],[-74.577225,45.632202],[-74.377573,45.56094],[-74.315097,45.531071]],[[-77.371344,46.062848],[-77.272203,45.954275],[-77.154897,45.911668],[-76.902122,45.892445]],[[-77.682658,46.186669],[-77.372998,46.0637]],[[-77.682658,46.186669],[-77.682126,46.186587]],[[-77.684012,46.187207],[-77.682658,46.186669]],[[-79.16555,46.827168],[-79.014577,46.60651],[-78.903163,46.486465],[-78.781,46.393448],[-78.460451,46.30689],[-77.682658,46.186669]]]}},{"type":"Feature","properties":{"waterKind":"river"},"geometry":{"type":"MultiLineString","coordinates":[[[-122.221707,56.021232],[-122.170186,55.97201],[-122.118096,55.961649],[-122.048307,55.973845],[-121.950974,56.016943],[-121.826073,56.090995],[-121.630761,56.165409],[-121.364964,56.240133],[-121.039351,56.238273],[-120.653948,56.159725],[-120.388641,56.120864],[-120.243533,56.121691],[-119.734624,56.180034],[-119.49221,56.231038],[-119.298268,56.294342],[-119.144686,56.315943],[-119.031514,56.295737],[-118.977797,56.267005],[-118.983559,56.229746],[-118.963405,56.187553],[-118.917335,56.140475],[-118.907207,56.099625],[-118.916534,56.069911],[-118.869173,56.017201],[-118.715797,55.956223],[-118.448708,55.933589],[-118.067852,55.949298],[-117.739139,56.022524],[-117.462489,56.153265],[-117.273095,56.288192],[-117.17093,56.427305],[-117.127625,56.536472],[-117.14318,56.615692],[-117.177312,56.668609],[-117.228084,56.704653],[-117.230307,56.733333],[-117.252915,56.755089],[-117.290742,56.786973],[-117.318596,56.843301],[-117.294721,56.925208],[-117.219093,57.032746],[-117.208757,57.083338],[-117.212659,57.116979],[-117.195012,57.136823],[-117.169923,57.14845],[-117.121398,57.179559],[-117.097214,57.229065],[-117.105585,57.268288],[-117.133284,57.308802],[-117.126669,57.357274],[-117.082564,57.416832],[-117.091245,57.477164],[-117.104629,57.507239],[-117.094785,57.530494],[-117.058327,57.557934],[-117.053909,57.599844],[-117.075768,57.622297],[-117.093597,57.663767],[-117.087912,57.692319],[-117.09339,57.719061],[-117.106386,57.75154],[-117.098015,57.774019],[-117.107265,57.795284],[-117.100211,57.822517],[-117.078171,57.844583],[-117.082564,57.886441],[-117.133052,57.920625],[-117.14796,57.970519],[-117.116489,58.024469],[-117.052617,58.06736],[-116.956396,58.099245],[-116.83201,58.112267],[-116.679513,58.106531],[-116.591818,58.114696],[-116.568952,58.136813],[-116.573008,58.16167],[-116.604066,58.189317],[-116.612282,58.21593],[-116.597761,58.24151],[-116.616158,58.261302],[-116.641531,58.277735],[-116.643521,58.291636],[-116.59988,58.312436],[-116.544224,58.310291],[-116.494977,58.305847],[-116.4957,58.278355],[-116.482264,58.262852],[-116.454617,58.259442],[-116.384183,58.292928],[-116.270856,58.363311],[-116.143758,58.415763],[-116.00281,58.450283],[-115.766649,58.439146],[-115.435274,58.382354],[-115.169166,58.359487],[-114.968352,58.370494],[-114.694311,58.44403],[-114.347046,58.580094],[-114.085925,58.663655],[-113.823383,58.710215]],[[-113.713519,58.669262],[-113.270832,58.779307],[-113.126965,58.832378],[-113.134407,58.865141],[-113.100765,58.888809],[-113.026093,58.903304],[-112.943514,58.95821],[-112.853132,59.053553],[-112.769313,59.118149],[-112.69216,59.1521],[-112.52819,59.143289],[-112.277456,59.091768],[-112.101757,59.077945],[-112.001194,59.101767],[-111.94435,59.099054],[-111.931224,59.069754],[-111.961972,59.034872],[-112.036593,58.99441],[-112.059124,58.963068],[-112.029565,58.940899],[-111.965848,58.940072],[-111.868076,58.960639],[-111.759969,58.953327],[-111.641526,58.918135],[-111.539414,58.926636],[-111.410765,59.005055]]]}},{"type":"Feature","properties":{"waterKind":"river"},"geometry":{"type":"LineString","coordinates":[[-117.681778,49.015226],[-117.41399,49.027059],[-117.336734,49.006931],[-117.323815,48.960629],[-117.33937,48.905077],[-117.38345,48.840197],[-117.391227,48.753381],[-117.362702,48.644602],[-117.325029,48.569051],[-117.278211,48.526728],[-117.249453,48.447017],[-117.238704,48.329867],[-117.122432,48.241448],[-116.900533,48.181659],[-116.761369,48.177835],[-116.704938,48.229976],[-116.649903,48.254471],[-116.569494,48.249768]]}},{"type":"Feature","properties":{"waterKind":"river"},"geometry":{"type":"LineString","coordinates":[[-120.429362,41.708953],[-120.457293,41.558135],[-120.514189,41.498036],[-120.679217,41.450959],[-120.971293,41.396853],[-121.11547,41.289366],[-121.111723,41.128394],[-121.130327,41.023388],[-121.171306,40.974243],[-121.222673,40.977137],[-121.2844,41.031966],[-121.347342,41.04194],[-121.411498,41.007058],[-121.49586,40.999823],[-121.600453,41.020287],[-121.689492,41.015016],[-121.763079,40.983984],[-121.829173,40.985535],[-121.887826,41.019667],[-121.932423,41.019925],[-121.962963,40.986336],[-121.969578,40.946648],[-121.952266,40.900966],[-121.98136,40.854458],[-122.094661,40.783506]]}},{"type":"Feature","properties":{"waterKind":"river"},"geometry":{"type":"LineString","coordinates":[[-139.810866,65.649611],[-139.728236,65.747615],[-139.697385,65.810867],[-139.687463,65.902593],[-139.697695,65.933288],[-139.670565,65.95861],[-139.60938,65.988789],[-139.487992,66.00207],[-139.306298,65.998452],[-139.165712,66.016281],[-139.066183,66.055581],[-138.922781,66.176943],[-138.735506,66.380393],[-138.55438,66.511393],[-138.379403,66.570045],[-138.249049,66.641721],[-138.163292,66.726522],[-138.067846,66.768121],[-137.962659,66.766674],[-137.886281,66.787216],[-137.838635,66.829823],[-137.82122,66.861552],[-137.825587,66.885608],[-137.80086,66.901653],[-137.682443,66.928267],[-137.602551,66.985679],[-137.557645,67.000691],[-137.521135,66.992449],[-137.498759,67.002887],[-137.490594,67.031878],[-137.525605,67.054228],[-137.603818,67.069912],[-137.612267,67.102468],[-137.550978,67.151974],[-137.561391,67.177579],[-137.638854,67.179621],[-137.663555,67.200188],[-137.700504,67.237033],[-137.788302,67.297391],[-137.815794,67.338681],[-137.782876,67.36085],[-137.772877,67.395318],[-137.785719,67.441982],[-137.857394,67.468569],[-137.987877,67.475003],[-138.102753,67.504717],[-138.201972,67.55766],[-138.334626,67.581302],[-138.598847,67.579958],[-138.629026,67.594169],[-138.636623,67.61223],[-138.621714,67.634089],[-138.632824,67.647861],[-138.670006,67.653597],[-139.286583,67.547867],[-139.667774,67.575152],[-139.825723,67.573964],[-139.887477,67.5535],[-139.912385,67.534586],[-139.900422,67.517171],[-139.994783,67.539237],[-140.108755,67.537687],[-140.26983,67.514071],[-140.352358,67.491798],[-140.356311,67.470869],[-140.511237,67.454462],[-140.81711,67.442628],[-141.10288,67.409426],[-141.501435,67.32757],[-141.617035,67.289691],[-141.664836,67.251554],[-141.683388,67.20055],[-141.709071,67.170629],[-141.74186,67.161896],[-142.054657,67.164066],[-142.110958,67.167787],[-142.132301,67.177812],[-142.137184,67.1967],[-142.148295,67.211402],[-142.181368,67.220497],[-142.320196,67.16789],[-142.564755,67.053582],[-142.860964,66.997668],[-143.208824,67.000148],[-143.457026,66.987979],[-143.605596,66.961159],[-143.668047,66.935708],[-143.644379,66.911627],[-143.642984,66.894315],[-143.663758,66.883773],[-143.780856,66.90186],[-143.851188,66.884652],[-143.920719,66.834577],[-144.041125,66.797473],[-144.212432,66.773341],[-144.319583,66.772824],[-144.36263,66.796027],[-144.39038,66.79551],[-144.402886,66.771274],[-144.464536,66.758871],[-144.57533,66.758251],[-144.686279,66.729157],[-144.797409,66.671641],[-144.911123,66.648697],[-145.027447,66.660376],[-145.197411,66.645054],[-145.453416,66.586634]]}},{"type":"Feature","properties":{"waterKind":"river"},"geometry":{"type":"LineString","coordinates":[[-78.325369,39.639209],[-78.18114,39.685743],[-78.097786,39.677888],[-78.027196,39.631225],[-77.955701,39.608797],[-77.883251,39.610709],[-77.855423,39.599702],[-77.872166,39.575776],[-77.853072,39.548336],[-77.79814,39.517278],[-77.779588,39.488339],[-77.797442,39.461468],[-77.791706,39.441779],[-77.762354,39.429247],[-77.744836,39.400102],[-77.739048,39.354342],[-77.66882,39.309539],[-77.534151,39.265614],[-77.478857,39.220862],[-77.502938,39.175284],[-77.506452,39.142624],[-77.480924,39.112962],[-77.30109,39.053379],[-77.190296,38.969043],[-77.101826,38.93597],[-77.053043,38.915299],[-77.030357,38.889254]]}},{"type":"Feature","properties":{"waterKind":"river"},"geometry":{"type":"LineString","coordinates":[[-98.589946,21.981165],[-98.470831,21.9653],[-98.42533,21.979537],[-98.413807,22.018553],[-98.375592,22.040567],[-98.310738,22.045528],[-98.257899,22.06594],[-98.217126,22.101855],[-98.177542,22.098574],[-98.139198,22.056148],[-98.096901,22.046742],[-98.050676,22.070359],[-98.047395,22.106506],[-98.050676,22.123327],[-98.015019,22.178362],[-97.965513,22.209239],[-97.870506,22.219342],[-97.782372,22.279312]]}},{"type":"Feature","properties":{"waterKind":"river"},"geometry":{"type":"MultiLineString","coordinates":[[[-76.819337,47.517358],[-76.891348,47.539217],[-76.920235,47.531776],[-76.934808,47.487567]],[[-77.321993,47.573479],[-77.361293,47.578414],[-77.430798,47.556581],[-77.456765,47.556116]],[[-78.812807,47.656394],[-78.98737,47.553971],[-79.067959,47.537099],[-79.112737,47.571567],[-79.225288,47.58583],[-79.495762,47.576941]],[[-77.54446,47.670682],[-77.527252,47.744295]],[[-77.567327,47.82982],[-77.621226,47.818063],[-77.728713,47.732772],[-77.834365,47.72763],[-77.932964,47.79021],[-78.003683,47.783931],[-78.046574,47.708845],[-78.127422,47.688201],[-78.246278,47.722049],[-78.341957,47.76432],[-78.414433,47.815118],[-78.44872,47.861317],[-78.444845,47.903045],[-78.485359,47.928754],[-78.570315,47.93847],[-78.641163,47.92493],[-78.697878,47.888137],[-78.72568,47.823231],[-78.715784,47.709388],[-78.724052,47.683705]]]}},{"type":"Feature","properties":{"waterKind":"river"},"geometry":{"type":"MultiLineString","coordinates":[[[-93.376827,48.617214],[-93.463618,48.561274],[-93.564283,48.536908],[-93.707737,48.525462],[-93.803545,48.548949],[-93.85163,48.607292],[-94.055184,48.65902],[-94.414154,48.704108],[-94.620886,48.742607],[-94.675353,48.774439],[-94.705092,48.80852],[-94.71256,48.863013]],[[-91.629492,48.865235],[-91.658767,48.791854],[-91.75721,48.761985],[-91.934564,48.751133],[-92.059647,48.759556],[-92.132407,48.787152],[-92.321362,48.770202],[-92.779008,48.678011]],[[-90.503488,49.329134],[-90.613327,49.21927],[-90.590046,49.168575],[-90.600614,49.129921],[-90.637304,49.08641],[-90.755979,49.053776],[-90.956691,49.03202],[-91.12252,48.972928],[-91.319072,48.828234]]]}},{"type":"Feature","properties":{"waterKind":"river"},"geometry":{"type":"MultiLineString","coordinates":[[[-99.172081,26.564141],[-99.107769,26.446913],[-99.015269,26.398957],[-98.87321,26.381232],[-98.765232,26.340408],[-98.691412,26.276458],[-98.598291,26.237856],[-98.485869,26.224575],[-98.378124,26.182356],[-98.275029,26.111197],[-98.082793,26.06443],[-97.801415,26.042054],[-97.587242,25.984202],[-97.440274,25.890823],[-97.375627,25.871806],[-97.35816,25.870514],[-97.349737,25.884777],[-97.338653,25.911184],[-97.281783,25.941621],[-97.146235,25.961465]],[[-101.038633,29.460295],[-101.016335,29.400661],[-100.924144,29.314697],[-100.754594,29.182508],[-100.658631,29.068536],[-100.636307,28.972805],[-100.549697,28.821342],[-100.398905,28.614223],[-100.331726,28.50255],[-100.348159,28.486427],[-100.336273,28.428136],[-100.296043,28.327677],[-100.221267,28.242617],[-100.111946,28.172958],[-100.00141,28.047849],[-99.889634,27.867292],[-99.754267,27.729936],[-99.595311,27.635885],[-99.505316,27.548345],[-99.484258,27.467394],[-99.485834,27.398044],[-99.51007,27.340321],[-99.499813,27.285518],[-99.455138,27.233713],[-99.440256,27.170125],[-99.457722,27.081706],[-99.456534,27.056669]],[[-106.566358,31.819531],[-106.43603,31.76447],[-106.346966,31.678997],[-106.255705,31.544664],[-106.148063,31.450923],[-106.024091,31.397774],[-105.812709,31.241039],[-105.513993,30.980771],[-105.275817,30.807267],[-105.098153,30.720554],[-104.978832,30.645933],[-104.917854,30.583353],[-104.835895,30.447651],[-104.681331,30.134362],[-104.681331,29.990521],[-104.622213,29.854276],[-104.503977,29.677672],[-104.400625,29.573751],[-104.312206,29.542435],[-104.21552,29.479906],[-104.110616,29.386114],[-103.989745,29.323172],[-103.852906,29.291081],[-103.663977,29.2069],[-103.422932,29.070681],[-103.257697,29.001124],[-103.168297,28.998179],[-103.090007,29.041871],[-103.022828,29.132201],[-102.956811,29.190363],[-102.892009,29.216382],[-102.865679,29.258034],[-102.877823,29.315317],[-102.834002,29.443965],[-102.734189,29.643953],[-102.614945,29.752344],[-102.476246,29.769088],[-102.385657,29.806656],[-102.343076,29.864973],[-102.26892,29.871174],[-102.163087,29.82526],[-101.990901,29.795701],[-101.752337,29.782472],[-101.611596,29.786968],[-101.568704,29.80924],[-101.54638,29.808078],[-101.544623,29.783531],[-101.509302,29.773118],[-101.440392,29.776839],[-101.380344,29.742552],[-101.303527,29.634083]],[[-107.293445,32.910343],[-107.2404,32.74286],[-107.171644,32.674414],[-107.069506,32.649144],[-106.975351,32.583851],[-106.889155,32.478535],[-106.846418,32.399315],[-106.84709,32.346295],[-106.777172,32.194728],[-106.56628,31.819531]],[[-107.181411,33.173195],[-107.279803,33.115783]],[[-107.426564,37.775963],[-107.066948,37.74395],[-106.924346,37.808855],[-106.813914,37.792215],[-106.688134,37.715631],[-106.541553,37.677701],[-106.374199,37.678424],[-106.195967,37.647289],[-106.006831,37.584295],[-105.878596,37.524945],[-105.811236,37.469238],[-105.763461,37.406038],[-105.735246,37.335318],[-105.731603,37.239536],[-105.75248,37.118717],[-105.74292,36.979733],[-105.702819,36.822585],[-105.694809,36.650683],[-105.718942,36.464028],[-105.760697,36.338919],[-105.849864,36.24355],[-106.006263,36.133273],[-106.072616,36.048033],[-106.101038,35.951088],[-106.166098,35.855228],[-106.267694,35.760376],[-106.343193,35.648315],[-106.392493,35.519073],[-106.487319,35.375722],[-106.627595,35.218316],[-106.692423,35.089383],[-106.681777,34.98895],[-106.716271,34.780875],[-106.795853,34.465183],[-106.849855,34.294651],[-106.878277,34.269278],[-106.886364,34.147063],[-106.874169,33.927904],[-106.928016,33.748845],[-107.047905,33.609835],[-107.123404,33.494235],[-107.169939,33.356]]]}},{"type":"Feature","properties":{"waterKind":"river"},"geometry":{"type":"MultiLineString","coordinates":[[[-74.818141,51.412159],[-74.589628,51.479545],[-74.490512,51.490294],[-74.444624,51.466885],[-74.38933,51.46182],[-74.336878,51.460063],[-74.297449,51.434897],[-74.255746,51.404976],[-74.169033,51.376451],[-74.072553,51.370611],[-73.96641,51.387458],[-73.891091,51.34945],[-73.84665,51.256587],[-73.836547,51.174551],[-73.860835,51.103341],[-73.815075,51.070216],[-73.641443,51.077606]],[[-75.20375,51.446343],[-75.229175,51.485126],[-75.22579,51.507812],[-75.241707,51.526984],[-75.32674,51.539748],[-75.480917,51.546156],[-75.821801,51.499544],[-76.553487,51.363997]],[[-78.731365,51.497477],[-78.689998,51.487297],[-78.457066,51.396656],[-78.157265,51.362395],[-77.712951,51.354178],[-77.304139,51.378492],[-76.930828,51.435285],[-76.820603,51.415286]]]}},{"type":"Feature","properties":{"waterKind":"river"},"geometry":{"type":"MultiLineString","coordinates":[[[-102.780491,20.309898],[-102.790154,20.367904],[-102.866015,20.398342],[-103.069543,20.4433],[-103.121219,20.478001],[-103.152535,20.525078],[-103.146541,20.586547],[-103.189949,20.662925],[-103.293302,20.735117],[-103.340689,20.794623],[-103.332163,20.841416],[-103.351102,20.910455],[-103.397507,21.001819],[-103.439805,21.051274],[-103.477994,21.058818],[-103.520833,21.040034],[-103.592018,20.972364]],[[-103.708703,20.937611],[-103.842312,20.988797],[-103.885281,21.026676],[-103.882181,21.068249],[-103.930111,21.118065],[-104.078629,21.205114]],[[-104.079171,21.205683],[-104.180431,21.200102],[-104.252804,21.219687],[-104.33006,21.262578],[-104.364063,21.298416],[-104.442276,21.432981],[-104.52625,21.501995],[-104.634357,21.708029],[-104.663968,21.764512],[-104.724326,21.817428],[-104.779413,21.821821],[-104.892455,21.766656],[-105.000071,21.729165],[-105.021181,21.738777],[-105.033377,21.777405]],[[-105.104148,21.822183],[-105.175668,21.804018],[-105.206984,21.794716],[-105.246413,21.75645],[-105.339198,21.70542],[-105.411131,21.691493],[-105.457408,21.672476]]]}},{"type":"Feature","properties":{"waterKind":"river"},"geometry":{"type":"LineString","coordinates":[[-79.5709,38.414555],[-79.385381,38.633559],[-79.253116,38.900623],[-79.163069,38.998731],[-79.071189,39.016844],[-78.956183,39.124124],[-78.818026,39.320494],[-78.705449,39.447231],[-78.574966,39.532859],[-78.495539,39.53335],[-78.46027,39.556139],[-78.4427,39.601459],[-78.406759,39.627866],[-78.325369,39.639209]]}},{"type":"Feature","properties":{"waterKind":"river"},"geometry":{"type":"MultiLineString","coordinates":[[[-121.580765,38.658778],[-121.51374,38.617798],[-121.503508,38.5801],[-121.527693,38.532015],[-121.531103,38.475378],[-121.51374,38.410188],[-121.518856,38.365824],[-121.546451,38.342208],[-121.544229,38.311409],[-121.512087,38.273375],[-121.544333,38.227693],[-121.572496,38.195137],[-121.689259,38.147672],[-121.708095,38.128164],[-121.724632,38.100879],[-121.748635,38.080467]],[[-122.410611,40.721442],[-122.432082,40.647752],[-122.374075,40.573544],[-122.243747,40.474171],[-122.181658,40.401152],[-122.187808,40.354385],[-122.177214,40.326893],[-122.149825,40.318625],[-122.153107,40.281831],[-122.187084,40.21646],[-122.184087,40.175481],[-122.144089,40.158893],[-122.103988,40.066909],[-122.063707,39.89958],[-122.016939,39.794005],[-121.963635,39.75021],[-121.95578,39.632258],[-121.993323,39.440177],[-122.005286,39.316644],[-121.991644,39.261738],[-121.940846,39.186446],[-121.852996,39.090844],[-121.80504,39.001754],[-121.79703,38.919253],[-121.762304,38.850523],[-121.700835,38.795591],[-121.648822,38.769313],[-121.606241,38.771639],[-121.583917,38.744354],[-121.580739,38.658881]]]}},{"type":"Feature","properties":{"waterKind":"river"},"geometry":{"type":"LineString","coordinates":[[-70.264078,46.183486],[-70.207854,46.314874],[-70.160622,46.373966],[-70.075097,46.419803],[-70.01386,46.494423],[-69.960143,46.51406],[-69.89348,46.503622],[-69.862423,46.518298],[-69.86697,46.55814],[-69.729149,46.699527],[-69.448908,46.94251],[-69.261477,47.080202],[-69.166832,47.112603],[-69.096397,47.121982],[-69.050172,47.108339],[-68.960927,47.135469],[-68.828713,47.203321],[-68.668542,47.253447],[-68.480388,47.285796],[-68.376906,47.316156],[-68.358018,47.344526],[-68.310889,47.354474],[-68.235494,47.345948],[-68.096794,47.274841],[-67.793738,47.074181],[-67.711339,46.983851],[-67.697723,46.867941],[-67.725421,46.696375],[-67.702038,46.584495],[-67.627572,46.532302],[-67.598685,46.491529],[-67.615428,46.462126],[-67.597832,46.407219],[-67.545949,46.326733],[-67.528224,46.227256],[-67.544657,46.10871],[-67.497322,46.030472],[-67.386217,45.992542],[-67.291675,45.977297],[-67.213644,45.984739],[-67.123055,45.963706],[-67.019909,45.9142],[-66.934643,45.912469],[-66.867205,45.958513],[-66.796098,45.982362],[-66.683934,45.984894],[-66.523505,45.898542],[-66.393513,45.857821],[-66.240499,45.833947],[-66.131048,45.757207],[-66.065161,45.627603],[-66.052991,45.568743],[-66.081,45.520116],[-66.178565,45.434695],[-66.218175,45.378677],[-66.217529,45.355423],[-66.182725,45.335218]]}},{"type":"Feature","properties":{"waterKind":"river"},"geometry":{"type":"MultiLineString","coordinates":[[[-119.69796,37.000429],[-119.77966,36.896611],[-119.939573,36.843074],[-120.20488,36.805196],[-120.393085,36.86558],[-120.504189,37.024149],[-120.6047,37.1182],[-120.694617,37.147655],[-120.855693,37.284701],[-121.203966,37.651501]],[[-118.736726,37.095979],[-118.808195,37.203208],[-119.107686,37.412135],[-119.153212,37.441074],[-119.187939,37.455957],[-119.222666,37.437767],[-119.246127,37.405417],[-119.323331,37.252662],[-119.403946,37.167086],[-119.487947,37.148741],[-119.547633,37.120319],[-119.60073,37.062493]],[[-121.203992,37.651397],[-121.254738,37.702609],[-121.28223,37.779761],[-121.303314,37.899857],[-121.346748,37.970887],[-121.445398,38.003805],[-121.468317,38.016543],[-121.496429,38.042174],[-121.525342,38.05592]]]}},{"type":"Feature","properties":{"waterKind":"river"},"geometry":{"type":"MultiLineString","coordinates":[[[-99.330288,53.159417],[-99.229829,53.184894]],[[-105.06508,53.240394],[-104.900594,53.163835],[-104.818739,53.156678],[-104.764685,53.19342],[-104.571002,53.23334],[-104.237689,53.27649],[-104.026642,53.343928],[-103.893601,53.481542]],[[-103.420633,53.652849],[-103.128558,53.752223],[-103.044687,53.808602],[-103.071662,53.855008],[-103.04957,53.921825],[-102.978437,54.009003],[-102.899528,54.058819],[-102.812866,54.071222],[-102.685742,54.053497],[-102.434362,53.981822]],[[-102.380541,53.966319],[-102.188408,53.903894],[-102.040252,53.883636],[-101.872045,53.88467],[-101.732002,53.904255],[-101.620097,53.942341],[-101.548137,53.981098],[-101.516046,54.020579],[-101.460494,53.994431],[-101.381481,53.902705],[-101.265441,53.862449],[-101.112453,53.873766],[-101.042793,53.858625],[-101.056436,53.817025],[-101.026438,53.760905],[-100.952773,53.690211],[-100.782086,53.659826],[-100.51435,53.669799],[-100.366194,53.65378],[-100.32338,53.590786]]]}},{"type":"Feature","properties":{"waterKind":"river"},"geometry":{"type":"MultiLineString","coordinates":[[[-82.208362,33.663579],[-82.005712,33.52289],[-81.936389,33.447287],[-81.932849,33.389874],[-81.908742,33.349257],[-81.864093,33.325434],[-81.821279,33.274093],[-81.780326,33.195287],[-81.699323,33.126764],[-81.578245,33.068576],[-81.489775,32.935664],[-81.433809,32.728028],[-81.376965,32.607467],[-81.29033,32.557238],[-81.1715,32.380143],[-81.132949,32.274671],[-81.135016,32.18186],[-81.074813,32.109694],[-80.872345,32.02957]],[[-82.818583,34.366016],[-82.589269,34.017381]]]}},{"type":"Feature","properties":{"waterKind":"river"},"geometry":{"type":"LineString","coordinates":[[-128.570312,57.079049],[-128.284283,56.907379],[-127.851079,56.716642],[-127.620551,56.574454],[-127.448262,56.417177],[-127.384131,56.321885],[-127.428211,56.288606],[-127.542933,56.278271],[-127.728245,56.29088],[-127.857668,56.274188],[-127.931204,56.228196],[-127.966886,56.168665],[-127.964716,56.095543],[-127.938981,56.029862],[-127.889682,55.971519],[-127.888674,55.904495],[-127.935906,55.828686],[-127.890819,55.779076],[-127.753359,55.755615],[-127.702871,55.720785],[-127.739252,55.674638],[-127.719873,55.593739],[-127.644684,55.478139],[-127.626545,55.404887],[-127.665354,55.373985],[-127.684681,55.330447],[-127.684526,55.274275],[-127.71654,55.21818],[-127.780748,55.162111],[-127.903479,55.125938],[-128.084734,55.109556],[-128.224545,55.073435],[-128.322937,55.017572],[-128.373864,54.967291],[-128.377275,54.922591],[-128.350636,54.869778],[-128.293998,54.808748],[-128.316632,54.725497],[-128.469517,54.56729],[-129.483538,54.241909],[-129.542475,54.228111],[-129.577847,54.228111],[-129.626036,54.230256]]}},{"type":"Feature","properties":{"waterKind":"river"},"geometry":{"type":"LineString","coordinates":[[-111.410765,59.005055],[-111.384436,59.153289],[-111.408466,59.213182],[-111.474146,59.234163],[-111.472674,59.261706],[-111.404073,59.295864],[-111.393996,59.345732],[-111.442417,59.411413],[-111.452649,59.490219],[-111.424744,59.582255],[-111.450323,59.683179],[-111.569024,59.847949],[-111.630519,59.921692],[-111.700437,59.965927],[-111.799294,60.005227],[-111.922594,60.026104],[-112.070311,60.028533],[-112.205988,60.097262],[-112.329598,60.232293],[-112.465145,60.316887],[-112.522558,60.331667],[-112.560282,60.345826],[-112.550851,60.361536],[-112.509975,60.36939],[-112.456464,60.381379],[-112.44866,60.41006],[-112.461399,60.43843],[-112.494627,60.466439],[-112.496668,60.490081],[-112.510931,60.519665],[-112.546742,60.54292],[-112.734431,60.590901],[-112.837784,60.643482],[-112.856853,60.700714],[-112.898323,60.738618],[-112.933101,60.743166],[-112.956511,60.754354],[-112.968706,60.785902],[-112.977879,60.801147],[-113.001288,60.80218],[-113.060923,60.776601],[-113.129756,60.768591],[-113.186497,60.78399],[-113.225667,60.831533],[-113.247165,60.911114],[-113.219259,60.97385],[-113.141951,61.019738],[-113.133554,61.054491],[-113.15053,61.069296],[-113.181432,61.086711],[-113.191716,61.120404],[-113.160116,61.158438],[-113.164043,61.171874],[-113.177298,61.181692],[-113.211353,61.187687],[-113.222928,61.207117],[-113.213911,61.226444],[-113.214944,61.239673],[-113.251557,61.24882],[-113.319047,61.252696],[-113.704398,61.245719]]}},{"type":"Feature","properties":{"waterKind":"river"},"geometry":{"type":"MultiLineString","coordinates":[[[-113.473921,42.67476],[-113.623783,42.577918],[-113.785194,42.537662],[-114.008048,42.521668],[-114.284362,42.55394],[-114.614058,42.634504],[-114.813219,42.706696],[-114.881742,42.770568],[-114.913471,42.825345],[-114.908407,42.871027],[-114.961272,42.900172],[-115.072118,42.912885],[-115.143586,42.941204],[-115.175626,42.985128],[-115.256525,42.989056],[-115.386259,42.952882],[-115.569452,42.956138],[-115.806052,42.998823],[-115.916201,42.994844],[-115.974027,42.978307],[-116.079447,43.019132],[-116.25711,43.128737],[-116.359429,43.211962],[-116.386301,43.268884],[-116.43852,43.30361],[-116.516112,43.316219],[-116.605564,43.364278],[-116.706902,43.447788],[-116.766743,43.513778],[-116.78514,43.562303],[-116.865032,43.61739],[-117.006418,43.679091],[-117.063779,43.733868],[-117.023653,43.805647],[-116.957636,43.964138],[-116.943967,44.037674],[-116.960685,44.079119],[-116.949781,44.119013],[-116.911308,44.157408],[-116.912419,44.199473],[-116.953192,44.24531],[-117.028949,44.275541],[-117.139744,44.290268],[-117.197311,44.343805],[-117.201704,44.436203],[-117.118918,44.578313],[-116.948954,44.77011],[-116.855859,44.905735],[-116.839555,44.985161],[-116.737339,45.168845],[-116.54916,45.456735],[-116.477045,45.64109],[-116.520918,45.721912],[-116.61683,45.799169],[-116.764728,45.872911],[-116.869192,45.958487],[-116.930196,46.055949],[-116.947843,46.124317],[-116.922108,46.163642],[-116.94296,46.232114],[-117.010398,46.329627],[-117.039,46.396548],[-117.028768,46.432877],[-117.069877,46.449155],[-117.162378,46.445434],[-117.213899,46.468094],[-117.224441,46.517109],[-117.284179,46.58248],[-117.393087,46.664206],[-117.503468,46.708519],[-117.615322,46.715495],[-117.702035,46.697589],[-117.763582,46.654853],[-117.874634,46.617827],[-118.035141,46.586459],[-118.205467,46.577261],[-118.385507,46.590231],[-118.546428,46.526618],[-118.688176,46.386523],[-118.826772,46.291128],[-119.036062,46.206482]],[[-112.864397,42.811909],[-113.022295,42.685948],[-113.135259,42.646389],[-113.316282,42.653624]],[[-111.188117,43.33888],[-111.348262,43.447968],[-111.40937,43.509954],[-111.424795,43.561269],[-111.586491,43.634701],[-111.894431,43.730354],[-112.043414,43.707978],[-112.033389,43.567574],[-112.071862,43.446031],[-112.158833,43.343298],[-112.311563,43.224855],[-112.639295,43.023576]],[[-110.63058,43.837066],[-110.72737,43.61956],[-110.780494,43.535276],[-110.822248,43.511608],[-110.837028,43.478199],[-110.824832,43.43492],[-110.791707,43.401666],[-110.737654,43.37836],[-110.725251,43.33565],[-110.754397,43.273535],[-110.837105,43.225605],[-110.982548,43.18956],[-111.047867,43.20651]]]}},{"type":"Feature","properties":{"waterKind":"river"},"geometry":{"type":"MultiLineString","coordinates":[[[-106.85324,51.262608],[-107.015194,51.387613],[-107.066844,51.463991],[-107.062168,51.533444],[-106.992921,51.607858],[-106.859105,51.687181],[-106.776087,51.748444],[-106.743789,51.791568],[-106.737872,51.852753],[-106.75831,51.932024],[-106.754744,51.976492],[-106.727149,51.986155],[-106.713352,52.012174],[-106.713352,52.054549],[-106.573696,52.197538],[-106.294411,52.44114],[-106.148063,52.616013],[-106.134731,52.722105],[-106.103285,52.807888],[-106.053728,52.873362],[-105.90291,52.931705],[-105.650832,52.982968],[-105.497302,53.046297],[-105.44237,53.121719],[-105.372865,53.15257],[-105.288736,53.138927],[-105.201299,53.159184],[-105.06508,53.240394]],[[-116.422035,51.667312],[-116.356742,51.651137],[-116.319044,51.611734],[-116.271218,51.509673],[-115.859693,51.27315],[-115.658206,51.194059],[-115.529558,51.193516],[-115.414009,51.158686],[-115.311509,51.089543],[-115.100411,51.102773],[-114.780663,51.198374],[-114.479648,51.195532],[-114.197313,51.094323],[-114.040785,50.998645],[-114.010064,50.908521],[-113.940404,50.850488],[-113.83178,50.824521],[-113.581072,50.79907],[-113.447075,50.812532],[-113.310029,50.847853],[-113.190476,50.838086],[-113.088363,50.783257],[-113.002528,50.766566],[-112.932972,50.788011],[-112.80931,50.789303],[-112.631543,50.770338],[-112.52354,50.728997],[-112.485273,50.665306],[-112.444035,50.63107],[-112.399878,50.626264],[-112.357141,50.574226],[-112.315878,50.474956],[-112.262651,50.421884],[-112.197461,50.415011],[-112.167592,50.392687],[-112.173044,50.354808],[-112.150849,50.303312],[-112.101033,50.238122],[-112.031115,50.205024],[-111.941146,50.203939],[-111.825443,50.175775],[-111.684108,50.120533],[-111.609073,50.065213],[-111.600443,50.009816],[-111.62362,49.967855],[-111.642586,49.936513],[-111.606955,49.903879],[-111.523497,49.908634],[-111.42247,49.93442],[-111.342268,50.000979],[-111.264133,50.041132],[-111.188117,50.05493],[-110.775068,50.046041],[-110.660398,50.059012],[-110.681068,50.095444],[-110.663912,50.120455],[-110.608979,50.133943],[-110.579963,50.155388],[-110.576863,50.184689],[-110.594097,50.211147],[-110.631614,50.234712],[-110.63151,50.298894],[-110.593683,50.40359],[-110.528519,50.448291],[-110.435967,50.432943],[-110.390672,50.462579],[-110.39261,50.537122],[-110.343983,50.589574],[-110.244841,50.619779],[-110.158206,50.661146],[-110.084154,50.713701],[-110.054078,50.75375],[-110.068031,50.781397],[-110.054233,50.809612],[-110.012582,50.838448],[-109.998242,50.863097],[-110.011161,50.883561],[-109.977493,50.908624],[-109.897214,50.938286],[-109.633974,50.970119],[-109.187723,51.004122],[-108.925206,51.002365],[-108.846374,50.964796],[-108.729999,50.939062],[-108.57608,50.925109],[-108.441412,50.857775],[-108.32607,50.73711],[-108.202718,50.672101],[-108.005728,50.658045]]]}},{"type":"Feature","properties":{"waterKind":"river"},"geometry":{"type":"LineString","coordinates":[[-120.881841,42.40041],[-121.048471,42.440666],[-121.436536,42.481671],[-121.603735,42.524666],[-121.679441,42.583344],[-121.775636,42.578538],[-121.889325,42.512031],[-121.921209,42.475134]]}},{"type":"Feature","properties":{"waterKind":"river"},"geometry":{"type":"LineString","coordinates":[[-82.417238,43.017375],[-82.488344,42.73951],[-82.545318,42.624685],[-82.645131,42.558049]]}},{"type":"Feature","properties":{"waterKind":"river"},"geometry":{"type":"LineString","coordinates":[[-74.708871,45.003868],[-74.762459,44.999062],[-74.85664,45.00392],[-74.99614,44.970124],[-75.179385,44.899379],[-75.401258,44.77228],[-75.791957,44.497052]]}},{"type":"Feature","properties":{"waterKind":"river"},"geometry":{"type":"LineString","coordinates":[[-128.129822,57.291955],[-127.939214,57.369884],[-127.833044,57.394068],[-127.705145,57.388797],[-127.601017,57.431895],[-127.596366,57.489618],[-127.65644,57.576279],[-127.664373,57.639273],[-127.620086,57.678495],[-127.723154,57.706039],[-127.973527,57.721852],[-128.127703,57.761746],[-128.185633,57.825721],[-128.285833,57.890317],[-128.428254,57.955533],[-128.615116,57.9761],[-128.846471,57.952019],[-129.039999,57.948763],[-129.195752,57.966333],[-129.332178,57.960493],[-129.449225,57.931245],[-129.733497,57.975428],[-130.184891,58.093095],[-130.475415,58.148131],[-130.60502,58.140482],[-130.759532,58.104774],[-130.938953,58.040954],[-131.055044,57.987546],[-131.107832,57.944629],[-131.190204,57.909385],[-131.302187,57.881816],[-131.418045,57.82076],[-131.597647,57.679012],[-131.727923,57.553232],[-131.766551,57.467242],[-131.756888,57.379185],[-131.775207,57.333038],[-131.821431,57.328852],[-131.840681,57.305598],[-131.832929,57.263327],[-131.79425,57.214492],[-131.724693,57.159147],[-131.710327,57.116178],[-131.751151,57.085637],[-131.774871,56.977556],[-131.78146,56.791986],[-131.80058,56.753177],[-131.833705,56.714833],[-131.881428,56.703206],[-132.074801,56.711216],[-132.206447,56.696178],[-132.311402,56.638998],[-132.357652,56.625898]]}},{"type":"Feature","properties":{"waterKind":"river"},"geometry":{"type":"LineString","coordinates":[[-146.684064,62.504506],[-146.828629,62.575509],[-146.879324,62.614731],[-146.884285,62.645892],[-146.958957,62.675942],[-147.103238,62.704829],[-147.22845,62.702194],[-147.334593,62.668061],[-147.493498,62.688939],[-147.705216,62.764851],[-147.889624,62.811541],[-148.125268,62.837663],[-148.510387,62.848929],[-148.680066,62.838697],[-148.762671,62.810688],[-148.866903,62.8126],[-148.992709,62.844433],[-149.187994,62.858541],[-149.452707,62.854975],[-149.693932,62.802885],[-149.911671,62.702323],[-150.043575,62.618762],[-150.112692,62.518923],[-150.159253,62.433967],[-150.161681,62.355419],[-150.135507,62.25496],[-150.137781,62.192897],[-150.168477,62.169332],[-150.160622,62.140445],[-150.114217,62.106184],[-150.093675,62.048616],[-150.09905,61.967639],[-150.172094,61.843409],[-150.312758,61.675874],[-150.42505,61.57712],[-150.509025,61.547148],[-150.558737,61.488185],[-150.570003,61.363542],[-150.567238,61.306801]]}},{"type":"Feature","properties":{"waterKind":"river"},"geometry":{"type":"LineString","coordinates":[[-142.021868,62.026576],[-142.070961,62.065566],[-142.086696,62.109232],[-142.085456,62.170521],[-142.051401,62.216874],[-141.951072,62.264055],[-141.817178,62.305913],[-141.743332,62.354592],[-141.68486,62.424019],[-141.601868,62.480063],[-141.494355,62.522747],[-141.425393,62.563985],[-141.395007,62.603724],[-141.412784,62.672816],[-141.478697,62.771208],[-141.552,62.829292],[-141.632719,62.846965],[-141.655973,62.872235],[-141.621841,62.905101],[-141.737751,62.982564],[-142.003756,63.104676],[-142.191961,63.165499],[-142.302445,63.165137],[-142.419596,63.185678],[-142.543516,63.227149],[-142.632193,63.27867],[-142.685626,63.340165],[-142.743917,63.36776],[-142.807117,63.361507],[-142.879309,63.377992],[-142.960596,63.417215],[-143.03824,63.43047],[-143.149345,63.411324],[-143.61681,63.403934],[-143.789176,63.420057],[-143.822198,63.457186],[-143.826926,63.498657],[-143.80331,63.54439],[-143.827391,63.593173],[-143.899144,63.644901],[-144.101044,63.687999],[-144.433116,63.722416],[-144.677908,63.791145],[-144.835495,63.894188],[-144.894509,63.95806],[-144.887016,63.999815],[-144.914689,64.033818],[-145.031891,64.067666],[-145.158369,64.084099],[-145.294123,64.083014],[-145.43936,64.108387],[-145.594131,64.160167],[-145.725725,64.179959],[-145.834168,64.167763],[-146.028575,64.192413],[-146.308868,64.253908],[-146.504825,64.277524],[-146.672256,64.256233],[-146.933713,64.383306],[-147.021072,64.455782],[-147.021486,64.515985],[-147.080087,64.581872],[-147.196875,64.653444],[-147.32201,64.710702],[-147.455542,64.753619],[-147.625686,64.781886],[-147.832418,64.795528],[-147.992589,64.783178],[-148.162966,64.72592],[-148.565784,64.620397],[-148.80117,64.582828],[-149.11557,64.581795],[-149.137584,64.593887],[-149.140219,64.647114],[-149.123476,64.741475],[-149.131331,64.783281],[-149.156084,64.804003],[-149.156084,64.82364],[-149.128747,64.852631],[-149.139005,64.878417],[-149.18678,64.900897],[-149.306772,64.911129],[-149.498905,64.909139],[-149.676311,64.876867],[-149.83891,64.81439],[-150.081531,64.832167],[-150.404147,64.930301],[-150.673795,64.977249],[-150.890448,64.973089],[-151.090126,64.947199],[-151.272854,64.899656],[-151.415016,64.904514],[-151.516612,64.961823],[-151.553354,64.994844],[-151.544336,65.02492],[-151.564722,65.033524],[-151.622548,65.015928],[-151.675284,65.029054],[-151.697298,65.085382],[-151.793184,65.126516],[-152.047845,65.165377]]}},{"type":"Feature","properties":{"waterKind":"river"},"geometry":{"type":"MultiLineString","coordinates":[[[-87.700455,34.773382],[-87.81404,34.76315],[-87.964858,34.843842],[-88.084437,34.932881],[-88.190787,35.012049],[-88.306206,35.125789],[-88.311167,35.185062],[-88.281815,35.23865],[-88.218201,35.286554],[-88.187738,35.328852],[-88.190477,35.365542],[-88.139292,35.390605],[-88.034182,35.404093],[-87.993719,35.418407],[-88.017904,35.433651],[-88.015268,35.464399],[-87.985787,35.510753],[-87.987337,35.579405],[-88.019945,35.670407],[-88.010307,35.766525],[-87.958424,35.867733],[-87.943179,35.925094],[-87.9754,35.945248]],[[-83.969494,35.870136],[-84.228781,35.766784],[-84.34358,35.735804],[-84.400321,35.74278],[-84.456958,35.775491],[-84.541759,35.863289],[-84.598216,35.802725],[-84.629997,35.789237],[-84.655938,35.802673],[-84.701207,35.74942],[-84.765828,35.629479],[-84.81952,35.566176],[-84.862231,35.559484],[-84.889671,35.528219],[-84.901866,35.472305],[-84.924423,35.449774],[-84.957315,35.460627],[-85.013022,35.391432],[-85.091545,35.242139],[-85.182314,35.132455],[-85.285357,35.062305],[-85.346801,35.049747],[-85.366644,35.094783],[-85.392431,35.096463],[-85.424057,35.054863],[-85.460179,35.049592],[-85.500693,35.080701],[-85.558932,35.080443],[-85.634948,35.048869],[-85.680113,35.00975],[-85.69448,34.963138],[-85.83938,34.802682],[-86.114738,34.528384],[-86.294133,34.403068],[-86.377539,34.426633],[-86.461565,34.477947],[-86.546159,34.556935],[-86.665996,34.591016],[-86.898515,34.574763]],[[-88.283288,37.021513],[-88.471674,37.088382]]]}},{"type":"Feature","properties":{"waterKind":"river"},"geometry":{"type":"MultiLineString","coordinates":[[[-131.208239,59.086988],[-131.393034,59.07164],[-131.513156,59.083577],[-131.688649,59.134789],[-131.792467,59.14099],[-131.861377,59.177939],[-131.930004,59.247598],[-131.997105,59.363612],[-132.095394,59.607111]],[[-133.244833,60.448559],[-134.288232,61.088933],[-134.646504,61.35163],[-134.667459,61.450125],[-134.736757,61.516969],[-134.91331,61.569731]]]}},{"type":"Feature","properties":{"waterKind":"river"},"geometry":{"type":"MultiLineString","coordinates":[[[-105.942494,62.355522],[-105.663752,62.410093],[-105.304626,62.439031],[-104.772256,62.460529],[-104.58604,62.48647],[-104.544001,62.500165],[-104.549866,62.516779],[-104.597951,62.551169],[-104.676189,62.577033],[-104.733627,62.5891],[-104.757089,62.604732],[-104.734609,62.622328],[-104.743394,62.658501],[-104.762618,62.682272],[-104.771816,62.708782],[-104.743704,62.728988],[-104.761274,62.761596],[-104.818661,62.808053],[-104.801065,62.86376],[-104.768819,62.905799],[-104.767217,62.936831],[-104.81693,62.947993],[-104.845662,62.982771],[-104.833596,63.071499]],[[-104.705722,63.26973],[-104.681383,63.351973],[-104.611981,63.440288],[-104.489327,63.56209],[-104.452223,63.629967],[-104.500618,63.643919],[-104.467752,63.691203],[-104.353573,63.771767],[-104.214383,63.835949],[-104.050155,63.883749],[-103.900629,63.974493],[-103.765805,64.108232],[-103.696275,64.192568],[-103.692089,64.227449],[-103.532357,64.268816],[-103.217131,64.316617],[-102.966113,64.327624],[-102.779354,64.301838],[-102.676182,64.262951],[-102.656545,64.210913],[-102.626082,64.178202],[-102.584741,64.164714],[-102.40886,64.183602],[-102.098414,64.234788],[-101.910208,64.298091],[-101.811196,64.411263]],[[-94.224502,64.076089],[-93.765899,63.99351],[-93.655802,63.972788]],[[-101.536226,64.49317],[-100.795082,64.604119]],[[-97.103266,64.761319],[-96.727708,64.697033],[-96.580275,64.655046],[-96.535833,64.613963],[-96.503587,64.553554],[-96.483537,64.473817],[-96.423489,64.400824],[-96.273395,64.301398]]]}},{"type":"Feature","properties":{"waterKind":"river"},"geometry":{"type":"LineString","coordinates":[[-83.355578,34.708321],[-83.16652,34.599594]]}},{"type":"Feature","properties":{"waterKind":"river"},"geometry":{"type":"MultiLineString","coordinates":[[[-92.12780662411943,18],[-92.137497,18.012648],[-92.126955,18.062464],[-92.144267,18.121788],[-92.189432,18.190544],[-92.212273,18.204471]],[[-92.212273,18.204471],[-92.295989,18.255423],[-92.463834,18.316453],[-92.572199,18.335367],[-92.621085,18.312216],[-92.651755,18.333093],[-92.670359,18.430503],[-92.674674,18.480681],[-92.678575,18.54308],[-92.688316,18.578169],[-92.710124,18.611681]],[[-92.212273,18.204471],[-92.262761,18.360585],[-92.309605,18.426059],[-92.371359,18.467194],[-92.422441,18.5306],[-92.485305,18.664804]]]}},{"type":"Feature","properties":{"waterKind":"river"},"geometry":{"type":"LineString","coordinates":[[-100.343947,22.116919],[-100.171244,22.027002],[-99.992625,21.945017],[-99.901933,21.863705],[-99.839714,21.755727],[-99.782276,21.70281],[-99.729618,21.704955],[-99.690369,21.691958],[-99.664531,21.663846],[-99.620813,21.672993],[-99.559163,21.719398],[-99.460306,21.719191],[-99.324268,21.67245],[-99.190658,21.699141],[-99.059504,21.799238],[-98.951965,21.851044],[-98.868042,21.854506],[-98.807012,21.889724],[-98.768979,21.956696],[-98.727922,21.988426],[-98.661879,21.983155],[-98.589946,21.981165]]}},{"type":"Feature","properties":{"waterKind":"river"},"geometry":{"type":"LineString","coordinates":[[-84.754666,40.358958],[-84.646947,40.355651],[-84.639324,40.371386],[-84.724125,40.421926],[-84.757482,40.439832],[-84.766784,40.48324],[-84.759343,40.524529],[-84.793604,40.567343],[-84.886415,40.588169],[-85.007235,40.649612],[-85.15614,40.751673],[-85.316983,40.825674],[-85.489789,40.871614],[-85.676574,40.863398],[-85.877362,40.801024],[-86.112697,40.763197],[-86.382577,40.749813],[-86.617576,40.659947],[-86.817667,40.493601],[-86.954919,40.411771],[-87.02923,40.41451],[-87.117054,40.389525],[-87.218418,40.336866],[-87.403781,40.214135],[-87.445019,40.127473],[-87.437732,40.018333],[-87.418715,39.940767],[-87.388071,39.894723],[-87.377839,39.808371],[-87.38802,39.681609],[-87.412618,39.567714],[-87.451633,39.466687],[-87.507108,39.392092],[-87.579119,39.343981],[-87.611055,39.291349],[-87.602916,39.234143],[-87.614982,39.193293],[-87.64728,39.168746],[-87.6317,39.106709],[-87.568293,39.00718],[-87.530285,38.908892],[-87.517676,38.811817],[-87.529458,38.742287],[-87.58377,38.679371],[-87.635963,38.542609],[-87.680663,38.487987],[-87.735234,38.4699],[-87.784068,38.419102],[-87.827166,38.335567],[-87.872951,38.295027],[-87.921424,38.297508],[-87.957261,38.282211],[-87.980412,38.24919],[-87.977493,38.214438],[-87.948554,38.178006],[-87.958062,38.144287],[-88.006018,38.113281],[-88.00514,38.098398],[-87.990257,38.089303],[-87.996044,38.07442],[-88.02612,38.059589],[-88.044517,38.013287],[-88.042502,37.936651],[-88.059116,37.898359],[-88.091129,37.896654],[-88.095315,37.87557],[-88.041985,37.788857]]}},{"type":"Feature","properties":{"waterKind":"river"},"geometry":{"type":"LineString","coordinates":[[-122.094661,43.422053],[-122.219124,43.485124],[-122.371466,43.515019],[-122.423814,43.574033],[-122.427018,43.672115],[-122.458075,43.745728],[-122.517038,43.794769],[-122.684263,43.887502],[-122.959698,44.02398],[-123.119069,44.149889],[-123.183974,44.32298],[-123.220303,44.513123],[-123.189297,44.598932],[-123.103101,44.643787],[-123.077366,44.679702],[-123.112015,44.706729],[-123.116381,44.74745],[-123.090388,44.801865],[-123.098269,44.835868],[-123.139972,44.849459],[-123.123771,44.886563],[-123.049719,44.947179],[-123.023726,44.998933],[-123.045843,45.041747],[-123.035585,45.081021],[-122.993004,45.116678],[-122.987242,45.156882],[-123.018248,45.201557],[-123.016155,45.238298],[-122.980912,45.267082],[-122.901924,45.287727],[-122.717827,45.306434],[-122.620546,45.368368],[-122.603493,45.426582],[-122.634189,45.501667],[-122.677183,45.560372],[-122.732426,45.602643],[-122.745319,45.649178],[-122.725914,45.67375]]}},{"type":"Feature","properties":{"waterKind":"river"},"geometry":{"type":"MultiLineString","coordinates":[[[-94.614504,49.992659],[-94.651142,50.023872],[-94.647551,50.062397],[-94.639205,50.10087],[-94.66804,50.134563],[-94.745142,50.143296],[-94.808704,50.149601],[-94.931332,50.130946],[-94.99939,50.141022],[-95.012877,50.179935],[-95.072667,50.219829],[-95.17881,50.260808],[-95.206638,50.339796],[-95.275703,50.365557],[-95.397531,50.368967],[-95.50556,50.323182],[-95.599818,50.228201],[-95.725702,50.169858],[-95.883108,50.148154],[-95.986642,50.147689],[-96.036303,50.168463],[-96.052349,50.20492],[-96.025942,50.283133]],[[-95.988709,50.403539],[-96.004548,50.450668],[-96.08121,50.50591],[-96.295305,50.624507]]]}},{"type":"Feature","properties":{"waterKind":"river"},"geometry":{"type":"LineString","coordinates":[[-81.576359,36.073664],[-81.522383,36.047051],[-81.465487,36.055112],[-81.348905,36.105858],[-80.899165,36.225489],[-80.674114,36.258666],[-80.490301,36.242284],[-80.463765,36.232311]]}},{"type":"Feature","properties":{"waterKind":"river"},"geometry":{"type":"MultiLineString","coordinates":[[[-134.915532,61.56787],[-134.870289,61.628409],[-134.885482,61.685382],[-134.946047,61.758918],[-134.964444,61.815969],[-134.940724,61.856431],[-134.939717,61.888522],[-134.961498,61.91219],[-135.121282,61.9572],[-135.419041,62.02363],[-135.628693,62.048719],[-135.750236,62.032493],[-135.928132,62.045567],[-136.307127,62.121221],[-136.362214,62.145458],[-136.377768,62.196824],[-136.35379,62.275424],[-136.583415,62.427895],[-137.356081,62.781207],[-137.451708,62.808595],[-137.73275,62.819525],[-138.398213,62.80056],[-139.236379,62.969697],[-139.417815,63.010573],[-139.531969,63.071138],[-139.564421,63.161261],[-139.544526,63.233608],[-139.472386,63.28823],[-139.506079,63.352722],[-139.645683,63.427033],[-139.730354,63.512584],[-139.76012,63.609348],[-139.759448,63.674047],[-139.728442,63.706629],[-139.723146,63.750166],[-139.743609,63.804633],[-139.742834,63.865353],[-139.72082,63.932403],[-139.65346,63.983097],[-139.540779,64.017462],[-139.481636,64.056969],[-139.476106,64.101566],[-139.51135,64.158203],[-139.587469,64.226829],[-139.848978,64.296593],[-140.295901,64.367441],[-140.452636,64.404777],[-140.477337,64.425629],[-140.47018,64.452759],[-140.464573,64.498492],[-140.479249,64.526088],[-140.545163,64.517613],[-140.588829,64.528155],[-140.610301,64.557765],[-140.64911,64.571795],[-140.70523,64.570297],[-140.730216,64.584895],[-140.724015,64.615643],[-140.745796,64.627322],[-140.795535,64.620035],[-140.88217,64.64068],[-140.933149,64.674476],[-141.005729,64.689282],[-141.064795,64.725559],[-141.059421,64.749381],[-141.092545,64.774961],[-141.164246,64.802298],[-141.176028,64.832994],[-141.127918,64.867152],[-141.12877,64.887771],[-141.178586,64.894902],[-141.198017,64.913299],[-141.18701,64.942961],[-141.229927,64.953607],[-141.326691,64.945183],[-141.373458,64.965906],[-141.368601,65.040733],[-141.404464,65.086002],[-141.533448,65.128531],[-141.767517,65.183412],[-141.923761,65.240669],[-142.002154,65.300304],[-142.14739,65.33472],[-142.359445,65.34397],[-142.502382,65.363039],[-142.576279,65.391978],[-142.654827,65.393011],[-142.738026,65.366062],[-142.928867,65.354822],[-143.22735,65.359215],[-143.447363,65.383245],[-143.588904,65.426808],[-143.672517,65.471844],[-143.698226,65.518275],[-143.781218,65.55419],[-143.921571,65.57946],[-144.022857,65.613205],[-144.085127,65.655424],[-144.087375,65.721699],[-144.029679,65.812004],[-144.016604,65.876031],[-144.048153,65.913729],[-144.250776,66.026771],[-144.624423,66.215132],[-144.832162,66.334944],[-144.873942,66.386129],[-145.002849,66.453438],[-145.218908,66.536843],[-145.453416,66.586634],[-145.828016,66.61066]],[[-163.258841,62.016112],[-163.240599,61.939527],[-163.241555,61.885525],[-163.289381,61.84713],[-163.388342,61.829146],[-163.538514,61.831575],[-163.644037,61.816201],[-163.704912,61.783077],[-163.773822,61.776746],[-163.836273,61.797107],[-163.844696,61.834934],[-163.860199,61.851264],[-163.898311,61.852556],[-163.958979,61.83881],[-164.001689,61.85147],[-164.026417,61.89059],[-164.086801,61.878833],[-164.182815,61.81615],[-164.264102,61.789045],[-164.330662,61.797572],[-164.429209,61.781862],[-164.559769,61.741916],[-164.646405,61.744449],[-164.745753,61.761553],[-164.831329,61.739048],[-164.879414,61.697733],[-164.869182,61.665022],[-164.76632,61.628693],[-164.742833,61.590608],[-164.778128,61.55092],[-164.888354,61.50684],[-165.007416,61.480382],[-165.091209,61.440694],[-165.188232,61.39217],[-165.205854,61.330469],[-165.201461,61.286337],[-165.243939,61.268767]],[[-163.258841,62.016112],[-163.434489,62.060502],[-163.730879,62.092257],[-163.903711,62.133572],[-163.95301,62.184473],[-163.947946,62.248294],[-163.888518,62.325137],[-163.859424,62.391644],[-163.860742,62.447868],[-163.929859,62.531558],[-164.066802,62.64274],[-164.221883,62.710074],[-164.481686,62.745318],[-164.522355,62.737153],[-164.589431,62.709351]],[[-145.828016,66.61066],[-146.664221,66.508111],[-147.015388,66.444575],[-147.158583,66.386026],[-147.323198,66.352462],[-147.509259,66.343832],[-147.596489,66.32112],[-147.58481,66.284275],[-147.745679,66.264224],[-148.079095,66.260917],[-148.364194,66.22464],[-148.600976,66.155342],[-148.728668,66.103717],[-148.764377,66.06744],[-148.790422,66.061524],[-148.812462,66.085269],[-148.87282,66.090333],[-148.971444,66.076691],[-149.013922,66.056253],[-149.000176,66.028916],[-149.053765,66.007031],[-149.174584,65.990649],[-149.251349,65.956595],[-149.284009,65.904918],[-149.438134,65.889364],[-149.713673,65.909879],[-149.920378,65.890087],[-150.058199,65.829884],[-150.0482,65.798284],[-149.890303,65.795235],[-149.827051,65.755418],[-149.85847,65.678885],[-149.92968,65.649998],[-150.040733,65.66886],[-150.125275,65.640593],[-150.183256,65.565249],[-150.324359,65.520187],[-150.548583,65.505408],[-150.791901,65.446316],[-151.054314,65.342937],[-151.401115,65.25979],[-152.047845,65.165377],[-152.349222,65.123932],[-152.534276,65.134164],[-152.698943,65.182223],[-152.856556,65.201318],[-153.007115,65.191473],[-153.126436,65.165635],[-153.214596,65.123881],[-153.331178,65.111633],[-153.476182,65.128841],[-153.739861,65.083805],[-154.122241,64.976448],[-154.402482,64.927045],[-154.580662,64.935572],[-154.847675,64.90224],[-155.134065,64.867049],[-155.381466,64.789637],[-155.575485,64.75566],[-155.754002,64.763722],[-155.998354,64.720753],[-156.202424,64.712691],[-156.424994,64.680419],[-156.732598,64.664219],[-156.759573,64.69569],[-156.809157,64.718427],[-156.917161,64.729538],[-156.992763,64.755066],[-157.035887,64.794908],[-157.271428,64.825527],[-157.396253,64.819661],[-157.509528,64.843639],[-157.76915,64.850331],[-157.84191,64.869271],[-157.913353,64.85754],[-158.002547,64.800954],[-158.168609,64.681324],[-158.286431,64.642773],[-158.500888,64.463559],[-158.6785,64.342817],[-158.690567,64.310804],[-158.659199,64.222747],[-158.67372,64.138333],[-158.73413,64.057563],[-158.825675,63.994105],[-159.00972,63.92491],[-159.148782,63.883956],[-159.202525,63.847576],[-159.217304,63.802101],[-159.255933,63.767322],[-159.318461,63.743086],[-159.385899,63.678956],[-159.458194,63.574879],[-159.478891,63.494109],[-159.447962,63.436748],[-159.502222,63.372308],[-159.641645,63.300736],[-159.725103,63.213506],[-159.752543,63.110567],[-159.825665,63.034912],[-159.944521,62.986543],[-160.018909,62.915695],[-160.048856,62.822471],[-160.090404,62.756273],[-160.14363,62.717102],[-160.170244,62.66031],[-160.170347,62.585896],[-160.133037,62.522954],[-160.058313,62.471484],[-160.006429,62.414537],[-159.975243,62.370664],[-159.962918,62.320847],[-159.955631,62.279868],[-159.912637,62.253461],[-159.805253,62.236098],[-159.744327,62.214265],[-159.729909,62.187962],[-159.74244,62.154449],[-159.781921,62.113728],[-159.85171,62.085797],[-159.951807,62.070656],[-160.032164,62.033061],[-160.092832,61.973013],[-160.33597,61.940716],[-160.761655,61.936116],[-161.06714,61.906764],[-161.252503,61.852607],[-161.338648,61.805013],[-161.325625,61.764034],[-161.346399,61.719954],[-161.40097,61.672773],[-161.527577,61.637168],[-161.75361,61.616549],[-161.825569,61.601021],[-161.920395,61.575725],[-161.955664,61.596887],[-161.962951,61.656056],[-162.022663,61.744914],[-162.134749,61.863459],[-162.249393,61.923275],[-162.366595,61.924386],[-162.440002,61.947847],[-162.469612,61.993658],[-162.527438,62.005854],[-162.61348,61.984382],[-162.667947,61.956839],[-162.690839,61.923171],[-162.739596,61.918133],[-162.814217,61.941646],[-162.888269,61.940044],[-162.961753,61.913224],[-163.043014,61.907514],[-163.132001,61.922887],[-163.20396,61.959061],[-163.258841,62.016112]],[[-145.828016,66.61066],[-145.832902,66.610973]],[[-145.82546,66.610973],[-145.828016,66.61066]]]}},{"type":"Feature","properties":{"waterKind":"river"},"geometry":{"type":"MultiLineString","coordinates":[[[-103.549927,58.45514],[-103.665372,58.544515]],[[-103.785804,58.690992],[-103.959282,58.772434],[-103.99884,58.809331],[-103.962253,58.828709],[-103.950161,58.867983],[-103.962512,58.927101],[-104.144232,58.978674],[-104.495322,59.022651],[-104.791893,59.0365],[-104.920102,59.080115],[-104.950875,59.141662],[-105.012344,59.173184]],[[-105.549779,59.150292],[-105.571974,59.221063],[-105.689099,59.251319],[-106.018226,59.271318]]]}},{"type":"Feature","properties":{"waterKind":"river"},"geometry":{"type":"LineString","coordinates":[[-137.000082,61.227116],[-137.061267,60.991058],[-137.069328,60.952301],[-137.090335,60.910288],[-137.176815,60.874372],[-137.348174,60.823936],[-137.510593,60.797065],[-137.664072,60.793809],[-137.76789,60.757067],[-137.822125,60.68689],[-137.844811,60.60674],[-137.835974,60.516694],[-137.878271,60.412256],[-137.971702,60.293426],[-137.997489,60.230923],[-137.966689,60.178498],[-137.863156,60.067393],[-137.851193,60.027215],[-137.862975,59.983574],[-137.966121,59.926937],[-137.990564,59.8811],[-137.936355,59.846063],[-137.929302,59.810923],[-137.969454,59.77568],[-137.972167,59.738163],[-137.920051,59.678476],[-137.829644,59.587061],[-137.816673,59.544324],[-137.824243,59.510166],[-137.968343,59.46066],[-137.986766,59.451514],[-138.021415,59.439034],[-138.061464,59.437044],[-138.183679,59.401336],[-138.233288,59.371984],[-138.259798,59.319739],[-138.250135,59.290697],[-138.229361,59.275452],[-138.208561,59.265763],[-138.197502,59.252146],[-138.184841,59.224163],[-138.182232,59.201994],[-138.189156,59.189514],[-138.201636,59.179799],[-138.221041,59.17427],[-138.239308,59.175768],[-138.437927,59.18321],[-138.481645,59.177034],[-138.514899,59.165898]]}},{"type":"Feature","properties":{"waterKind":"river"},"geometry":{"type":"LineString","coordinates":[[-123.471967,65.151734],[-123.737015,65.06236],[-124.205462,65.026445],[-124.965623,65.014197],[-125.409575,64.98208],[-125.619019,64.895316]]}},{"type":"Feature","properties":{"waterKind":"river"},"geometry":{"type":"LineString","coordinates":[[-72.991327,46.17744],[-73.078557,46.160128],[-73.146305,46.123542],[-73.177182,46.070625],[-73.163952,46.044167]]}},{"type":"Feature","properties":{"waterKind":"river"},"geometry":{"type":"MultiLineString","coordinates":[[[-103.447427,61.365609],[-103.468123,61.282875],[-103.54972,61.21231],[-103.699091,61.126295],[-103.759449,61.050434],[-103.716429,60.951784]],[[-103.157677,61.836226],[-103.235502,61.772716],[-103.250979,61.733907],[-103.219508,61.681042]],[[-99.617583,62.3009],[-98.574158,62.251989],[-98.209271,62.252066],[-98.175113,62.284829],[-98.205964,62.37981],[-98.349676,62.61561]],[[-101.366262,62.34989],[-101.318358,62.344825]],[[-100.734828,62.355522],[-100.551996,62.355109]],[[-102.736643,62.410299],[-102.919371,62.318522]],[[-101.83104,62.520008],[-101.529404,62.664031]],[[-102.034671,62.924583],[-102.11849,62.91461],[-102.180967,62.88363],[-102.250084,62.828284],[-102.378577,62.790354],[-102.660369,62.75958]],[[-97.630159,62.979309],[-97.609799,63.047108],[-97.567011,63.091601],[-97.459007,63.157463]],[[-97.287545,63.513746],[-97.235429,63.573329],[-97.182357,63.593018],[-97.11094,63.592708],[-97.084017,63.603508],[-97.070788,63.634643],[-97.01353,63.64025],[-96.951906,63.636633]],[[-95.878225,63.656477],[-95.811381,63.668982],[-95.798927,63.69389],[-95.808901,63.718747],[-95.798927,63.746135],[-95.72255,63.765669],[-95.677462,63.798173],[-95.677462,63.845638],[-95.630566,63.898116],[-95.536747,63.955528],[-95.491659,64.000693],[-95.497111,64.050018]]]}},{"type":"Feature","properties":{"waterKind":"river"},"geometry":{"type":"LineString","coordinates":[[-101.16276,62.366684],[-101.318358,62.344825]]}},{"type":"Feature","properties":{"waterKind":"lake"},"geometry":{"type":"Polygon","coordinates":[[[-83.104834,42.286426],[-83.076465,42.275488],[-83.104541,42.215186],[-83.117236,42.119775],[-83.107861,42.070996],[-83.06123,42.050195],[-82.936621,42.006396],[-82.833838,41.997217],[-82.690039,42.035937],[-82.645117,42.037256],[-82.604199,42.025244],[-82.567236,41.999951],[-82.511523,41.932178],[-82.495996,41.944043],[-82.489844,42.004639],[-82.461768,42.057715],[-82.411914,42.103223],[-82.311377,42.158252],[-82.160156,42.222754],[-82.044385,42.257227],[-81.937891,42.268896],[-81.929346,42.279248],[-81.874463,42.315039],[-81.865918,42.308057],[-81.886719,42.273633],[-81.887012,42.257031],[-81.866797,42.25835],[-81.84082,42.295459],[-81.809033,42.368408],[-81.729932,42.446582],[-81.494922,42.591162],[-81.404395,42.62998],[-81.25249,42.65376],[-81.03916,42.662451],[-80.827197,42.643164],[-80.616602,42.59585],[-80.473047,42.573926],[-80.396631,42.577393],[-80.093848,42.546387],[-80.062109,42.55415],[-80.104834,42.571533],[-80.304932,42.589697],[-80.367773,42.60791],[-80.446045,42.604199],[-80.451221,42.613477],[-80.395557,42.675879],[-80.364746,42.683105],[-80.32583,42.707373],[-80.28584,42.738477],[-80.220459,42.774365],[-80.099463,42.802344],[-79.922852,42.822412],[-79.746582,42.858447],[-79.698682,42.861621],[-79.661475,42.850586],[-79.593848,42.853955],[-79.385937,42.880664],[-79.263965,42.880322],[-79.175928,42.872607],[-79.121875,42.85752],[-79.056934,42.862256],[-78.936426,42.907227],[-78.922363,42.923828],[-78.94707,42.951562],[-79.010547,42.990527],[-79.039697,43.021289],[-79.034521,43.043896],[-79.042871,43.063623],[-79.073193,43.093066],[-79.066064,43.106104],[-78.908154,43.070312],[-78.894727,43.057764],[-78.900098,43.033496],[-78.900098,43.033496],[-78.900098,43.033496],[-78.900098,43.033496],[-78.900098,43.033496],[-78.900098,43.033496],[-78.924316,42.99751],[-78.919727,42.948193],[-78.88623,42.885645],[-78.872266,42.835938],[-78.877832,42.799121],[-78.918262,42.764062],[-78.993604,42.730713],[-79.062549,42.679785],[-79.124951,42.61123],[-79.209229,42.555176],[-79.315381,42.511572],[-79.416357,42.456885],[-79.512256,42.391016],[-79.704053,42.300098],[-80.076172,42.145996],[-80.124707,42.12832],[-80.168164,42.108984],[-80.251953,42.075293],[-80.334473,42.04082],[-80.869238,41.893311],[-81.228613,41.77041],[-81.44707,41.671484],[-81.637207,41.548437],[-81.723193,41.510937],[-81.81748,41.500879],[-81.966309,41.507666],[-82.121338,41.492969],[-82.282471,41.456836],[-82.386865,41.42749],[-82.434424,41.404932],[-82.480273,41.398096],[-82.524414,41.406982],[-82.642627,41.466895],[-82.651465,41.462451],[-82.673486,41.453662],[-82.743066,41.464062],[-82.822266,41.465234],[-82.891113,41.443311],[-82.95957,41.439746],[-83.02749,41.454541],[-82.970703,41.475732],[-82.7,41.521289],[-82.703125,41.529492],[-82.800781,41.555713],[-82.830762,41.579687],[-82.855518,41.577832],[-82.874902,41.550146],[-82.910791,41.538232],[-82.963281,41.541943],[-83.016016,41.562793],[-83.069092,41.600635],[-83.242578,41.661914],[-83.290723,41.693262],[-83.352246,41.714014],[-83.442969,41.724854],[-83.456201,41.74248],[-83.441162,41.766211],[-83.362061,41.879883],[-83.316162,41.923291],[-83.297217,41.935059],[-83.27251,41.93457],[-83.261816,41.946387],[-83.265234,41.970557],[-83.255566,41.985596],[-83.204785,42.027051],[-83.176562,42.048926],[-83.188428,42.083398],[-83.175244,42.146289],[-83.142139,42.227637],[-83.104834,42.286426]],[[-78.990283,42.991553],[-78.990283,42.991553],[-78.990283,42.991553],[-78.990283,42.991553],[-78.960547,42.988232],[-78.929932,43.022461],[-78.913867,43.042334],[-78.916211,43.053174],[-78.987988,43.063525],[-79.01416,43.051514],[-79.019434,43.024219],[-79.012012,43.002686],[-78.990283,42.991553]],[[-82.638232,41.746875],[-82.638232,41.746875],[-82.638232,41.746875],[-82.638232,41.746875],[-82.627197,41.771143],[-82.642871,41.81543],[-82.654395,41.827441],[-82.674414,41.806055],[-82.685449,41.75708],[-82.684521,41.73584],[-82.638232,41.746875]]]}},{"type":"Feature","properties":{"waterKind":"lake"},"geometry":{"type":"Polygon","coordinates":[[[-96.372559,50.729248],[-96.372559,50.729248],[-96.358545,50.691211],[-96.294385,50.623877],[-96.391748,50.628516],[-96.452051,50.655762],[-96.541797,50.72793],[-96.56626,50.695264],[-96.587549,50.663623],[-96.594287,50.599219],[-96.607568,50.552197],[-96.576367,50.468018],[-96.595801,50.441846],[-96.683154,50.397949],[-96.761182,50.397949],[-96.865576,50.418457],[-96.930713,50.46123],[-96.961768,50.569922],[-96.976416,50.643604],[-96.983252,50.683008],[-96.955957,50.797412],[-96.953516,50.84375],[-96.966553,50.927441],[-96.938281,51.060059],[-96.926514,51.082471],[-96.840625,51.128174],[-96.832471,51.157373],[-96.774365,51.22085],[-96.692627,51.255322],[-96.626758,51.324414],[-96.630957,51.343066],[-96.70752,51.363623],[-96.725391,51.365967],[-96.908154,51.205615],[-96.937305,51.192676],[-96.979492,51.20415],[-96.981543,51.250879],[-96.91377,51.331396],[-96.742139,51.554492],[-96.736475,51.593359],[-96.750635,51.612256],[-96.784668,51.611279],[-96.79668,51.625537],[-96.816699,51.67627],[-96.826172,51.7104],[-96.84375,51.72207],[-96.880518,51.724219],[-97.064746,51.665137],[-97.106299,51.641992],[-97.127051,51.60752],[-97.124463,51.536279],[-97.141016,51.502051],[-97.22002,51.450146],[-97.252783,51.443604],[-97.275879,51.491357],[-97.289453,51.593457],[-97.277441,51.685107],[-97.23999,51.766406],[-97.249805,51.865137],[-97.306836,51.981396],[-97.356738,52.039746],[-97.44585,52.027344],[-97.495996,52.000781],[-97.550146,51.924609],[-97.572998,51.923877],[-97.600049,51.987598],[-97.525781,52.061377],[-97.494922,52.107764],[-97.49668,52.132812],[-97.531152,52.136523],[-97.679932,52.137549],[-97.742822,52.135352],[-97.774023,52.108984],[-97.728809,52.088232],[-97.735498,52.045117],[-97.792432,51.914453],[-97.823389,51.88916],[-97.962598,51.927148],[-98.036328,51.981348],[-98.044531,52.05166],[-98.07085,52.099707],[-98.139258,52.162402],[-98.142969,52.210547],[-98.188037,52.280225],[-98.42876,52.381787],[-98.453857,52.415674],[-98.469141,52.486133],[-98.553076,52.556445],[-98.808984,52.724951],[-98.826318,52.766602],[-98.82002,52.783008],[-98.895752,52.856348],[-98.903906,52.900635],[-98.89502,52.91582],[-98.772559,52.964746],[-98.501367,53.017871],[-98.459814,53.043555],[-98.524707,53.065088],[-98.696045,53.082422],[-98.795557,53.076465],[-98.903271,53.060303],[-98.990186,53.047803],[-99.050098,53.0729],[-99.186426,53.175049],[-99.229639,53.185107],[-99.23999,53.209766],[-99.201562,53.352734],[-99.085107,53.480078],[-99.042383,53.556885],[-98.994141,53.676611],[-98.982666,53.718262],[-99.001025,53.753564],[-98.929297,53.867432],[-98.810889,53.896973],[-98.731055,53.876904],[-98.613477,53.842676],[-98.455811,53.852393],[-98.299414,53.834326],[-98.008838,53.709961],[-97.963428,53.695166],[-97.909521,53.700244],[-97.899707,53.738379],[-98.075635,53.822656],[-98.203809,53.873926],[-98.26084,53.912451],[-98.29917,53.965479],[-98.296924,54.017725],[-98.253955,54.069141],[-98.173975,54.218164],[-98.021045,54.409912],[-98.002637,54.412549],[-97.931982,54.375],[-97.931982,54.352588],[-97.989844,54.321582],[-97.982715,54.315869],[-97.843604,54.316748],[-97.820361,54.300439],[-97.864209,54.265479],[-98.083496,54.202002],[-98.171533,54.079346],[-98.212988,54.025342],[-98.192334,53.993652],[-98.061035,53.930859],[-98.045996,53.939502],[-98.03291,53.977148],[-98.000781,54.001758],[-97.940283,54.028711],[-97.81123,54.041504],[-97.734082,54.080859],[-97.728613,54.060303],[-97.76167,54.013428],[-97.97168,53.97959],[-97.977441,53.969482],[-97.937549,53.890234],[-97.831934,53.735547],[-97.819629,53.694531],[-97.82832,53.64126],[-97.790723,53.581396],[-97.706982,53.514844],[-97.652344,53.400488],[-97.581738,53.291064],[-97.475,53.201221],[-97.436865,53.118701],[-97.351904,53.026318],[-97.347217,53.006006],[-97.376172,52.98042],[-97.424023,52.964844],[-97.397998,52.878857],[-97.332812,52.784033],[-97.197754,52.6729],[-97.112061,52.477539],[-97.070654,52.412598],[-97.00249,52.269385],[-97.006836,52.257031],[-97.018604,52.204443],[-96.986182,52.133252],[-96.957666,52.076904],[-96.858887,51.992773],[-96.834717,51.94209],[-96.853662,51.892139],[-96.844189,51.866357],[-96.769434,51.854736],[-96.706738,51.814697],[-96.689404,51.790527],[-96.70625,51.773242],[-96.757324,51.762793],[-96.722363,51.703809],[-96.601465,51.596289],[-96.550586,51.530371],[-96.54624,51.475928],[-96.495215,51.413135],[-96.344287,51.308887],[-96.290332,51.251221],[-96.288086,51.20791],[-96.3375,51.179004],[-96.34873,51.152734],[-96.394092,51.087598],[-96.402539,51.019922],[-96.36748,50.857373],[-96.357422,50.760498],[-96.372559,50.729248]],[[-97.937939,52.318262],[-97.937939,52.318262],[-97.886963,52.35791],[-97.943604,52.530713],[-97.99458,52.542041],[-98.045605,52.459863],[-98.042725,52.397559],[-97.977588,52.31543],[-97.937939,52.318262]],[[-96.632178,51.148438],[-96.632178,51.148438],[-96.598193,51.188086],[-96.708643,51.199414],[-96.736963,51.137109],[-96.782275,51.091797],[-96.841797,51.066309],[-96.84458,51.02666],[-96.762451,51.009668],[-96.680322,51.04082],[-96.632178,51.148438]]]}},{"type":"Feature","properties":{"waterKind":"lake"},"geometry":{"type":"Polygon","coordinates":[[[-109.02207,62.806689],[-109.02207,62.806689],[-109.02207,62.806689],[-108.919092,62.787939],[-108.927783,62.768408],[-108.952344,62.752197],[-108.992871,62.739307],[-108.987061,62.712451],[-109.006494,62.689893],[-109.251855,62.59707],[-109.292432,62.602539],[-109.262939,62.657227],[-109.300732,62.71709],[-109.395898,62.739063],[-109.69126,62.777295],[-109.74668,62.797754],[-109.944238,62.814258],[-110.284082,62.826758],[-110.468799,62.828467],[-110.498486,62.819385],[-110.603369,62.831934],[-110.661719,62.828564],[-110.701318,62.80957],[-110.75625,62.763232],[-110.967383,62.726855],[-111.268994,62.661182],[-111.294434,62.634082],[-111.272314,62.61665],[-110.83623,62.665625],[-110.535889,62.65957],[-110.513721,62.669629],[-110.410547,62.685107],[-109.863672,62.673291],[-109.767871,62.667627],[-109.734814,62.649512],[-109.836328,62.606885],[-109.958301,62.576074],[-110.10083,62.557178],[-110.186572,62.553809],[-110.263232,62.571143],[-110.32959,62.569336],[-110.455469,62.542383],[-110.553613,62.537646],[-110.763574,62.545605],[-110.77959,62.537646],[-110.683398,62.515527],[-110.646777,62.482227],[-110.683789,62.419971],[-110.704834,62.395459],[-110.75,62.387061],[-110.950293,62.402539],[-111.060449,62.380518],[-111.100293,62.357227],[-111.236084,62.301709],[-111.294434,62.281055],[-111.302051,62.257666],[-111.307324,62.233105],[-111.388232,62.192383],[-111.586963,62.129395],[-111.590723,62.098145],[-111.63418,62.071045],[-111.637744,62.059473],[-111.509424,62.06499],[-111.502051,62.049072],[-111.620312,61.950049],[-111.843213,61.857422],[-112.089648,61.736279],[-112.204395,61.645313],[-112.207959,61.624414],[-112.328857,61.57666],[-112.675928,61.463135],[-112.892969,61.410205],[-112.969434,61.39043],[-113.001367,61.404834],[-112.990332,61.426123],[-113.007373,61.448975],[-113.090723,61.484033],[-113.148242,61.46626],[-113.35874,61.444922],[-113.398438,61.416406],[-113.515088,61.377637],[-113.601807,61.335107],[-113.676611,61.301221],[-113.698633,61.276074],[-113.704395,61.245703],[-113.681885,61.213867],[-113.691406,61.188818],[-113.728955,61.171729],[-113.724609,61.163135],[-113.647949,61.15708],[-113.633496,61.145459],[-113.630273,61.105664],[-113.664258,61.07207],[-113.729395,61.027734],[-113.832227,60.996631],[-113.972754,60.978906],[-114.086133,60.982031],[-114.17251,61.006006],[-114.337598,60.988428],[-114.581445,60.929297],[-114.726514,60.907422],[-114.7729,60.922754],[-114.912744,60.909814],[-115.333008,60.844629],[-115.473242,60.838086],[-115.743604,60.85708],[-115.876611,60.848145],[-116.057031,60.868262],[-116.424805,60.953076],[-116.5021,60.993896],[-116.527686,61.029297],[-116.611572,61.01748],[-116.663867,61.021094],[-116.718848,61.038574],[-117.089014,61.051074],[-117.225977,61.074658],[-117.278174,61.097266],[-117.438232,61.194775],[-117.505371,61.240332],[-117.557422,61.258545],[-117.629199,61.284912],[-117.668115,61.307812],[-117.626563,61.307178],[-117.472705,61.268164],[-117.206348,61.190137],[-117.066846,61.149854],[-116.980225,61.169482],[-116.794482,61.20625],[-116.738232,61.224414],[-116.725586,61.24126],[-116.796826,61.297705],[-116.784082,61.321436],[-116.763379,61.329395],[-116.593896,61.323975],[-116.510645,61.308936],[-116.450293,61.28501],[-116.366553,61.273145],[-116.198535,61.266406],[-116.121289,61.228467],[-115.949951,61.183105],[-115.939209,61.192578],[-115.954736,61.217822],[-115.988428,61.234521],[-115.98042,61.244873],[-115.869678,61.28374],[-115.857812,61.30166],[-115.904932,61.326855],[-116.011084,61.359277],[-116.03877,61.381299],[-115.956348,61.406445],[-115.918359,61.422559],[-115.880859,61.409375],[-115.82666,61.410791],[-115.717187,61.439795],[-115.710986,61.449707],[-115.744189,61.467871],[-115.751514,61.481348],[-115.74541,61.511328],[-115.708057,61.567773],[-115.679004,61.607324],[-115.657715,61.64126],[-115.570605,61.687109],[-115.565674,61.722803],[-115.556934,61.74043],[-115.508252,61.756641],[-115.337354,61.778467],[-115.214502,61.772852],[-115.197314,61.756299],[-115.190137,61.74248],[-115.162305,61.736133],[-114.897559,61.767041],[-114.845361,61.768066],[-114.720557,61.812061],[-114.647559,61.856934],[-114.635596,61.868945],[-114.651025,61.922949],[-114.667383,61.934912],[-114.724072,61.936523],[-114.761768,61.956201],[-114.780518,61.994043],[-114.848047,62.031836],[-114.942236,62.054932],[-115.032861,62.098877],[-115.053369,62.119336],[-115.037549,62.144922],[-115.039258,62.153516],[-115.044824,62.174463],[-115.166602,62.243945],[-115.207715,62.247363],[-115.28999,62.237109],[-115.307178,62.254346],[-115.259424,62.299072],[-115.25415,62.32915],[-115.291406,62.344678],[-115.308984,62.37085],[-115.306934,62.407812],[-115.294385,62.439697],[-115.27124,62.466602],[-115.288916,62.482227],[-115.37002,62.479639],[-115.701025,62.485303],[-115.756152,62.538867],[-115.791992,62.564893],[-115.809033,62.59917],[-115.866602,62.633447],[-115.99165,62.681543],[-116.037549,62.725684],[-116.004248,62.765771],[-115.912695,62.763916],[-115.762891,62.720117],[-115.738428,62.695947],[-115.754102,62.667432],[-115.724316,62.659619],[-115.671875,62.663672],[-115.288574,62.607422],[-115.245703,62.591064],[-115.216699,62.569482],[-115.201514,62.542529],[-115.165137,62.518799],[-115.107617,62.498291],[-114.902051,62.466016],[-114.769873,62.411816],[-114.713672,62.376172],[-114.625244,62.358691],[-114.436865,62.3729],[-114.37251,62.388428],[-114.351367,62.407861],[-114.321826,62.416016],[-114.283887,62.412891],[-114.2271,62.385352],[-114.224707,62.373096],[-114.246826,62.326172],[-114.224463,62.312354],[-114.15498,62.278564],[-114.136035,62.27666],[-114.085205,62.283447],[-114.022754,62.268066],[-113.892187,62.205859],[-113.861182,62.175684],[-113.755762,62.103027],[-113.574316,62.018848],[-113.493066,62.014502],[-113.308838,62.004932],[-113.113867,62.028662],[-113.0375,62.018555],[-113.004688,62.044336],[-112.923437,62.073486],[-112.906445,62.069922],[-112.891504,62.036816],[-112.529346,62.073975],[-112.301855,62.134473],[-112.082324,62.229785],[-111.9625,62.289697],[-111.779639,62.368164],[-111.7,62.420068],[-111.642627,62.496094],[-111.59292,62.541211],[-111.55083,62.555518],[-111.512451,62.595264],[-111.477783,62.660547],[-111.393408,62.721875],[-111.259375,62.779297],[-111.080957,62.835449],[-110.672656,62.926855],[-110.524561,62.944873],[-110.055859,62.952002],[-109.982959,62.94375],[-109.889502,62.92417],[-109.70459,62.910938],[-109.637988,62.895215],[-109.348486,62.867139],[-109.184521,62.846777],[-109.04624,62.828857],[-109.02207,62.806689]],[[-111.745312,62.081494],[-111.745312,62.081494],[-111.745312,62.081494],[-111.667529,62.122803],[-111.705566,62.131152],[-111.828027,62.112939],[-111.985156,62.030225],[-112.071191,61.973975],[-112.306104,61.916064],[-112.524463,61.874707],[-112.696484,61.868115],[-112.875146,61.83999],[-112.971094,61.831689],[-113.010791,61.808545],[-112.919775,61.762207],[-112.754395,61.763867],[-112.741162,61.720898],[-112.72959,61.649707],[-112.689844,61.605078],[-112.595557,61.583594],[-112.45498,61.605078],[-112.330908,61.649707],[-112.248193,61.755615],[-112.137354,61.83667],[-111.927246,61.916064],[-111.786621,62.0021],[-111.745312,62.081494]]]}},{"type":"Feature","properties":{"waterKind":"lake"},"geometry":{"type":"Polygon","coordinates":[[[-75.786572,44.484326],[-75.786572,44.484326],[-75.786572,44.484326],[-75.775684,44.458887],[-75.790918,44.429883],[-75.832178,44.397266],[-76.237793,44.183203],[-76.352441,44.106055],[-76.309668,44.062744],[-76.306055,44.043213],[-76.280615,44.046484],[-76.197607,44.083496],[-76.173291,44.079443],[-76.16123,44.069336],[-76.15415,44.04541],[-76.192285,44.003369],[-76.175439,43.993799],[-76.101904,44.003174],[-76.070654,43.998486],[-76.098682,43.966992],[-76.136475,43.946631],[-76.142676,43.926855],[-76.19834,43.874463],[-76.222754,43.863818],[-76.236426,43.870947],[-76.23252,43.894531],[-76.284619,43.869238],[-76.288184,43.84873],[-76.258203,43.829102],[-76.234863,43.798779],[-76.218115,43.757812],[-76.209717,43.670312],[-76.199316,43.653076],[-76.19502,43.644824],[-76.199854,43.634717],[-76.204834,43.614258],[-76.193604,43.595801],[-76.202588,43.574512],[-76.231787,43.550439],[-76.2896,43.537305],[-76.376025,43.535059],[-76.472705,43.507275],[-76.579687,43.453809],[-76.653076,43.405029],[-76.692871,43.360937],[-76.722314,43.342627],[-76.741406,43.350049],[-76.885303,43.314014],[-76.93667,43.289746],[-76.949805,43.26792],[-76.963086,43.26377],[-76.976416,43.277393],[-77.079004,43.287695],[-77.270801,43.294531],[-77.420801,43.287744],[-77.529053,43.267383],[-77.624609,43.279102],[-77.707373,43.322852],[-77.838232,43.35708],[-78.174951,43.394678],[-78.457471,43.387549],[-78.689453,43.361475],[-79.053174,43.285107],[-79.213379,43.242285],[-79.291357,43.207471],[-79.337549,43.197705],[-79.401465,43.208691],[-79.527881,43.209521],[-79.638428,43.234912],[-79.727832,43.252832],[-79.773047,43.301123],[-79.77417,43.319824],[-79.656445,43.452832],[-79.610107,43.513281],[-79.596289,43.551807],[-79.569043,43.578271],[-79.498828,43.611963],[-79.480127,43.635986],[-79.445996,43.647119],[-79.396338,43.64541],[-79.302783,43.689697],[-79.165332,43.779883],[-79.060645,43.835156],[-78.988672,43.855469],[-78.793066,43.87627],[-78.669336,43.902441],[-78.580908,43.911963],[-78.527832,43.904834],[-78.445898,43.915625],[-78.334961,43.944434],[-78.186328,43.965527],[-77.999854,43.978906],[-77.880762,43.993945],[-77.829053,44.010693],[-77.726465,44.009277],[-77.708691,44.033301],[-77.681787,44.044824],[-77.583447,44.038379],[-77.549023,44.024756],[-77.54375,44.014453],[-77.567627,44.007666],[-77.554004,43.990332],[-77.502881,43.962549],[-77.420654,43.954004],[-77.324512,43.971582],[-77.258984,43.963965],[-77.275586,43.95166],[-77.310596,43.9521],[-77.314795,43.946533],[-77.289404,43.922754],[-77.267187,43.921631],[-77.190039,43.947607],[-77.185156,43.9375],[-77.219238,43.899658],[-77.207959,43.875977],[-77.151172,43.866455],[-77.054492,43.883008],[-76.934229,43.929688],[-76.879102,43.94292],[-76.870312,43.964941],[-76.91001,43.964941],[-77.013086,43.956543],[-77.042334,43.942773],[-77.043799,43.951904],[-77.024023,43.987207],[-76.930176,44.038379],[-76.888428,44.068018],[-76.862988,44.099902],[-76.889941,44.099316],[-76.969336,44.066309],[-77.040234,44.048633],[-77.102734,44.046338],[-77.116992,44.079492],[-77.083203,44.148096],[-77.115283,44.172949],[-77.271484,44.138672],[-77.289844,44.126855],[-77.290332,44.117529],[-77.272949,44.110693],[-77.274854,44.104199],[-77.295996,44.097949],[-77.331641,44.104199],[-77.331348,44.119043],[-77.313965,44.142676],[-77.332715,44.15293],[-77.380713,44.145801],[-77.44585,44.130762],[-77.585742,44.084326],[-77.584375,44.094336],[-77.547217,44.12373],[-77.398096,44.160645],[-77.325684,44.178076],[-77.279639,44.175586],[-77.250781,44.188818],[-77.225342,44.18877],[-77.20332,44.175391],[-77.147754,44.180811],[-77.058691,44.205078],[-77.020459,44.196924],[-77.033105,44.156445],[-77.01001,44.152881],[-76.951074,44.18623],[-76.913086,44.197754],[-76.896045,44.187549],[-77.020947,44.133105],[-77.055273,44.106396],[-77.062256,44.091162],[-77.041309,44.071094],[-76.991504,44.074121],[-76.787012,44.182227],[-76.687695,44.217969],[-76.588867,44.238477],[-76.490479,44.243701],[-76.407812,44.262451],[-76.340723,44.294727],[-76.057227,44.366602],[-75.941602,44.410791],[-75.831396,44.48999],[-75.805127,44.494678],[-75.786572,44.484326]],[[-76.687549,44.1375],[-76.687549,44.1375],[-76.687549,44.1375],[-76.639551,44.181396],[-76.642627,44.199268],[-76.760693,44.172168],[-76.799365,44.155127],[-76.809473,44.139893],[-76.786719,44.13042],[-76.731055,44.126709],[-76.687549,44.1375]],[[-76.275146,44.008594],[-76.275146,44.008594],[-76.275146,44.008594],[-76.27666,43.987061],[-76.262012,43.990137],[-76.231299,44.017773],[-76.230566,44.028516],[-76.259814,44.022412],[-76.275146,44.008594]],[[-76.236963,44.232617],[-76.236963,44.232617],[-76.236963,44.232617],[-76.227051,44.254102],[-76.27915,44.246631],[-76.32876,44.239209],[-76.430469,44.226807],[-76.451465,44.202295],[-76.48335,44.178516],[-76.491797,44.161963],[-76.476709,44.152832],[-76.474316,44.141455],[-76.484521,44.127783],[-76.469336,44.124512],[-76.422705,44.121533],[-76.364893,44.156348],[-76.352734,44.175537],[-76.32959,44.207812],[-76.236963,44.232617]],[[-76.080566,44.294727],[-76.080566,44.294727],[-76.080566,44.294727],[-76.075439,44.305762],[-76.119141,44.305859],[-76.145215,44.29209],[-76.150293,44.281055],[-76.142725,44.269238],[-76.11123,44.277295],[-76.080566,44.294727]]]}},{"type":"Feature","properties":{"waterKind":"lake"},"geometry":{"type":"Polygon","coordinates":[[[-117.84248,66.423682],[-117.84248,66.423682],[-117.84248,66.423682],[-117.84248,66.423682],[-117.675586,66.456445],[-117.54209,66.482812],[-117.514404,66.460254],[-117.550098,66.424219],[-117.612744,66.38457],[-117.632031,66.365527],[-117.674414,66.336084],[-117.673242,66.300049],[-117.679932,66.253223],[-117.727832,66.226025],[-117.78125,66.207129],[-117.812549,66.186865],[-117.87207,66.149707],[-117.923096,66.138525],[-117.986621,66.105371],[-117.970947,66.08374],[-117.907178,66.066504],[-117.924023,66.043604],[-118.072559,66.035938],[-118.116016,66.01084],[-118.133594,65.962158],[-118.199072,65.905225],[-118.20918,65.856348],[-118.156982,65.831396],[-118.063867,65.830957],[-117.874316,65.847021],[-117.846289,65.840186],[-117.900928,65.800049],[-117.902686,65.763525],[-117.943311,65.722656],[-118.033594,65.693213],[-118.147852,65.682031],[-118.264355,65.669531],[-118.378662,65.663721],[-118.386523,65.679834],[-118.453369,65.68335],[-118.568945,65.643945],[-118.714648,65.69375],[-118.834424,65.754883],[-118.943652,65.784033],[-119.276221,65.795996],[-119.504297,65.792578],[-119.619141,65.782324],[-119.704785,65.751514],[-119.697949,65.713623],[-119.891602,65.641309],[-119.973828,65.617236],[-119.987842,65.586182],[-119.762402,65.49292],[-119.540527,65.407861],[-119.508594,65.367578],[-119.556445,65.344287],[-119.716553,65.342334],[-119.88501,65.324854],[-119.990381,65.26709],[-120.095117,65.203223],[-120.159131,65.175684],[-120.466064,65.072656],[-120.861426,64.955908],[-120.952246,64.9354],[-121.072656,64.899561],[-121.13252,64.861426],[-121.230127,64.826514],[-121.366797,64.833594],[-121.471484,64.879492],[-121.480029,64.933447],[-121.397412,64.968604],[-121.319531,64.973975],[-121.21377,64.992822],[-121.088916,65.004004],[-121.002832,65.038281],[-120.991113,65.08208],[-120.550439,65.289355],[-120.405811,65.411377],[-120.367725,65.508838],[-120.38335,65.557178],[-120.465576,65.584814],[-120.663477,65.605176],[-120.977832,65.552832],[-121.181787,65.49585],[-121.367529,65.434717],[-121.547949,65.363818],[-121.545947,65.342334],[-121.569043,65.297363],[-121.605664,65.228711],[-121.611719,65.175488],[-121.615527,65.128076],[-121.615186,65.093213],[-121.663086,65.073535],[-121.727051,65.060547],[-121.769971,65.037354],[-121.928564,64.995752],[-122.039941,64.961328],[-122.557666,65.023193],[-122.89126,65.068213],[-123.37085,65.114014],[-123.445898,65.116064],[-123.471973,65.151758],[-123.443945,65.18457],[-123.344385,65.2],[-123.188037,65.216309],[-122.852588,65.278125],[-122.766553,65.34248],[-122.769238,65.408545],[-122.887305,65.487012],[-122.785693,65.531396],[-122.588721,65.588135],[-122.374121,65.656592],[-122.205811,65.752588],[-122.163574,65.81748],[-122.530762,65.943652],[-122.548828,65.986182],[-122.387451,66.007031],[-122.067285,65.976562],[-121.771973,65.948145],[-121.474951,65.956934],[-121.293408,66.001367],[-121.24917,66.054199],[-121.278223,66.092041],[-121.532666,66.122314],[-121.695264,66.178223],[-122.110352,66.234277],[-122.436182,66.25127],[-122.744531,66.250977],[-123.015674,66.255225],[-123.019824,66.220752],[-122.992627,66.172949],[-123.039893,66.126025],[-123.091943,66.100146],[-123.098145,66.072803],[-123.116113,66.053711],[-123.154102,66.064063],[-123.197803,66.103662],[-123.396191,66.135352],[-123.568652,66.139209],[-123.769531,66.125488],[-124.050732,66.130225],[-124.26084,66.157324],[-124.499365,66.153076],[-124.590186,66.109619],[-124.573779,66.055664],[-124.590137,66.015674],[-124.642383,66.006689],[-124.676465,66.025049],[-124.732129,66.039795],[-124.785156,65.995117],[-124.816748,65.94126],[-124.897998,65.966162],[-124.962939,66.010156],[-125.020361,66.057178],[-125.090479,66.157275],[-125.062842,66.247754],[-124.80625,66.279541],[-124.590039,66.273877],[-124.525195,66.276172],[-124.404443,66.309033],[-123.55957,66.42749],[-123.176807,66.516943],[-123.146387,66.511426],[-123.143359,66.482812],[-123.088184,66.473389],[-122.987061,66.494531],[-122.844385,66.53291],[-122.52876,66.560059],[-122.522607,66.599414],[-122.411426,66.598633],[-122.344287,66.583496],[-121.98042,66.636182],[-121.60625,66.708838],[-121.52832,66.719141],[-121.454785,66.739795],[-121.233398,66.832471],[-120.692139,66.906885],[-120.592578,66.929688],[-120.223437,66.977783],[-120.102686,67.001025],[-119.877539,67.029443],[-119.785059,67.004297],[-119.755273,66.990381],[-119.670605,66.992236],[-119.443311,66.965967],[-119.211279,66.933154],[-119.096973,66.909131],[-119.252441,66.829053],[-119.567871,66.745752],[-119.762061,66.696484],[-119.992725,66.661865],[-120.084473,66.654102],[-120.094873,66.633984],[-120.129541,66.600439],[-120.208887,66.56792],[-120.330273,66.537305],[-120.340039,66.527002],[-120.313721,66.492871],[-120.325098,66.470166],[-120.411084,66.455859],[-120.477881,66.421826],[-120.445361,66.395117],[-120.230322,66.391504],[-120.016455,66.380127],[-119.961963,66.355518],[-119.767529,66.327393],[-119.722363,66.311377],[-119.59248,66.307373],[-119.521191,66.316406],[-119.489453,66.338086],[-119.104785,66.326172],[-118.755762,66.331299],[-118.604834,66.347803],[-118.337256,66.398584],[-118.246875,66.460303],[-118.191699,66.515381],[-118.004102,66.601318],[-117.837744,66.638867],[-117.726172,66.659473],[-117.696484,66.658447],[-117.683203,66.641846],[-117.69873,66.621338],[-117.690967,66.595801],[-117.733789,66.551025],[-117.841211,66.487012],[-117.864453,66.460791],[-117.862061,66.438232],[-117.84248,66.423682]]]}},{"type":"Feature","properties":{"waterKind":"lake"},"geometry":{"type":"Polygon","coordinates":[[[-83.076465,42.275488],[-83.104834,42.286426],[-83.063379,42.322656],[-83.016504,42.347119],[-82.925977,42.375488],[-82.902002,42.393994],[-82.883398,42.441846],[-82.870117,42.518994],[-82.840967,42.568115],[-82.795996,42.589111],[-82.783789,42.612744],[-82.804443,42.638916],[-82.787354,42.664551],[-82.732617,42.689551],[-82.686768,42.696924],[-82.649902,42.686572],[-82.632812,42.661035],[-82.62998,42.594531],[-82.639111,42.574365],[-82.645117,42.558057],[-82.633936,42.542383],[-82.613037,42.524609],[-82.481104,42.499854],[-82.453027,42.495459],[-82.432129,42.497803],[-82.418457,42.472266],[-82.413525,42.411084],[-82.427979,42.366699],[-82.461865,42.339111],[-82.515723,42.321777],[-82.589502,42.314551],[-82.867334,42.335254],[-82.970605,42.326758],[-83.013623,42.311865],[-83.04668,42.297021],[-83.076465,42.275488]]]}},{"type":"Feature","properties":{"waterKind":"lake"},"geometry":{"type":"Polygon","coordinates":[[[-80.62876,26.887061],[-80.667969,26.825635],[-80.710742,26.741895],[-80.742627,26.697266],[-80.784082,26.690869],[-80.826758,26.706982],[-80.858496,26.722852],[-80.895605,26.752197],[-80.931738,26.810156],[-80.979248,26.855518],[-81.026562,26.875879],[-81.07124,26.917383],[-81.080811,26.955664],[-81.055322,26.990771],[-80.996973,27.033447],[-80.94165,27.076807],[-80.870264,27.14707],[-80.803271,27.182178],[-80.758594,27.182178],[-80.710742,27.132812],[-80.689502,27.110059],[-80.670703,27.086572],[-80.654443,27.053711],[-80.639111,27.008447],[-80.621436,26.949268],[-80.62876,26.887061],[-80.62876,26.887061],[-80.62876,26.887061],[-80.62876,26.887061]]]}},{"type":"Feature","properties":{"waterKind":"lake"},"geometry":{"type":"Polygon","coordinates":[[[-99.348877,53.198926],[-99.330273,53.159424],[-99.368701,53.150391],[-99.388574,53.130566],[-99.395801,53.100244],[-99.395117,53.084717],[-99.402881,53.073926],[-99.416162,53.064648],[-99.435791,53.057764],[-99.458691,53.052734],[-99.486621,53.052295],[-99.518262,53.056592],[-99.538818,53.067383],[-99.540039,53.082715],[-99.538232,53.096924],[-99.551562,53.105029],[-99.569434,53.112012],[-99.578613,53.123486],[-99.5875,53.141113],[-99.604639,53.162793],[-99.624023,53.180371],[-99.638184,53.188135],[-99.644482,53.183154],[-99.644775,53.170117],[-99.64668,53.154883],[-99.656836,53.144531],[-99.684961,53.140479],[-99.730273,53.140332],[-99.797559,53.137012],[-99.875537,53.102393],[-99.971729,53.097705],[-100.04834,53.116797],[-100.125391,53.131006],[-100.200391,53.151807],[-100.273584,53.185449],[-100.346191,53.230811],[-100.412207,53.269922],[-100.469531,53.288574],[-100.54248,53.307471],[-100.646094,53.347217],[-100.708691,53.374512],[-100.771387,53.401807],[-100.785254,53.408643],[-100.842383,53.42627],[-100.876367,53.448926],[-100.891211,53.470654],[-100.881055,53.48833],[-100.854639,53.501221],[-100.778906,53.504053],[-100.706787,53.500049],[-100.64082,53.49541],[-100.603564,53.497803],[-100.593262,53.50708],[-100.592383,53.518848],[-100.606201,53.534863],[-100.631543,53.554395],[-100.633594,53.568604],[-100.591357,53.571729],[-100.509766,53.576514],[-100.389551,53.582617],[-100.32251,53.592529],[-100.313232,53.640381],[-100.323633,53.668945],[-100.352441,53.712109],[-100.383105,53.758008],[-100.431689,53.790039],[-100.413281,53.822266],[-100.32998,53.864502],[-100.347217,53.897998],[-100.393164,53.891748],[-100.473926,53.895605],[-100.497705,53.905029],[-100.50625,53.916846],[-100.48335,53.949609],[-100.387109,53.954297],[-100.331006,53.958154],[-100.302734,53.973291],[-100.299951,53.989697],[-100.303027,54.007568],[-100.305664,54.031006],[-100.301807,54.060791],[-100.306006,54.098291],[-100.327979,54.140381],[-100.35127,54.177148],[-100.358496,54.202002],[-100.349902,54.214746],[-100.334863,54.222363],[-100.31001,54.221387],[-100.277588,54.213379],[-100.243945,54.210547],[-100.216064,54.222217],[-100.190723,54.240137],[-100.163086,54.252393],[-100.121875,54.245947],[-100.063574,54.21875],[-99.994336,54.192334],[-99.92666,54.187988],[-99.882227,54.191992],[-99.869141,54.185742],[-99.927686,54.154248],[-100.05625,54.097363],[-100.179834,54.04209],[-100.226465,54.014551],[-100.208984,54.008057],[-100.177881,54.003809],[-100.139746,53.993213],[-100.105176,53.971484],[-100.094189,53.941406],[-100.112695,53.910645],[-100.140137,53.883105],[-100.150684,53.860742],[-100.140625,53.846191],[-100.118457,53.837354],[-100.060107,53.846631],[-99.962988,53.875732],[-99.845215,53.926758],[-99.737256,53.989014],[-99.660107,54.034033],[-99.616748,54.043359],[-99.604346,54.027246],[-99.601904,54.010742],[-99.61748,53.988525],[-99.648682,53.958447],[-99.689746,53.917676],[-99.729199,53.869629],[-99.775586,53.835059],[-99.833496,53.826807],[-99.882812,53.831055],[-99.908447,53.826709],[-99.91416,53.81001],[-99.915479,53.78457],[-99.926172,53.760498],[-99.954639,53.74707],[-99.994629,53.734863],[-100.033105,53.713818],[-100.075635,53.694385],[-100.125391,53.686084],[-100.170166,53.679443],[-100.200635,53.664111],[-100.214551,53.645752],[-100.219434,53.631885],[-100.184814,53.611133],[-100.103369,53.57627],[-100.018701,53.532764],[-99.976416,53.491064],[-99.960498,53.456494],[-99.9396,53.430176],[-99.928955,53.407324],[-99.937744,53.381006],[-99.9479,53.354736],[-99.940479,53.332031],[-99.924609,53.310693],[-99.914355,53.287695],[-99.905664,53.268066],[-99.893555,53.254785],[-99.871582,53.248291],[-99.83916,53.244971],[-99.799219,53.252734],[-99.759131,53.272852],[-99.692676,53.298682],[-99.589014,53.320068],[-99.49082,53.332568],[-99.4375,53.336865],[-99.420752,53.328711],[-99.410791,53.31123],[-99.406934,53.285254],[-99.404785,53.256689],[-99.375342,53.223193],[-99.348877,53.198926],[-99.348877,53.198926],[-99.348877,53.198926]]]}},{"type":"Feature","properties":{"waterKind":"lake"},"geometry":{"type":"Polygon","coordinates":[[[-111.973877,41.002148],[-111.973877,41.002148],[-111.973877,41.002148],[-111.951123,40.968018],[-111.960596,40.941504],[-112.053467,40.901709],[-112.09707,40.880859],[-112.189941,40.768994],[-112.266699,40.740234],[-112.33208,40.698877],[-112.369971,40.700781],[-112.394385,40.757129],[-112.435742,40.815576],[-112.445801,40.875146],[-112.478027,40.943359],[-112.493164,40.937695],[-112.508301,40.91875],[-112.521582,40.878467],[-112.54624,40.83916],[-112.580322,40.848633],[-112.631982,40.927344],[-112.689697,40.980273],[-112.728418,41.018994],[-112.750684,41.058643],[-112.768457,41.113916],[-112.787744,41.173535],[-112.81377,41.22373],[-112.84624,41.26084],[-112.881299,41.288916],[-112.917676,41.328076],[-112.961279,41.377393],[-112.984961,41.427295],[-112.997168,41.489258],[-112.998389,41.533887],[-112.995117,41.559717],[-112.996729,41.576172],[-113.006787,41.58208],[-113.014355,41.597217],[-112.99917,41.612354],[-112.966211,41.614307],[-112.908643,41.637109],[-112.844336,41.657129],[-112.8,41.666992],[-112.770459,41.66582],[-112.741992,41.659082],[-112.718701,41.637012],[-112.707324,41.60293],[-112.733838,41.563086],[-112.737646,41.536572],[-112.70752,41.496143],[-112.666016,41.465674],[-112.603955,41.431494],[-112.553809,41.430469],[-112.527246,41.420947],[-112.512109,41.381152],[-112.489014,41.308594],[-112.45791,41.24668],[-112.437109,41.218799],[-112.422363,41.216797],[-112.405811,41.217236],[-112.390039,41.222607],[-112.377148,41.232471],[-112.366162,41.248486],[-112.380859,41.32417],[-112.388477,41.385254],[-112.402197,41.432324],[-112.389941,41.447314],[-112.373535,41.457227],[-112.329687,41.442773],[-112.290332,41.40957],[-112.242969,41.392529],[-112.170898,41.39668],[-112.09165,41.408105],[-112.064453,41.399902],[-112.062988,41.388477],[-112.076221,41.347021],[-112.114111,41.335645],[-112.178564,41.341846],[-112.241113,41.345166],[-112.269531,41.331885],[-112.286572,41.316699],[-112.303613,41.282617],[-112.284277,41.26792],[-112.242676,41.221924],[-112.211621,41.192334],[-112.180615,41.162744],[-112.152002,41.134131],[-112.082861,41.06499],[-111.973877,41.002148]],[[-112.171338,40.875195],[-112.171338,40.875195],[-112.171338,40.875195],[-112.155713,40.955566],[-112.198145,41.056055],[-112.236133,41.069434],[-112.262891,41.058252],[-112.251709,41.020312],[-112.249512,40.964453],[-112.216016,40.924316],[-112.171338,40.875195]]]}},{"type":"Feature","properties":{"waterKind":"lake"},"geometry":{"type":"Polygon","coordinates":[[[-84.762598,45.792383],[-84.771973,45.794775],[-84.805957,45.775049],[-84.865869,45.768555],[-84.951514,45.775391],[-84.981396,45.767041],[-84.955469,45.743408],[-84.97749,45.706543],[-85.047363,45.656396],[-85.087793,45.605273],[-85.09873,45.553125],[-85.087695,45.506885],[-85.054688,45.46665],[-85.006396,45.440479],[-84.942871,45.428564],[-84.929834,45.412598],[-84.967139,45.392676],[-85.032959,45.38125],[-85.127344,45.378467],[-85.222852,45.356152],[-85.319482,45.314453],[-85.375684,45.276953],[-85.391455,45.243799],[-85.393994,45.195654],[-85.381592,45.078271],[-85.389014,45.032764],[-85.430371,44.949316],[-85.484717,44.840332],[-85.549365,44.771875],[-85.561475,44.78125],[-85.550928,44.814648],[-85.497119,44.923828],[-85.488916,44.970117],[-85.494092,44.994434],[-85.512646,44.996777],[-85.533887,44.975586],[-85.557764,44.930957],[-85.562842,44.906738],[-85.549219,44.902979],[-85.559326,44.872656],[-85.593262,44.815674],[-85.62251,44.803955],[-85.647217,44.8375],[-85.645312,44.881641],[-85.604687,44.969922],[-85.619238,44.987061],[-85.595703,45.041943],[-85.585254,45.081982],[-85.597412,45.12334],[-85.587744,45.161328],[-85.556201,45.195996],[-85.565869,45.206543],[-85.616602,45.19292],[-85.689355,45.128076],[-85.784131,45.012158],[-85.857812,44.961523],[-85.910498,44.976318],[-85.95293,44.96665],[-85.98501,44.93252],[-86.019922,44.915723],[-86.057666,44.916357],[-86.080469,44.875879],[-86.088428,44.794238],[-86.12583,44.747754],[-86.237012,44.720215],[-86.25874,44.699023],[-86.260693,44.668848],[-86.242725,44.629736],[-86.242188,44.551318],[-86.259082,44.433594],[-86.295898,44.330615],[-86.352734,44.242383],[-86.41543,44.169482],[-86.519189,44.07373],[-86.520947,44.054736],[-86.469922,43.979785],[-86.448633,43.923975],[-86.438037,43.812744],[-86.440576,43.794287],[-86.540527,43.656934],[-86.542139,43.637305],[-86.43501,43.407129],[-86.340186,43.241748],[-86.32915,43.224121],[-86.300879,43.158057],[-86.248486,43.028809],[-86.221533,42.900439],[-86.22002,42.773096],[-86.232715,42.65],[-86.259619,42.531201],[-86.299561,42.417627],[-86.35249,42.309326],[-86.407373,42.22373],[-86.520166,42.082275],[-86.575342,41.987695],[-86.632471,41.911328],[-86.691553,41.853369],[-86.798193,41.788525],[-87.072607,41.669482],[-87.158691,41.646387],[-87.253223,41.637646],[-87.35625,41.643262],[-87.4125,41.656494],[-87.425,41.678564],[-87.447021,41.680762],[-87.476953,41.695459],[-87.514648,41.720654],[-87.556592,41.765967],[-87.602051,41.859131],[-87.651123,42.000244],[-87.694629,42.084375],[-87.73252,42.111523],[-87.766797,42.153906],[-87.797461,42.211426],[-87.8125,42.341064],[-87.811963,42.542969],[-87.80166,42.680371],[-87.781396,42.753418],[-87.787061,42.80918],[-87.818701,42.847705],[-87.838184,42.895654],[-87.845557,42.953076],[-87.862061,42.991992],[-87.887744,43.012451],[-87.893408,43.041113],[-87.879004,43.077832],[-87.878857,43.103125],[-87.892773,43.116895],[-87.896094,43.137402],[-87.888818,43.164551],[-87.90166,43.244922],[-87.898389,43.293799],[-87.880713,43.347021],[-87.823926,43.443018],[-87.805566,43.490088],[-87.800879,43.538086],[-87.774023,43.598877],[-87.699707,43.72373],[-87.697949,43.752441],[-87.723389,43.809082],[-87.729395,43.851172],[-87.723828,43.907275],[-87.700146,43.976611],[-87.658496,44.059033],[-87.603418,44.124951],[-87.534912,44.174268],[-87.5125,44.230273],[-87.536133,44.292969],[-87.527441,44.385693],[-87.486523,44.508594],[-87.440869,44.600684],[-87.390527,44.661963],[-87.356055,44.720361],[-87.337305,44.77583],[-87.345605,44.800635],[-87.383105,44.8271],[-87.41958,44.865625],[-87.480176,44.874121],[-87.555371,44.848584],[-87.566016,44.850293],[-87.604395,44.846875],[-87.676611,44.790283],[-87.740918,44.692041],[-87.787549,44.651562],[-87.851074,44.624023],[-87.898242,44.593359],[-87.929004,44.559473],[-87.969238,44.552002],[-88.01875,44.571143],[-88.028271,44.61792],[-87.997803,44.692334],[-87.951562,44.763721],[-87.856787,44.880371],[-87.853564,44.908301],[-87.830273,44.94248],[-87.683203,44.992627],[-87.627002,45.032275],[-87.607764,45.082666],[-87.602246,45.157031],[-87.592822,45.177832],[-87.571191,45.186621],[-87.506494,45.248877],[-87.398779,45.364648],[-87.302051,45.484131],[-87.216406,45.607324],[-87.15376,45.676758],[-87.11416,45.69248],[-87.084863,45.729785],[-87.039258,45.84458],[-87.005029,45.897168],[-86.982324,45.917285],[-86.971094,45.90498],[-86.99292,45.841895],[-86.992773,45.789648],[-86.974219,45.723145],[-86.937891,45.700244],[-86.883887,45.720947],[-86.837451,45.764795],[-86.798535,45.831787],[-86.753613,45.859473],[-86.702783,45.847949],[-86.660645,45.852295],[-86.627197,45.87251],[-86.56333,45.88252],[-86.551514,45.85708],[-86.559277,45.806299],[-86.579541,45.781836],[-86.612256,45.783643],[-86.649512,45.756836],[-86.691406,45.701416],[-86.689697,45.657324],[-86.644434,45.624512],[-86.621973,45.622754],[-86.622363,45.652002],[-86.601172,45.681641],[-86.533887,45.735645],[-86.52749,45.753174],[-86.399561,45.800684],[-86.351318,45.830957],[-86.338086,45.865723],[-86.271777,45.93667],[-86.208936,45.959326],[-86.122949,45.968945],[-86.039746,45.962695],[-85.959326,45.940674],[-85.913721,45.941162],[-85.902881,45.964209],[-85.834229,45.979687],[-85.707812,45.987598],[-85.614795,46.020459],[-85.555078,46.078174],[-85.478809,46.107568],[-85.385937,46.108643],[-85.259863,46.088184],[-85.100635,46.046191],[-84.971826,45.988965],[-84.801855,45.874365],[-84.756934,45.862793],[-84.762598,45.792383]],[[-85.492334,45.760205],[-85.538525,45.775391],[-85.572852,45.737891],[-85.607715,45.656055],[-85.612061,45.609277],[-85.585938,45.59751],[-85.55166,45.602588],[-85.509082,45.624463],[-85.492334,45.662891],[-85.501465,45.750244],[-85.492334,45.760205],[-85.492334,45.760205],[-85.492334,45.760205]],[[-86.052441,45.156396],[-86.05957,45.146826],[-86.037939,45.102832],[-86.015771,45.08916],[-85.988184,45.087988],[-85.976221,45.102148],[-85.979834,45.131641],[-85.998486,45.150146],[-86.052441,45.156396],[-86.052441,45.156396],[-86.052441,45.156396]],[[-86.926318,45.414941],[-86.937988,45.425586],[-86.966699,45.368311],[-86.946875,45.345703],[-86.891943,45.342285],[-86.861865,45.352246],[-86.856592,45.394385],[-86.861865,45.408594],[-86.878467,45.41416],[-86.926318,45.414941],[-86.926318,45.414941],[-86.926318,45.414941]],[[-87.049121,45.302881],[-87.088135,45.27915],[-87.122021,45.224512],[-87.166406,45.189502],[-87.221143,45.173975],[-87.258789,45.137988],[-87.279346,45.081494],[-87.315527,45.031104],[-87.396484,44.95415],[-87.403027,44.932861],[-87.398242,44.90293],[-87.382031,44.864258],[-87.35459,44.838818],[-87.31582,44.826562],[-87.280273,44.834863],[-87.188086,44.921973],[-87.179492,44.941064],[-87.191309,44.950244],[-87.178564,44.983398],[-87.141357,45.040674],[-87.113916,45.068457],[-87.096338,45.066748],[-87.078027,45.078125],[-87.058936,45.102441],[-87.061523,45.124902],[-87.085693,45.14541],[-87.08418,45.153955],[-87.056885,45.150537],[-87.046631,45.171875],[-87.053564,45.21792],[-87.041504,45.23667],[-87.010352,45.228174],[-86.991895,45.241016],[-86.985937,45.275195],[-87.005029,45.295801],[-87.049121,45.302881],[-87.049121,45.302881],[-87.049121,45.302881]]]}},{"type":"Feature","properties":{"waterKind":"lake"},"geometry":{"type":"Polygon","coordinates":[[[-84.432422,46.52207],[-84.343945,46.531152],[-84.358008,46.504687],[-84.386963,46.502246],[-84.42417,46.490674],[-84.467187,46.464209],[-84.528369,46.436084],[-84.591504,46.443115],[-84.634863,46.482275],[-84.697314,46.490723],[-84.778809,46.468359],[-84.851172,46.469482],[-84.914307,46.493994],[-85.034326,46.505762],[-85.048633,46.523877],[-85.046289,46.543018],[-85.027393,46.563135],[-85.016748,46.610937],[-85.014502,46.686475],[-84.998193,46.739697],[-84.96792,46.770703],[-85.014648,46.783496],[-85.138428,46.778027],[-85.280713,46.752441],[-85.441504,46.706641],[-85.616113,46.690576],[-85.804492,46.704248],[-85.946777,46.702148],[-86.104639,46.679248],[-86.132031,46.686816],[-86.231348,46.65625],[-86.402686,46.587744],[-86.531006,46.524414],[-86.6375,46.452979],[-86.653906,46.452246],[-86.679053,46.468213],[-86.73291,46.490137],[-86.790381,46.49082],[-86.851465,46.470215],[-86.913623,46.483301],[-86.976758,46.530078],[-87.034131,46.543213],[-87.085693,46.522705],[-87.170654,46.513525],[-87.358105,46.524414],[-87.377832,46.539551],[-87.394482,46.590088],[-87.414893,46.612061],[-87.451221,46.627441],[-87.509473,46.683447],[-87.6375,46.826514],[-87.6729,46.843555],[-87.777588,46.887891],[-87.8771,46.907715],[-88.12915,46.935498],[-88.18374,46.955322],[-88.21626,46.951562],[-88.383008,46.874316],[-88.389941,46.857422],[-88.4,46.840918],[-88.427295,46.813916],[-88.449121,46.801514],[-88.462744,46.81416],[-88.476074,46.836719],[-88.47373,46.886279],[-88.455859,46.962842],[-88.466016,47.012549],[-88.504395,47.035449],[-88.52085,47.063086],[-88.51543,47.095508],[-88.543262,47.121582],[-88.604395,47.14126],[-88.632715,47.166895],[-88.628223,47.198633],[-88.634131,47.220312],[-88.650488,47.231982],[-88.715625,47.207178],[-88.829639,47.14585],[-88.907129,47.091113],[-88.948096,47.042969],[-89.009131,47.015723],[-89.090234,47.009277],[-89.154785,46.988623],[-89.269434,46.918164],[-89.35498,46.881934],[-89.496826,46.85542],[-89.695117,46.838574],[-89.860596,46.792773],[-89.993262,46.71792],[-90.153564,46.654492],[-90.341357,46.60249],[-90.468848,46.584131],[-90.536133,46.599365],[-90.616504,46.631348],[-90.736816,46.688867],[-90.754346,46.683545],[-90.74502,46.67168],[-90.747559,46.661865],[-90.769971,46.64541],[-90.922998,46.603076],[-90.943506,46.618994],[-90.886426,46.67749],[-90.863916,46.720801],[-90.865332,46.760693],[-90.839893,46.809961],[-90.787695,46.868408],[-90.768359,46.908008],[-90.781934,46.928711],[-90.839941,46.962451],[-90.88667,46.964795],[-90.946045,46.95376],[-91.127246,46.867676],[-91.14541,46.874316],[-91.203369,46.888037],[-91.217627,46.885645],[-91.356982,46.810742],[-91.499072,46.766113],[-91.835645,46.7021],[-91.920801,46.694434],[-91.987305,46.698975],[-92.072803,46.736182],[-92.107031,46.761865],[-92.104248,46.789404],[-92.064551,46.818848],[-91.645166,47.050049],[-91.386279,47.214746],[-90.957129,47.52373],[-90.846729,47.585254],[-90.597461,47.687744],[-90.197266,47.786426],[-89.999854,47.841162],[-89.82876,47.900879],[-89.719531,47.946729],[-89.67207,47.978711],[-89.633838,47.993701],[-89.604736,47.99165],[-89.547461,48.012939],[-89.449658,48.092236],[-89.438477,48.098779],[-89.34541,48.121143],[-89.315137,48.158984],[-89.29668,48.204248],[-89.252246,48.279736],[-89.221484,48.310742],[-89.213916,48.344922],[-89.229395,48.382275],[-89.225,48.417578],[-89.200732,48.45083],[-89.086426,48.497656],[-88.774561,48.583057],[-88.76377,48.572363],[-88.818262,48.506445],[-88.876416,48.381494],[-88.896924,48.378076],[-88.915674,48.362744],[-88.932715,48.3354],[-88.888477,48.337305],[-88.782861,48.368311],[-88.734375,48.384082],[-88.721924,48.4146],[-88.705713,48.476123],[-88.683154,48.510107],[-88.654102,48.516553],[-88.634863,48.546094],[-88.625293,48.59873],[-88.6021,48.629932],[-88.565332,48.639844],[-88.549609,48.658154],[-88.551953,48.68374],[-88.542432,48.753223],[-88.535156,48.785693],[-88.502637,48.833057],[-88.457617,48.847852],[-88.395312,48.844873],[-88.352441,48.820801],[-88.32915,48.775684],[-88.322852,48.738477],[-88.333594,48.709082],[-88.393799,48.655811],[-88.566504,48.528027],[-88.584521,48.492432],[-88.569336,48.473926],[-88.559375,48.446826],[-88.53877,48.443408],[-88.500928,48.466992],[-88.484473,48.488086],[-88.489453,48.506592],[-88.47583,48.530664],[-88.443506,48.560254],[-88.418164,48.569141],[-88.399658,48.557275],[-88.36875,48.562402],[-88.325488,48.584473],[-88.247998,48.595947],[-88.233105,48.596973],[-88.138428,48.682861],[-88.10918,48.73291],[-88.108789,48.775977],[-88.147217,48.820752],[-88.224316,48.867139],[-88.246582,48.916992],[-88.248633,48.941895],[-88.263574,48.973682],[-88.247559,48.985547],[-88.200439,48.977441],[-88.160645,48.981641],[-88.128223,48.998145],[-88.069824,49.001416],[-88.02251,48.998682],[-87.965625,48.958691],[-87.760937,48.919922],[-87.685254,48.899219],[-87.591602,48.878174],[-87.567773,48.87124],[-87.552002,48.84834],[-87.517285,48.838574],[-87.463721,48.842041],[-87.40708,48.834814],[-87.311426,48.799414],[-87.223633,48.775781],[-87.084717,48.778906],[-87.008545,48.788818],[-86.887646,48.772412],[-86.819873,48.772559],[-86.751562,48.800586],[-86.692529,48.80791],[-86.642871,48.79458],[-86.621436,48.77749],[-86.580957,48.753027],[-86.459277,48.764941],[-86.432422,48.758154],[-86.396143,48.731299],[-86.390186,48.714111],[-86.370996,48.687549],[-86.324951,48.636621],[-86.314258,48.619092],[-86.282568,48.597949],[-86.256982,48.548437],[-86.237402,48.470605],[-86.215527,48.422949],[-86.191357,48.405566],[-86.181006,48.385352],[-86.158936,48.303955],[-86.10415,48.210303],[-86.022412,48.118799],[-85.913623,48.029541],[-85.777686,47.970166],[-85.6146,47.940723],[-85.469531,47.934082],[-85.34248,47.950244],[-85.173828,47.958984],[-84.963574,47.960205],[-84.854736,47.949951],[-84.847266,47.928027],[-84.867383,47.896436],[-84.915186,47.855127],[-84.920264,47.827881],[-84.922461,47.792578],[-84.960986,47.745801],[-84.981104,47.717627],[-84.974805,47.697998],[-84.98584,47.671729],[-85.014258,47.63877],[-84.997607,47.594775],[-84.93584,47.539844],[-84.860449,47.495508],[-84.771338,47.46167],[-84.715625,47.42666],[-84.693311,47.390479],[-84.668457,47.370605],[-84.641162,47.367041],[-84.616455,47.350244],[-84.594336,47.320215],[-84.618262,47.267187],[-84.688184,47.191162],[-84.719531,47.14209],[-84.712305,47.119873],[-84.77168,47.036719],[-84.775146,47.004004],[-84.750391,46.98125],[-84.655664,46.948975],[-84.624902,46.922363],[-84.600342,46.918408],[-84.58208,46.937158],[-84.54458,46.945703],[-84.487988,46.944043],[-84.434766,46.930762],[-84.38501,46.905762],[-84.367432,46.87998],[-84.382031,46.85332],[-84.407764,46.843652],[-84.48457,46.847656],[-84.527734,46.833984],[-84.553467,46.805566],[-84.561035,46.729785],[-84.539941,46.697314],[-84.527539,46.697363],[-84.510254,46.712744],[-84.488086,46.743506],[-84.464014,46.746924],[-84.438135,46.723047],[-84.465967,46.674072],[-84.547607,46.599951],[-84.568555,46.57666],[-84.568457,46.543311],[-84.500537,46.483252],[-84.475439,46.489014],[-84.458887,46.503857],[-84.432422,46.52207]],[[-90.755713,46.964795],[-90.765967,46.95083],[-90.76084,46.937012],[-90.722754,46.920117],[-90.707959,46.927344],[-90.713086,46.941162],[-90.738086,46.961572],[-90.755713,46.964795]],[[-90.653369,46.827686],[-90.588867,46.85542],[-90.596094,46.868848],[-90.619141,46.869971],[-90.752295,46.813623],[-90.78208,46.791064],[-90.791602,46.772314],[-90.767725,46.769775],[-90.710547,46.78335],[-90.680469,46.797803],[-90.677539,46.813037],[-90.653369,46.827686]],[[-90.54668,46.919287],[-90.534814,46.954297],[-90.542627,46.962744],[-90.575879,46.956982],[-90.650439,46.936768],[-90.651807,46.922266],[-90.57998,46.913525],[-90.54668,46.919287]],[[-90.410156,47.04375],[-90.409717,47.063672],[-90.422119,47.071143],[-90.447363,47.066162],[-90.463867,47.048291],[-90.471729,47.017529],[-90.459326,47.010107],[-90.42666,47.025879],[-90.410156,47.04375]],[[-88.056738,48.836768],[-88.086572,48.808008],[-88.075684,48.740625],[-88.056689,48.716699],[-88.030908,48.717529],[-87.998437,48.743213],[-87.941211,48.756836],[-87.859229,48.75835],[-87.816309,48.767871],[-87.812354,48.785352],[-87.782129,48.79541],[-87.770215,48.810937],[-87.765137,48.841113],[-87.813428,48.859033],[-87.915039,48.864648],[-87.996143,48.857227],[-88.056738,48.836768]],[[-88.911035,47.93623],[-88.624756,48.042041],[-88.593066,48.071973],[-88.596826,48.087451],[-88.581299,48.110742],[-88.484863,48.167432],[-88.499219,48.175928],[-88.588281,48.158496],[-88.755518,48.103516],[-89.146631,47.952637],[-89.192627,47.928955],[-89.200098,47.91709],[-89.169092,47.91709],[-89.168799,47.902148],[-89.19917,47.872266],[-89.195215,47.851807],[-89.156787,47.840771],[-89.081641,47.850586],[-88.969873,47.88125],[-88.930371,47.89624],[-88.92373,47.904541],[-88.960107,47.909473],[-88.955176,47.926025],[-88.911035,47.93623]],[[-87.790479,47.411426],[-87.741016,47.433643],[-87.793457,47.467285],[-87.87793,47.48418],[-87.994287,47.484229],[-88.110205,47.47251],[-88.320312,47.421094],[-88.394336,47.388721],[-88.561963,47.272168],[-88.608887,47.217187],[-88.615723,47.17417],[-88.57373,47.143311],[-88.434082,47.122314],[-88.427051,47.136572],[-88.433154,47.143359],[-88.453809,47.151855],[-88.416748,47.191455],[-88.40542,47.175488],[-88.409082,47.131445],[-88.438428,47.099561],[-88.468457,47.077246],[-88.468652,47.047607],[-88.439062,47.010742],[-88.402246,47.019287],[-88.358203,47.073389],[-88.236768,47.158936],[-88.240381,47.17832],[-88.221875,47.210596],[-88.015527,47.32085],[-87.974902,47.354932],[-87.983057,47.36792],[-88.026953,47.386328],[-88.020654,47.392383],[-87.790479,47.411426]],[[-87.690283,48.75],[-87.62168,48.756885],[-87.626025,48.78042],[-87.666992,48.821436],[-87.7021,48.841406],[-87.731348,48.840479],[-87.748193,48.834668],[-87.752686,48.824072],[-87.731055,48.793848],[-87.729932,48.778418],[-87.743701,48.76416],[-87.730469,48.754687],[-87.690283,48.75]],[[-85.605859,47.742139],[-85.596094,47.75708],[-85.641113,47.781787],[-85.765137,47.806738],[-85.827441,47.804492],[-85.882715,47.791016],[-85.930908,47.766455],[-85.950732,47.747314],[-85.942187,47.73374],[-85.858594,47.719092],[-85.666016,47.73335],[-85.605859,47.742139]]]}},{"type":"Feature","properties":{"waterKind":"lake"},"geometry":{"type":"Polygon","coordinates":[[[-84.343945,46.531152],[-84.235645,46.556787],[-84.165381,46.562598],[-84.118262,46.539453],[-84.087109,46.506982],[-84.083838,46.47251],[-84.106152,46.430469],[-84.108789,46.393213],[-84.091846,46.36084],[-84.033643,46.343799],[-83.934229,46.342041],[-83.881738,46.33291],[-83.863135,46.306201],[-83.842725,46.301953],[-83.660645,46.289844],[-83.592773,46.277832],[-83.571729,46.260498],[-83.459131,46.237646],[-83.025488,46.181299],[-82.894727,46.188428],[-82.719141,46.207129],[-82.663623,46.175928],[-82.638135,46.172412],[-82.597656,46.1771],[-82.350049,46.193262],[-82.317725,46.162939],[-82.195996,46.133936],[-82.11582,46.131641],[-82.011768,46.128711],[-81.816602,46.114746],[-81.769287,46.104443],[-81.765771,46.071436],[-81.765186,46.05791],[-81.750195,46.057471],[-81.727051,46.073096],[-81.688672,46.078809],[-81.661719,46.092871],[-81.646191,46.115283],[-81.615332,46.119385],[-81.544531,46.090381],[-81.54165,46.074658],[-81.640234,46.040039],[-81.629492,46.025391],[-81.623828,46.016699],[-81.597266,46.011914],[-81.594971,45.996387],[-81.627051,45.978027],[-81.596729,45.966553],[-81.502393,45.992969],[-81.449414,45.994434],[-81.303516,45.974121],[-81.236816,45.974121],[-81.196973,45.990967],[-81.191309,46.006152],[-81.173682,46.016064],[-81.162012,46.012061],[-81.15752,45.991699],[-81.160254,45.954883],[-81.097021,45.941602],[-80.967969,45.951807],[-80.89043,45.951025],[-80.817773,45.951025],[-80.805176,45.94248],[-80.786621,45.919141],[-80.731592,45.877246],[-80.713379,45.858496],[-80.696436,45.815918],[-80.656152,45.790234],[-80.643115,45.767187],[-80.641016,45.747266],[-80.628857,45.727148],[-80.592676,45.682031],[-80.545508,45.650049],[-80.519922,45.622559],[-80.510693,45.589746],[-80.485547,45.576953],[-80.444287,45.584131],[-80.427051,45.597803],[-80.429492,45.625244],[-80.414014,45.619873],[-80.388525,45.573584],[-80.391748,45.500537],[-80.384863,45.458398],[-80.349609,45.399268],[-80.30249,45.383105],[-80.270703,45.360156],[-80.177295,45.343848],[-80.167676,45.348486],[-80.185498,45.386572],[-80.176123,45.396582],[-80.144824,45.398828],[-80.09165,45.393359],[-80.05708,45.374561],[-80.041113,45.342383],[-80.049707,45.301123],[-80.111475,45.259229],[-80.121094,45.22334],[-80.107568,45.200977],[-80.092187,45.196875],[-80.074902,45.211035],[-80.049365,45.204053],[-80.015381,45.175879],[-80.006494,45.153271],[-80.022656,45.136133],[-80.08335,45.126416],[-80.085938,45.109375],[-80.021582,45.072119],[-79.971875,45.022168],[-79.946094,45.017187],[-79.931787,45.001221],[-79.928906,44.974365],[-79.902393,44.956543],[-79.828369,44.936328],[-79.799951,44.884863],[-79.78457,44.85415],[-79.771582,44.819336],[-79.749609,44.815479],[-79.732764,44.832031],[-79.732471,44.862939],[-79.695947,44.875146],[-79.692383,44.858789],[-79.713379,44.821143],[-79.708594,44.791162],[-79.67793,44.768945],[-79.717383,44.761182],[-79.826953,44.768018],[-79.87627,44.798535],[-79.891309,44.809375],[-79.924951,44.812891],[-79.935303,44.823535],[-79.92041,44.854541],[-79.92959,44.862988],[-79.996777,44.855713],[-80.064746,44.833594],[-80.108203,44.806787],[-80.10791,44.775488],[-80.078906,44.743115],[-80.021143,44.709521],[-79.997461,44.652344],[-80.007812,44.57168],[-80.036963,44.517383],[-80.084814,44.489355],[-80.225977,44.509521],[-80.460254,44.577783],[-80.592871,44.638525],[-80.649512,44.721289],[-80.670166,44.727002],[-80.789844,44.700293],[-80.854053,44.666113],[-80.909668,44.617578],[-80.925391,44.632861],[-80.901172,44.712012],[-80.891162,44.761328],[-80.895361,44.780957],[-80.919434,44.796777],[-80.963477,44.808984],[-81.021973,44.802148],[-81.110254,44.765332],[-81.130176,44.769678],[-81.127539,44.782422],[-81.036426,44.842822],[-81.006348,44.876172],[-81.005957,44.906934],[-80.992578,44.934375],[-80.96626,44.958643],[-80.972754,44.969629],[-81.012012,44.967334],[-81.032031,44.956934],[-81.074023,44.91377],[-81.133594,44.917871],[-81.141113,44.927783],[-81.125,44.952539],[-81.137939,44.968066],[-81.17998,44.974365],[-81.193311,45.002637],[-81.207373,45.008691],[-81.259521,45.02832],[-81.26416,45.081348],[-81.281836,45.123975],[-81.312549,45.15625],[-81.31582,45.188672],[-81.285205,45.24126],[-81.296484,45.24873],[-81.399902,45.255615],[-81.595361,45.261963],[-81.697363,45.251221],[-81.706055,45.223486],[-81.683154,45.202832],[-81.628809,45.189111],[-81.590332,45.165869],[-81.577441,45.14541],[-81.541455,45.124902],[-81.499316,45.081445],[-81.451172,45.01499],[-81.415479,44.987354],[-81.376953,44.984131],[-81.355225,44.977539],[-81.35835,44.911035],[-81.341113,44.869922],[-81.300049,44.831982],[-81.278174,44.789941],[-81.280713,44.71626],[-81.277734,44.643701],[-81.29751,44.59668],[-81.351904,44.542285],[-81.386768,44.496924],[-81.402197,44.460596],[-81.431348,44.436475],[-81.474316,44.424561],[-81.518848,44.398926],[-81.564941,44.359668],[-81.594971,44.31084],[-81.608936,44.252539],[-81.646631,44.19248],[-81.708105,44.130713],[-81.731982,44.0604],[-81.718359,43.981592],[-81.716504,43.642139],[-81.705176,43.557617],[-81.712793,43.474072],[-81.739404,43.391553],[-81.784521,43.326855],[-81.848193,43.280127],[-81.911377,43.245605],[-81.974121,43.223437],[-82.033057,43.185791],[-82.088086,43.132666],[-82.181055,43.085107],[-82.312012,43.043262],[-82.417236,43.017383],[-82.431934,43.038574],[-82.461279,43.081006],[-82.516211,43.279639],[-82.596729,43.634424],[-82.66333,43.854199],[-82.716113,43.939014],[-82.787744,44.003516],[-82.878223,44.047754],[-82.947217,44.066992],[-82.994629,44.061084],[-83.069482,44.025049],[-83.209277,43.993604],[-83.266602,43.972852],[-83.299463,43.945117],[-83.338135,43.928906],[-83.382568,43.924072],[-83.3875,43.916602],[-83.353076,43.906348],[-83.352979,43.879346],[-83.447363,43.758447],[-83.447363,43.758447],[-83.447363,43.758447],[-83.447363,43.758447],[-83.447363,43.758447],[-83.447363,43.758447],[-83.468896,43.730908],[-83.526025,43.720898],[-83.573096,43.697119],[-83.621582,43.636475],[-83.667871,43.620996],[-83.735205,43.62666],[-83.847998,43.663623],[-83.915674,43.700586],[-83.938281,43.737549],[-83.9396,43.781934],[-83.919775,43.833887],[-83.921582,43.875488],[-83.878809,43.962549],[-83.821436,43.993457],[-83.737695,44.000635],[-83.691504,44.014453],[-83.682812,44.03501],[-83.656982,44.049561],[-83.613965,44.058252],[-83.57749,44.113428],[-83.54751,44.215039],[-83.5125,44.270752],[-83.487402,44.280566],[-83.464209,44.277246],[-83.462793,44.264941],[-83.366211,44.330029],[-83.330566,44.375098],[-83.328369,44.421436],[-83.319287,44.556494],[-83.30791,44.643799],[-83.294238,44.68335],[-83.299561,44.785205],[-83.327783,44.869238],[-83.436182,44.961426],[-83.451562,44.991992],[-83.448145,45.024561],[-83.425928,45.058936],[-83.377832,45.066895],[-83.293066,45.040381],[-83.278711,45.046777],[-83.302295,45.062402],[-83.316113,45.093164],[-83.320166,45.138965],[-83.331104,45.164209],[-83.348975,45.168994],[-83.396191,45.221387],[-83.402588,45.24834],[-83.397266,45.273584],[-83.415283,45.299023],[-83.478516,45.338818],[-83.593652,45.379443],[-83.86875,45.456494],[-83.918262,45.486279],[-83.986328,45.503809],[-84.072803,45.509131],[-84.127734,45.532471],[-84.151123,45.573828],[-84.189258,45.611133],[-84.242285,45.644434],[-84.326318,45.666162],[-84.441406,45.67627],[-84.562939,45.712158],[-84.690918,45.773779],[-84.762598,45.792383],[-84.756934,45.862793],[-84.727393,45.861475],[-84.71333,45.870508],[-84.712695,45.881641],[-84.725391,45.894873],[-84.71709,45.943506],[-84.724902,45.95752],[-84.674658,46.033301],[-84.631543,46.052637],[-84.581494,46.045557],[-84.549902,46.029248],[-84.536865,46.003711],[-84.521289,45.99458],[-84.490332,45.99375],[-84.473096,45.98999],[-84.462939,45.99209],[-84.447314,46.006152],[-84.340918,45.999805],[-83.978809,45.961523],[-83.929199,45.967578],[-83.900977,45.980859],[-83.894141,46.001318],[-83.917432,46.020703],[-84.011963,46.061426],[-84.040771,46.088184],[-84.048389,46.113525],[-84.034717,46.137402],[-84.054883,46.158936],[-84.108838,46.178174],[-84.227051,46.183643],[-84.247949,46.203027],[-84.238477,46.222461],[-84.203662,46.246973],[-84.202246,46.283154],[-84.21333,46.303809],[-84.229053,46.36582],[-84.254785,46.407568],[-84.306738,46.469141],[-84.327441,46.491455],[-84.358008,46.504687],[-84.343945,46.531152]],[[-83.345264,45.992773],[-83.392285,45.988232],[-83.437402,45.963232],[-83.46665,45.936035],[-83.47998,45.906738],[-83.45332,45.884277],[-83.386572,45.868555],[-83.331982,45.880371],[-83.269189,45.946582],[-83.271045,45.961328],[-83.296387,45.97666],[-83.345264,45.992773],[-83.345264,45.992773],[-83.345264,45.992773]],[[-83.529004,46.023584],[-83.580078,46.080078],[-83.608203,46.096582],[-83.683887,46.10625],[-83.699414,46.095605],[-83.680225,46.07041],[-83.683252,46.057227],[-83.714795,46.0375],[-83.775,46.011084],[-83.820264,46.00498],[-83.850586,46.019141],[-83.871094,46.017383],[-83.875146,45.99126],[-83.865723,45.979102],[-83.823242,45.955664],[-83.730762,45.942969],[-83.588281,45.941113],[-83.518018,45.957861],[-83.49375,45.99082],[-83.503467,46.013135],[-83.529004,46.023584],[-83.529004,46.023584],[-83.529004,46.023584]],[[-83.828955,46.147656],[-83.808301,46.166602],[-83.79458,46.214307],[-83.822119,46.253467],[-83.891064,46.28418],[-83.970703,46.302979],[-84.061133,46.309766],[-84.097021,46.287598],[-84.078223,46.236426],[-84.03877,46.177051],[-83.978613,46.109424],[-83.930273,46.091699],[-83.906836,46.097217],[-83.887256,46.118896],[-83.875928,46.1479],[-83.856494,46.157471],[-83.828955,46.147656],[-83.828955,46.147656],[-83.828955,46.147656]],[[-84.16875,46.324463],[-84.188135,46.323486],[-84.195508,46.303418],[-84.184912,46.279443],[-84.134863,46.24043],[-84.120654,46.245898],[-84.115576,46.260791],[-84.11958,46.28501],[-84.137305,46.30625],[-84.16875,46.324463],[-84.16875,46.324463],[-84.16875,46.324463]],[[-84.132715,46.340674],[-84.132812,46.362207],[-84.163574,46.41001],[-84.165088,46.456787],[-84.137354,46.502588],[-84.142432,46.530908],[-84.180273,46.541797],[-84.215527,46.536084],[-84.27417,46.4875],[-84.235059,46.444531],[-84.209473,46.384277],[-84.188965,46.360059],[-84.163428,46.345557],[-84.132715,46.340674],[-84.132715,46.340674],[-84.132715,46.340674]],[[-84.429004,45.806543],[-84.557178,45.820459],[-84.563086,45.803857],[-84.4875,45.753516],[-84.441211,45.734473],[-84.412305,45.736279],[-84.390137,45.746582],[-84.374756,45.765381],[-84.380273,45.787695],[-84.416748,45.814307],[-84.429004,45.806543],[-84.429004,45.806543],[-84.429004,45.806543]],[[-82.962256,45.833447],[-82.93667,45.810986],[-82.735791,45.796729],[-82.625977,45.772168],[-82.5104,45.72749],[-82.409473,45.697998],[-82.323193,45.683594],[-82.256055,45.660107],[-82.208057,45.62749],[-82.091113,45.590869],[-82.075977,45.569678],[-82.055273,45.561328],[-82.029004,45.565967],[-81.821143,45.691553],[-81.759766,45.697559],[-81.75957,45.685156],[-81.864502,45.610596],[-81.902344,45.603076],[-81.922461,45.603711],[-81.976709,45.569873],[-81.977197,45.561426],[-81.946191,45.566113],[-81.914258,45.557471],[-81.88125,45.535498],[-81.828076,45.54668],[-81.754736,45.591113],[-81.685742,45.656689],[-81.593018,45.791699],[-81.601465,45.801172],[-81.685059,45.801367],[-81.698584,45.814844],[-81.672754,45.844678],[-81.664844,45.871924],[-81.674756,45.896484],[-81.698193,45.89375],[-81.735059,45.863672],[-81.763086,45.821191],[-81.79585,45.740381],[-81.80376,45.743213],[-81.838428,45.788428],[-81.841846,45.822754],[-81.828223,45.862158],[-81.840576,45.8854],[-81.879004,45.89248],[-81.897314,45.910303],[-81.895459,45.93877],[-81.909326,45.961768],[-81.938867,45.979248],[-81.987305,45.977051],[-82.05459,45.95498],[-82.106396,45.919092],[-82.142578,45.869434],[-82.175342,45.871143],[-82.20459,45.924219],[-82.235547,45.945801],[-82.268359,45.935937],[-82.287988,45.945166],[-82.294531,45.973437],[-82.332031,45.981982],[-82.400635,45.97085],[-82.444141,45.954785],[-82.462646,45.933887],[-82.480566,45.930273],[-82.497949,45.943896],[-82.527246,45.938623],[-82.568506,45.914404],[-82.580469,45.895508],[-82.55625,45.869922],[-82.56001,45.859619],[-82.52041,45.848926],[-82.514893,45.83335],[-82.531396,45.805762],[-82.554248,45.807031],[-82.583447,45.837012],[-82.607812,45.84751],[-82.627344,45.838574],[-82.644824,45.842627],[-82.660254,45.859668],[-82.690918,45.862891],[-82.736865,45.852344],[-82.7646,45.858154],[-82.774023,45.880322],[-82.793457,45.897559],[-82.822949,45.909814],[-82.83208,45.936182],[-82.820996,45.976562],[-82.845215,45.99043],[-82.904736,45.977783],[-82.944824,45.962695],[-82.965479,45.945215],[-82.995703,45.943457],[-83.0354,45.957422],[-83.069336,45.95459],[-83.097314,45.935059],[-83.124512,45.937939],[-83.15083,45.963232],[-83.176172,45.968896],[-83.200586,45.954883],[-83.21582,45.932666],[-83.221826,45.902148],[-83.160059,45.875195],[-82.962256,45.833447],[-82.962256,45.833447],[-82.962256,45.833447]],[[-81.712598,45.526318],[-81.735059,45.530566],[-81.828809,45.497656],[-81.8375,45.483984],[-81.832861,45.47251],[-81.814941,45.463232],[-81.788086,45.46582],[-81.727295,45.500488],[-81.712598,45.526318],[-81.712598,45.526318],[-81.712598,45.526318]],[[-80.173047,44.79624],[-80.174316,44.808887],[-80.157666,44.8479],[-80.171436,44.864844],[-80.21582,44.87168],[-80.236279,44.864502],[-80.232812,44.843311],[-80.215723,44.822656],[-80.173047,44.79624],[-80.173047,44.79624],[-80.173047,44.79624]]]}},{"type":"Feature","properties":{"waterKind":"lake"},"geometry":{"type":"Polygon","coordinates":[[[-97.426807,25.353564],[-97.456396,25.27334],[-97.537305,25.081543],[-97.612207,24.781934],[-97.687109,24.476367],[-97.720068,24.254639],[-97.757812,23.914844],[-97.76543,23.916699],[-97.775488,24.082129],[-97.759033,24.15874],[-97.75,24.263623],[-97.740967,24.390918],[-97.768262,24.436133],[-97.804688,24.444043],[-97.82832,24.476562],[-97.833154,24.51709],[-97.82417,24.544434],[-97.800342,24.545996],[-97.741699,24.501709],[-97.725195,24.50127],[-97.688574,24.663477],[-97.699658,24.708838],[-97.70293,24.844531],[-97.643018,24.907666],[-97.654687,24.937109],[-97.707227,24.965771],[-97.728711,24.993701],[-97.698779,25.159131],[-97.699707,25.200781],[-97.705811,25.225098],[-97.754492,25.257275],[-97.721045,25.2875],[-97.680225,25.345801],[-97.653516,25.364795],[-97.643164,25.363525],[-97.610889,25.32583],[-97.575928,25.312109],[-97.543066,25.311523],[-97.530615,25.32749],[-97.518359,25.435449],[-97.507666,25.447363],[-97.472607,25.439941],[-97.437549,25.405957],[-97.426807,25.353564],[-97.426807,25.353564],[-97.426807,25.353564]]]}},{"type":"Feature","properties":{"waterKind":"lake"},"geometry":{"type":"Polygon","coordinates":[[[-102.837158,58.329883],[-102.861719,58.317578],[-102.910937,58.322705],[-102.948437,58.305518],[-102.982324,58.274609],[-103.000879,58.243018],[-102.983105,58.220068],[-102.939111,58.198096],[-102.940527,58.173437],[-103.055908,58.124268],[-103.101562,58.133789],[-103.231104,58.080762],[-103.259277,58.05332],[-103.281445,57.984082],[-103.280859,57.896826],[-103.26875,57.86958],[-103.245068,57.850977],[-103.217627,57.843652],[-103.21123,57.828076],[-103.269043,57.737842],[-103.32998,57.697217],[-103.360352,57.69458],[-103.346875,57.729395],[-103.306299,57.778467],[-103.313672,57.827881],[-103.358984,57.861377],[-103.39917,57.86792],[-103.469092,57.87666],[-103.559326,57.868701],[-103.727881,57.796484],[-103.794434,57.776807],[-103.829297,57.779102],[-103.832275,57.793652],[-103.795654,57.823389],[-103.656299,57.919336],[-103.670361,57.938574],[-103.77666,57.932422],[-103.803125,57.946875],[-103.792725,57.963574],[-103.696973,58.019336],[-103.673437,58.037354],[-103.671777,58.054248],[-103.681934,58.07793],[-103.708984,58.101611],[-103.705859,58.127441],[-103.654492,58.173047],[-103.619434,58.233887],[-103.612549,58.267432],[-103.619336,58.282666],[-103.661914,58.283643],[-103.627148,58.347705],[-103.6104,58.408545],[-103.581055,58.431494],[-103.549902,58.455127],[-103.494629,58.462256],[-103.384131,58.431592],[-103.239111,58.471582],[-103.223145,58.484717],[-103.221436,58.524561],[-103.205176,58.544434],[-103.184863,58.552197],[-103.14082,58.53291],[-102.95249,58.53252],[-102.945557,58.503418],[-102.921191,58.477197],[-102.803369,58.411572],[-102.791357,58.381299],[-102.837158,58.329883],[-102.837158,58.329883],[-102.837158,58.329883]]]}},{"type":"Feature","properties":{"waterKind":"lake"},"geometry":{"type":"Polygon","coordinates":[[[-109.232812,59.126562],[-109.278564,59.127148],[-109.452979,59.08335],[-109.885889,59.006299],[-110.073779,58.94873],[-110.275586,58.860156],[-110.33623,58.825879],[-110.403174,58.768213],[-110.440137,58.716016],[-110.435059,58.699268],[-110.369531,58.675732],[-110.376074,58.644482],[-110.411475,58.630664],[-110.672656,58.630371],[-110.747168,58.613721],[-110.777393,58.583057],[-110.787109,58.545557],[-110.811963,58.512451],[-110.838916,58.510889],[-110.876709,58.628564],[-110.903369,58.631396],[-110.943555,58.621143],[-110.990283,58.593848],[-111.036035,58.522412],[-111.074951,58.504785],[-111.093164,58.526514],[-111.106836,58.546826],[-111.110498,58.571924],[-111.097559,58.615527],[-111.262061,58.70293],[-111.29541,58.729443],[-111.301465,58.755566],[-111.280371,58.788477],[-111.194434,58.787744],[-111.149756,58.774902],[-111.160742,58.738916],[-111.124805,58.735107],[-111.018555,58.764111],[-110.871875,58.837305],[-110.611963,59.041211],[-110.483105,59.110156],[-110.352344,59.156348],[-110.034717,59.297168],[-109.875293,59.356641],[-109.834521,59.389453],[-109.777002,59.413232],[-109.799023,59.433447],[-109.800732,59.44502],[-109.704883,59.503906],[-109.62251,59.542529],[-109.546875,59.570117],[-109.398047,59.597217],[-109.260059,59.599951],[-109.172461,59.586719],[-109.035938,59.497803],[-108.82793,59.510449],[-108.795361,59.503662],[-108.862695,59.406445],[-108.856738,59.386963],[-108.748437,59.386719],[-108.537842,59.435156],[-108.219238,59.47334],[-107.952734,59.434424],[-107.557959,59.395752],[-107.238916,59.348193],[-106.816113,59.326807],[-106.609473,59.319629],[-106.021338,59.290088],[-106.018213,59.271338],[-106.042285,59.251855],[-106.709717,59.262939],[-107.204785,59.284326],[-107.45249,59.303955],[-107.588818,59.292432],[-107.606348,59.300342],[-107.625879,59.33125],[-107.708203,59.33999],[-107.73374,59.336377],[-107.757227,59.319629],[-107.785742,59.288281],[-107.819092,59.228516],[-107.836719,59.21582],[-107.958252,59.203662],[-108.21123,59.161084],[-108.750488,59.120264],[-108.941602,59.115234],[-109.103271,59.097754],[-109.163135,59.101807],[-109.232812,59.126562],[-109.232812,59.126562],[-109.232812,59.126562],[-109.232812,59.126562]]]}},{"type":"Feature","properties":{"waterKind":"lake"},"geometry":{"type":"Polygon","coordinates":[[[-72.899902,51.14585],[-72.987793,51.103564],[-73.11377,50.996777],[-73.134521,50.988965],[-73.253809,50.9125],[-73.370508,50.844629],[-73.459326,50.793262],[-73.457959,50.81377],[-73.394336,50.892676],[-73.261523,50.977344],[-73.188672,51.069238],[-73.175049,51.071338],[-73.15127,51.06958],[-73.131543,51.090332],[-73.12915,51.105518],[-73.143359,51.144727],[-73.150684,51.156055],[-73.172949,51.157812],[-73.292773,51.076855],[-73.39624,50.993506],[-73.572949,50.835303],[-73.598877,50.824561],[-73.630811,50.824023],[-73.771094,50.640771],[-73.800098,50.595166],[-73.817383,50.499023],[-73.810498,50.451953],[-73.798779,50.412061],[-73.787891,50.389941],[-73.807373,50.387695],[-73.831836,50.412891],[-73.843164,50.405713],[-73.837061,50.340771],[-73.819336,50.300635],[-73.799512,50.236182],[-73.817676,50.211377],[-73.903662,50.161768],[-74.007861,50.12041],[-74.034326,50.090625],[-74.075684,50.042676],[-74.151709,50.037744],[-74.219531,50.057568],[-74.199707,50.075732],[-74.098047,50.091846],[-74.012793,50.178271],[-73.878857,50.217969],[-73.827637,50.249365],[-73.835889,50.27583],[-73.87959,50.297021],[-73.896094,50.327441],[-73.898779,50.352441],[-73.877734,50.381104],[-73.838623,50.639307],[-73.887109,50.589941],[-73.915674,50.543848],[-73.925879,50.51416],[-73.916895,50.48916],[-73.918555,50.474268],[-73.931641,50.457666],[-74.002393,50.478076],[-74.105469,50.398779],[-74.131885,50.403174],[-74.10376,50.447803],[-73.954053,50.721924],[-73.845264,50.888184],[-73.855908,50.897949],[-73.911377,50.897461],[-73.91582,50.910352],[-73.88999,50.953809],[-73.905176,50.962744],[-73.891895,50.981006],[-73.641455,51.077588],[-73.378271,51.240283],[-73.202344,51.319775],[-73.066943,51.390381],[-72.985889,51.397021],[-72.984375,51.378027],[-73.067187,51.317236],[-73.040479,51.309375],[-72.88999,51.354004],[-72.811328,51.360986],[-72.791895,51.353125],[-72.800098,51.335107],[-72.851074,51.304785],[-73.067432,51.206006],[-73.091504,51.178418],[-73.071826,51.160254],[-73.040869,51.154492],[-72.811279,51.244092],[-72.723486,51.254346],[-72.690137,51.240625],[-72.718555,51.217334],[-72.899902,51.14585],[-72.899902,51.14585],[-72.899902,51.14585]]]}},{"type":"Feature","properties":{"waterKind":"lake"},"geometry":{"type":"Polygon","coordinates":[[[-94.052051,49.373145],[-94.052051,49.373145],[-94.052051,49.373145],[-94.041113,49.35835],[-94.047266,49.268018],[-94.065234,49.238379],[-94.092285,49.218896],[-94.118994,49.206348],[-94.128711,49.210449],[-94.114697,49.231055],[-94.109473,49.263428],[-94.182129,49.330322],[-94.221143,49.393604],[-94.278369,49.407324],[-94.251367,49.456934],[-94.254199,49.470898],[-94.364551,49.483447],[-94.473828,49.471729],[-94.646387,49.444922],[-94.745215,49.409033],[-94.769531,49.393359],[-94.790137,49.35332],[-94.778125,49.339697],[-94.640234,49.353564],[-94.608984,49.344824],[-94.577197,49.297852],[-94.52207,49.266895],[-94.464111,49.231982],[-94.354102,49.266016],[-94.302637,49.252588],[-94.271582,49.227148],[-94.267432,49.194238],[-94.23999,49.181152],[-94.098828,49.16709],[-94.074023,49.155371],[-94.117334,49.125928],[-94.196875,49.095752],[-94.26499,49.114062],[-94.309521,49.103613],[-94.323779,49.070898],[-94.536816,48.945117],[-94.712793,48.863428],[-94.817773,48.867822],[-94.915723,48.925635],[-95.002637,48.964307],[-95.037305,48.958838],[-95.179248,48.89668],[-95.273535,48.886182],[-95.312842,48.928076],[-95.315479,48.969971],[-95.267285,49.028955],[-95.265625,49.059619],[-95.276562,49.105322],[-95.260547,49.137061],[-95.198535,49.166455],[-95.085059,49.176465],[-94.982764,49.195312],[-94.935645,49.239844],[-94.940869,49.321045],[-95.008984,49.341992],[-95.014209,49.368213],[-94.940674,49.400098],[-94.909375,49.437109],[-94.822314,49.511621],[-94.690869,49.561035],[-94.64541,49.603076],[-94.650488,49.620703],[-94.688232,49.625635],[-94.744873,49.616211],[-94.795557,49.599072],[-94.91084,49.526367],[-94.985107,49.496582],[-95.107422,49.463379],[-95.138623,49.471875],[-95.116064,49.542627],[-95.15249,49.622412],[-95.099219,49.639258],[-95.008398,49.635449],[-94.961523,49.620703],[-94.973389,49.58418],[-94.958057,49.575391],[-94.92627,49.576025],[-94.888379,49.585059],[-94.840137,49.612598],[-94.870264,49.662695],[-94.822998,49.69043],[-94.588232,49.723779],[-94.559766,49.763818],[-94.57583,49.807324],[-94.678174,49.952734],[-94.658936,49.974463],[-94.614502,49.992676],[-94.588037,49.987988],[-94.538525,49.93125],[-94.530029,49.852734],[-94.496094,49.804102],[-94.450977,49.737549],[-94.346191,49.724463],[-94.312158,49.685156],[-94.332324,49.639355],[-94.314404,49.599756],[-94.361719,49.57627],[-94.368359,49.563135],[-94.30166,49.514893],[-94.17334,49.496582],[-94.134326,49.448437],[-94.144385,49.427441],[-94.052051,49.373145]],[[-94.701611,49.190576],[-94.701611,49.190576],[-94.701611,49.190576],[-94.787402,49.19248],[-94.783691,49.170117],[-94.731494,49.091797],[-94.656885,49.089941],[-94.630762,49.056396],[-94.593506,49.035889],[-94.528271,49.041455],[-94.505859,49.11792],[-94.44624,49.179443],[-94.448096,49.201758],[-94.515234,49.214844],[-94.621484,49.190576],[-94.701611,49.190576]]]}},{"type":"Feature","properties":{"waterKind":"lake"},"geometry":{"type":"Polygon","coordinates":[[[-88.030469,49.96123],[-88.030469,49.96123],[-88.030469,49.96123],[-88.106494,49.934229],[-88.144531,49.912158],[-88.143311,49.894873],[-88.108057,49.867822],[-88.129492,49.784912],[-88.112402,49.711426],[-88.134229,49.635254],[-88.165674,49.58042],[-88.158594,49.507471],[-88.180273,49.466211],[-88.304883,49.45918],[-88.368311,49.434082],[-88.406006,49.389062],[-88.438721,49.393652],[-88.466553,49.443213],[-88.493555,49.4625],[-88.513477,49.51416],[-88.541602,49.548779],[-88.552197,49.543701],[-88.547021,49.48833],[-88.562695,49.462207],[-88.621826,49.427881],[-88.667578,49.433447],[-88.705713,49.441504],[-88.772949,49.458105],[-88.785937,49.48833],[-88.759424,49.526953],[-88.710352,49.586963],[-88.610352,49.606494],[-88.590186,49.607812],[-88.587305,49.62793],[-88.607471,49.646631],[-88.688135,49.633203],[-88.744189,49.630811],[-88.785596,49.56709],[-88.823193,49.539551],[-88.868945,49.520508],[-88.909033,49.5104],[-88.960059,49.50127],[-89.000342,49.528613],[-89.018604,49.567822],[-89.016406,49.582812],[-88.960059,49.560303],[-88.920215,49.559668],[-88.907422,49.579443],[-88.906494,49.617627],[-88.929053,49.694336],[-88.930322,49.754687],[-88.955713,49.756006],[-89.00752,49.714258],[-89.04541,49.725928],[-89.09209,49.775537],[-89.087012,49.804053],[-89.069238,49.824023],[-89.004443,49.786523],[-88.949414,49.809766],[-88.940625,49.819922],[-88.950195,49.855127],[-88.945068,49.879736],[-88.888477,49.93252],[-88.904639,50.023389],[-88.893213,50.056836],[-88.769385,50.213281],[-88.704541,50.253613],[-88.639111,50.277002],[-88.551074,50.239111],[-88.464795,50.237646],[-88.355908,50.162012],[-88.314648,50.147949],[-88.287598,50.150049],[-88.277783,50.159326],[-88.288184,50.177979],[-88.340039,50.22583],[-88.414844,50.265332],[-88.420508,50.28916],[-88.383936,50.290771],[-88.343799,50.275],[-88.231836,50.212793],[-88.199219,50.187744],[-88.170508,50.134814],[-88.172217,50.112891],[-88.204492,50.111475],[-88.215381,50.095801],[-88.222363,50.059229],[-88.217627,50.026953],[-88.234717,49.990576],[-88.213184,49.993457],[-88.168848,50.027783],[-88.132568,50.035205],[-88.083643,50.000684],[-88.033252,49.979053],[-88.030469,49.96123]],[[-88.554346,50.021973],[-88.554346,50.021973],[-88.554346,50.021973],[-88.554346,50.035791],[-88.589746,50.046582],[-88.615918,50.046582],[-88.629736,50.043506],[-88.632812,50.017383],[-88.638965,49.98501],[-88.654395,49.949658],[-88.688232,49.926562],[-88.719043,49.900391],[-88.746729,49.878809],[-88.748242,49.868066],[-88.715918,49.849609],[-88.675928,49.849609],[-88.620508,49.820361],[-88.588184,49.80498],[-88.582031,49.815723],[-88.589746,49.835742],[-88.611279,49.861914],[-88.635889,49.897314],[-88.635889,49.915771],[-88.625146,49.951172],[-88.588184,49.983496],[-88.56665,49.997314],[-88.554346,50.021973]],[[-88.38501,49.647266],[-88.38501,49.647266],[-88.38501,49.647266],[-88.374463,49.689404],[-88.39292,49.699951],[-88.421875,49.685449],[-88.489014,49.660449],[-88.490332,49.611719],[-88.399463,49.616992],[-88.38501,49.647266]]]}},{"type":"Feature","properties":{"waterKind":"lake"},"geometry":{"type":"Polygon","coordinates":[[[-101.724268,57.909814],[-101.724268,57.909814],[-101.724268,57.909814],[-101.724268,57.909814],[-101.678223,57.917529],[-101.544287,57.920215],[-101.533398,57.87998],[-101.543408,57.815967],[-101.630127,57.757471],[-101.734668,57.646631],[-101.828369,57.578564],[-101.961084,57.516553],[-102.047754,57.48418],[-102.106152,57.427197],[-102.093848,57.367578],[-101.887744,57.305225],[-101.835596,57.270166],[-101.86416,57.250244],[-101.957422,57.238818],[-102.032422,57.191211],[-102.048096,57.114258],[-101.999121,57.054004],[-101.962061,57.024707],[-102.04082,56.964941],[-102.12749,56.91499],[-102.176758,56.863965],[-102.312646,56.838428],[-102.33999,56.80957],[-102.355615,56.771436],[-102.398242,56.696875],[-102.437109,56.658008],[-102.439209,56.626709],[-102.465381,56.607861],[-102.543652,56.587744],[-102.600879,56.563721],[-102.885352,56.473486],[-102.926855,56.44082],[-102.937793,56.401709],[-102.977295,56.369238],[-103.043848,56.379785],[-103.086865,56.419482],[-103.13667,56.414209],[-103.201123,56.357861],[-103.232324,56.308936],[-103.240723,56.277686],[-103.271631,56.276562],[-103.287598,56.304102],[-103.271436,56.387305],[-103.260937,56.436523],[-103.257031,56.475342],[-103.298437,56.495947],[-103.293359,56.543359],[-103.241455,56.57417],[-103.191895,56.555273],[-103.15293,56.619824],[-103.129346,56.76416],[-103.105566,56.852979],[-103.069043,56.849121],[-103.07998,56.676611],[-103.051074,56.568652],[-102.977734,56.561572],[-102.861523,56.683301],[-102.793506,56.708545],[-102.732471,56.71626],[-102.692187,56.741602],[-102.676904,56.773145],[-102.625195,56.786719],[-102.569824,56.830371],[-102.543701,56.929736],[-102.554297,56.998389],[-102.583789,57.04624],[-102.675732,57.083301],[-102.741846,57.100928],[-102.721973,57.153516],[-102.693408,57.209912],[-102.720801,57.244873],[-102.788916,57.282715],[-102.852441,57.298633],[-102.919336,57.295215],[-102.933008,57.364404],[-102.890137,57.450684],[-102.790527,57.503711],[-102.694385,57.564307],[-102.673975,57.597266],[-102.693018,57.637061],[-102.691797,57.688232],[-102.640137,57.701855],[-102.522607,57.730469],[-102.439502,57.798682],[-102.205029,57.930957],[-102.148682,57.992676],[-102.150879,58.037891],[-102.052441,58.107373],[-101.990967,58.08833],[-102.013281,58.00293],[-101.970996,57.963428],[-101.912549,57.99082],[-101.867773,58.053516],[-101.819336,58.0646],[-101.803271,58.02041],[-101.846729,57.897656],[-101.846484,57.866455],[-101.81543,57.843115],[-101.733203,57.872949],[-101.724268,57.909814]]]}},{"type":"Feature","properties":{"waterKind":"lake"},"geometry":{"type":"Polygon","coordinates":[[[-75.75,43.225537],[-75.733447,43.205664],[-75.799609,43.180859],[-75.95918,43.176758],[-76.095605,43.237939],[-76.096387,43.253662],[-76.060059,43.262744],[-75.860742,43.247852],[-75.75,43.225537],[-75.75,43.225537],[-75.75,43.225537],[-75.75,43.225537]]]}},{"type":"Feature","properties":{"waterKind":"lake"},"geometry":{"type":"Polygon","coordinates":[[[-153.971289,59.769336],[-154.10874,59.717627],[-154.230273,59.686914],[-154.371338,59.66543],[-154.533838,59.62793],[-154.562891,59.592187],[-154.555176,59.548145],[-154.578564,59.502783],[-154.583008,59.47373],[-154.613525,59.451465],[-154.685498,59.442773],[-154.907422,59.431934],[-155.743359,59.334521],[-155.881348,59.376855],[-155.913721,59.456494],[-155.845703,59.537598],[-155.259814,59.661914],[-154.992725,59.70542],[-154.328174,59.791406],[-154.189502,59.780713],[-154.074219,59.779639],[-153.971289,59.769336],[-153.971289,59.769336],[-153.971289,59.769336],[-153.971289,59.769336]]]}},{"type":"Feature","properties":{"waterKind":"lake"},"geometry":{"type":"Polygon","coordinates":[[[-155.96084,57.870166],[-156.02124,57.837402],[-156.021338,57.812256],[-155.99585,57.793408],[-155.993066,57.763477],[-156.04043,57.705273],[-156.130469,57.639502],[-156.159229,57.63335],[-156.1271,57.688867],[-156.114844,57.748877],[-156.160596,57.797168],[-156.358105,57.835547],[-156.604688,57.879443],[-156.677539,57.888086],[-156.831689,57.931396],[-156.883594,57.999072],[-156.816602,58.067188],[-156.637744,58.085791],[-156.279004,58.006494],[-155.975781,57.90918],[-155.96084,57.870166],[-155.96084,57.870166],[-155.96084,57.870166],[-155.96084,57.870166]]]}},{"type":"Feature","properties":{"waterKind":"lake"},"geometry":{"type":"Polygon","coordinates":[[[-119.942676,39.025098],[-119.965723,38.957422],[-120.033398,38.945264],[-120.080811,38.970947],[-120.11333,39.060352],[-120.13916,39.090771],[-120.132227,39.14292],[-120.059131,39.221436],[-119.985986,39.242383],[-119.96167,39.253955],[-119.935937,39.253955],[-119.918359,39.206543],[-119.942676,39.025098],[-119.942676,39.025098],[-119.942676,39.025098],[-119.942676,39.025098]]]}},{"type":"Feature","properties":{"waterKind":"lake"},"geometry":{"type":"Polygon","coordinates":[[[-88.325098,44.067578],[-88.333789,43.938135],[-88.38335,43.866016],[-88.431055,43.808105],[-88.464844,43.813428],[-88.491846,43.93916],[-88.51875,44.029053],[-88.484473,44.110449],[-88.41792,44.194531],[-88.358105,44.196045],[-88.321094,44.180176],[-88.325098,44.067578],[-88.325098,44.067578],[-88.325098,44.067578],[-88.325098,44.067578]]]}},{"type":"Feature","properties":{"waterKind":"lake"},"geometry":{"type":"Polygon","coordinates":[[[-71.438477,66.596387],[-71.421191,66.627637],[-71.372705,66.662695],[-71.331006,66.725537],[-71.209229,66.861963],[-71.194141,66.944629],[-71.227441,67.000781],[-71.173877,67.028027],[-71.001367,67.020215],[-70.825684,66.994434],[-70.787793,66.96709],[-70.736914,66.92334],[-70.62998,66.867627],[-70.610645,66.832471],[-70.568994,66.794385],[-70.462842,66.753271],[-70.35293,66.736768],[-70.288135,66.747998],[-70.210645,66.731445],[-69.945459,66.688281],[-69.73623,66.627783],[-69.621289,66.602002],[-69.489795,66.580762],[-69.466064,66.546875],[-69.5271,66.502783],[-69.645752,66.475684],[-69.645752,66.441748],[-69.552979,66.43208],[-69.423047,66.429492],[-69.401611,66.431592],[-69.347363,66.448535],[-69.253271,66.45083],[-69.220703,66.405908],[-69.340186,66.335156],[-69.471338,66.289746],[-69.511426,66.267627],[-69.530469,66.23833],[-69.556543,66.211621],[-69.585059,66.203223],[-69.636377,66.218799],[-69.647656,66.24624],[-69.684082,66.24292],[-69.731641,66.220313],[-69.741797,66.20459],[-69.769629,66.203076],[-69.889795,66.254248],[-69.975488,66.25835],[-70.184863,66.220117],[-70.376465,66.194775],[-70.519434,66.26499],[-70.581543,66.28916],[-70.618848,66.282422],[-70.656494,66.251953],[-70.676807,66.225586],[-70.710352,66.203955],[-70.850732,66.155859],[-71.103711,65.99082],[-71.225781,65.953516],[-71.310645,65.968994],[-71.320898,65.987402],[-71.221094,66.024219],[-71.179346,66.082715],[-71.193555,66.150781],[-71.144629,66.214844],[-71.15,66.256494],[-71.146729,66.290039],[-71.126562,66.330615],[-71.163477,66.371533],[-71.230811,66.417578],[-71.305664,66.515332],[-71.438477,66.596387],[-71.438477,66.596387],[-71.438477,66.596387],[-71.438477,66.596387]]]}},{"type":"Feature","properties":{"waterKind":"lake"},"geometry":{"type":"Polygon","coordinates":[[[-101.93457,63.221094],[-101.80708,63.26709],[-101.749072,63.337158],[-101.688379,63.37002],[-101.635205,63.375244],[-101.611035,63.382129],[-101.583496,63.397314],[-101.583691,63.427539],[-101.54751,63.455908],[-101.456787,63.443164],[-101.395752,63.418359],[-101.365332,63.39668],[-101.319385,63.393799],[-101.292822,63.414941],[-101.332324,63.466846],[-101.275781,63.490576],[-101.137207,63.430371],[-101.08125,63.438965],[-101.061035,63.459619],[-101.008008,63.463037],[-100.902441,63.530322],[-100.856006,63.519873],[-100.799121,63.540332],[-100.705762,63.546484],[-100.644385,63.468457],[-100.672803,63.372949],[-100.770312,63.319043],[-100.8229,63.297217],[-100.863623,63.293506],[-100.91709,63.300684],[-100.983154,63.303174],[-101.040527,63.291797],[-101.060059,63.267529],[-101.064209,63.242529],[-101.113477,63.171436],[-101.103711,63.101855],[-101.060547,63.060205],[-101.006689,63.052393],[-100.884082,63.007227],[-100.883691,62.95625],[-100.982324,62.910645],[-101.027734,62.896045],[-101.059033,62.857959],[-101.022656,62.802734],[-101.02793,62.761133],[-101.138232,62.713232],[-101.290381,62.666064],[-101.381543,62.682666],[-101.39248,62.720996],[-101.353711,62.766016],[-101.321729,62.828125],[-101.330029,62.89126],[-101.380518,62.928125],[-101.414355,62.910645],[-101.434131,62.844775],[-101.472559,62.790625],[-101.498975,62.739746],[-101.512109,62.674902],[-101.529395,62.664014],[-101.554297,62.683984],[-101.552979,62.722803],[-101.589648,62.776025],[-101.672754,62.796631],[-101.754687,62.800537],[-101.823096,62.880566],[-101.915674,62.87666],[-101.989209,62.886572],[-102.034668,62.924561],[-102.04834,63.004199],[-102.090967,63.065625],[-102.09707,63.076367],[-102.127393,63.088867],[-102.173682,63.121973],[-102.160156,63.164795],[-102.079297,63.19375],[-101.93457,63.221094],[-101.93457,63.221094],[-101.93457,63.221094],[-101.93457,63.221094]]]}},{"type":"Feature","properties":{"waterKind":"lake"},"geometry":{"type":"Polygon","coordinates":[[[-94.625635,64.158838],[-94.556299,64.149072],[-94.456348,64.139551],[-94.346191,64.135498],[-94.247021,64.123682],[-94.224512,64.076074],[-94.311621,64.012451],[-94.454687,63.996387],[-94.623877,64.031055],[-94.8604,64.065527],[-95.299365,64.07915],[-95.501758,64.058301],[-95.671436,64.056445],[-95.78418,64.05625],[-95.839014,64.084082],[-95.945557,64.126807],[-96.227441,64.192969],[-96.273389,64.301416],[-96.202588,64.324609],[-95.743896,64.301758],[-95.250586,64.273877],[-95.037158,64.23877],[-94.917187,64.225049],[-94.792969,64.21709],[-94.650146,64.196777],[-94.625635,64.158838],[-94.625635,64.158838],[-94.625635,64.158838],[-94.625635,64.158838]]]}},{"type":"Feature","properties":{"waterKind":"lake"},"geometry":{"type":"Polygon","coordinates":[[[-73.373242,44.147705],[-73.404932,44.053857],[-73.369336,43.875732],[-73.355713,43.780713],[-73.367627,43.756982],[-73.385596,43.810498],[-73.403223,43.865527],[-73.430273,44.00498],[-73.446973,44.031104],[-73.451221,44.083398],[-73.443945,44.192969],[-73.354053,44.281152],[-73.376855,44.392773],[-73.400342,44.430859],[-73.443799,44.637549],[-73.399854,44.774902],[-73.382861,44.936084],[-73.346777,45.018018],[-73.323926,45.02876],[-73.307959,44.955957],[-73.296387,44.914014],[-73.285059,44.912646],[-73.25542,44.94248],[-73.204004,45.02168],[-73.146826,45.072998],[-73.104004,45.077979],[-73.087842,45.046143],[-73.11084,45.009326],[-73.162744,44.985449],[-73.192676,44.956592],[-73.17251,44.919092],[-73.176221,44.873975],[-73.194434,44.707129],[-73.213721,44.586426],[-73.226904,44.563232],[-73.262549,44.541797],[-73.255615,44.506836],[-73.228516,44.493262],[-73.227637,44.444971],[-73.23584,44.432812],[-73.24834,44.43667],[-73.270557,44.396729],[-73.287793,44.319971],[-73.325928,44.233838],[-73.373242,44.147705],[-73.373242,44.147705],[-73.373242,44.147705],[-73.373242,44.147705]]]}},{"type":"Feature","properties":{"waterKind":"lake"},"geometry":{"type":"Polygon","coordinates":[[[-115.611621,33.274463],[-115.616064,33.222607],[-115.6979,33.138281],[-115.788867,33.146582],[-115.911328,33.302539],[-116.061719,33.432617],[-116.053467,33.5021],[-116.010449,33.521924],[-115.948437,33.519434],[-115.883936,33.45166],[-115.659961,33.320801],[-115.611621,33.274463],[-115.611621,33.274463],[-115.611621,33.274463],[-115.611621,33.274463]]]}},{"type":"Feature","properties":{"waterKind":"lake"},"geometry":{"type":"Polygon","coordinates":[[[-117.31875,63.20874],[-117.306201,63.185352],[-117.35957,63.14624],[-117.55415,63.113477],[-117.738477,63.113135],[-117.785254,63.132715],[-118.107324,63.223438],[-118.137207,63.249609],[-118.164111,63.261035],[-118.200977,63.282666],[-118.314795,63.290674],[-118.466602,63.30957],[-118.627441,63.336963],[-118.628271,63.375098],[-118.563965,63.427881],[-118.344287,63.512939],[-118.100195,63.570215],[-118.000537,63.544141],[-117.91499,63.466406],[-117.764014,63.404199],[-117.629639,63.383691],[-117.575195,63.371582],[-117.569727,63.358154],[-117.469922,63.304883],[-117.435254,63.297656],[-117.338818,63.224365],[-117.31875,63.20874],[-117.31875,63.20874],[-117.31875,63.20874],[-117.31875,63.20874]]]}},{"type":"Feature","properties":{"waterKind":"lake"},"geometry":{"type":"Polygon","coordinates":[[[-72.054639,48.453662],[-72.13335,48.468896],[-72.16543,48.481006],[-72.24209,48.574854],[-72.306152,48.619336],[-72.330518,48.668555],[-72.290527,48.733154],[-72.158057,48.755273],[-71.999609,48.723633],[-71.906982,48.681445],[-71.845703,48.659424],[-71.775635,48.609912],[-71.77373,48.560596],[-71.780566,48.518213],[-71.82251,48.475146],[-71.924414,48.44375],[-72.054639,48.453662],[-72.054639,48.453662],[-72.054639,48.453662]]]}},{"type":"Feature","properties":{"waterKind":"lake"},"geometry":{"type":"Polygon","coordinates":[[[-77.057568,42.644482],[-77.107373,42.520996],[-77.191016,42.425391],[-77.203027,42.437354],[-77.169922,42.511963],[-77.148145,42.568359],[-77.113379,42.568848],[-77.07749,42.648486],[-77.057568,42.644482],[-77.057568,42.644482],[-77.057568,42.644482]]]}},{"type":"Feature","properties":{"waterKind":"lake"},"geometry":{"type":"Polygon","coordinates":[[[-76.879199,42.416309],[-76.910156,42.459229],[-76.917578,42.591357],[-76.954004,42.730176],[-76.969922,42.877588],[-76.954004,42.869629],[-76.882031,42.682764],[-76.882715,42.536719],[-76.876465,42.444189],[-76.879199,42.416309],[-76.879199,42.416309],[-76.879199,42.416309]]]}},{"type":"Feature","properties":{"waterKind":"lake"},"geometry":{"type":"Polygon","coordinates":[[[-76.519727,42.501074],[-76.527686,42.48916],[-76.586328,42.547363],[-76.667139,42.602686],[-76.772754,42.777979],[-76.75083,42.925391],[-76.734863,42.943311],[-76.701025,42.757861],[-76.665137,42.668408],[-76.603125,42.593896],[-76.519727,42.501074],[-76.519727,42.501074],[-76.519727,42.501074]]]}},{"type":"Feature","properties":{"waterKind":"lake"},"geometry":{"type":"Polygon","coordinates":[[[-106.258154,57.696338],[-106.258154,57.696338],[-106.258154,57.696338],[-106.258154,57.696338],[-106.181494,57.680957],[-106.1104,57.654639],[-106.114355,57.595459],[-106.106445,57.559961],[-106.086963,57.535156],[-106.096533,57.506934],[-106.09541,57.4646],[-106.13999,57.413916],[-106.193262,57.398193],[-106.254395,57.374219],[-106.373779,57.368896],[-106.541455,57.32627],[-106.607617,57.337012],[-106.69834,57.327148],[-106.731885,57.341992],[-106.763623,57.355566],[-106.803564,57.355566],[-106.883838,57.320508],[-106.933008,57.286523],[-106.969824,57.253564],[-107.035498,57.228955],[-107.079248,57.224219],[-107.090576,57.235693],[-107.073047,57.325586],[-107.083057,57.360693],[-107.060303,57.385986],[-107.028174,57.426221],[-107.063818,57.457275],[-107.069141,57.475684],[-107.018066,57.476953],[-106.923535,57.462158],[-106.831348,57.489795],[-106.654932,57.597461],[-106.422119,57.64873],[-106.316309,57.705225],[-106.280127,57.712988],[-106.258154,57.696338]]]}},{"type":"Feature","properties":{"waterKind":"lake"},"geometry":{"type":"Polygon","coordinates":[[[-99.60625,62.958838],[-99.558008,63.003564],[-99.3479,63.172656],[-99.297656,63.187061],[-99.302832,63.15498],[-99.331982,63.099512],[-99.303564,63.047559],[-99.233545,63.024609],[-99.159424,62.990527],[-99.141992,62.92876],[-99.24043,62.872705],[-99.385889,62.816943],[-99.573096,62.807471],[-99.729541,62.819482],[-99.762158,62.847998],[-99.764307,62.872803],[-99.60625,62.958838],[-99.60625,62.958838],[-99.60625,62.958838]]]}},{"type":"Feature","properties":{"waterKind":"lake"},"geometry":{"type":"Polygon","coordinates":[[[-102.549072,60.322266],[-102.484766,60.314453],[-102.379053,60.367627],[-102.315332,60.423975],[-102.367139,60.442627],[-102.437061,60.500439],[-102.434326,60.584668],[-102.351758,60.633496],[-102.261133,60.648535],[-102.215186,60.615381],[-102.177148,60.561133],[-102.157764,60.512402],[-102.107959,60.456787],[-101.998096,60.375098],[-101.886377,60.23833],[-101.84873,60.111572],[-101.878223,60.037061],[-101.884668,59.982764],[-101.982812,60.009863],[-101.987793,59.965283],[-102.02334,59.929297],[-102.0854,60.018701],[-102.274609,60.210938],[-102.381738,60.250244],[-102.477393,60.236133],[-102.587549,60.245654],[-102.600391,60.308789],[-102.549072,60.322266],[-102.549072,60.322266],[-102.549072,60.322266]]]}},{"type":"Feature","properties":{"waterKind":"lake"},"geometry":{"type":"Polygon","coordinates":[[[-90.425049,30.274023],[-90.466602,30.197949],[-90.537451,30.179395],[-90.574023,30.196875],[-90.580029,30.234814],[-90.556885,30.28374],[-90.493115,30.348242],[-90.432715,30.326123],[-90.425049,30.274023],[-90.425049,30.274023],[-90.425049,30.274023]]]}},{"type":"Feature","properties":{"waterKind":"lake"},"geometry":{"type":"Polygon","coordinates":[[[-73.989746,56.025586],[-74.070312,55.974756],[-74.183887,55.957373],[-74.227686,55.946094],[-74.221338,55.935449],[-74.249316,55.938037],[-74.276416,55.951465],[-74.230615,55.984766],[-74.336182,56.024072],[-74.563721,56.06709],[-74.732422,56.091357],[-74.800391,56.137305],[-74.824805,56.213818],[-74.819141,56.273438],[-74.770996,56.308008],[-74.663818,56.336182],[-74.477441,56.317627],[-74.312207,56.262256],[-74.248437,56.160986],[-74.160742,56.143652],[-74.05415,56.137061],[-73.985449,56.096533],[-73.989746,56.025586],[-73.989746,56.025586],[-73.989746,56.025586]]]}},{"type":"Feature","properties":{"waterKind":"lake"},"geometry":{"type":"Polygon","coordinates":[[[-80.447217,46.282178],[-80.409131,46.289746],[-80.345996,46.285547],[-80.314062,46.263721],[-80.252783,46.249316],[-80.14668,46.25752],[-80.118018,46.27749],[-80.142725,46.301709],[-80.125488,46.323633],[-80.05332,46.345801],[-79.855908,46.339551],[-79.778955,46.3479],[-79.653418,46.358252],[-79.493994,46.310645],[-79.435547,46.235449],[-79.486523,46.184229],[-79.572607,46.165918],[-79.771826,46.212939],[-79.876367,46.192969],[-79.986475,46.160791],[-80.005859,46.165771],[-79.991211,46.198828],[-80.01499,46.232129],[-80.062598,46.244043],[-80.293359,46.225],[-80.447217,46.282178],[-80.447217,46.282178],[-80.447217,46.282178]]]}},{"type":"Feature","properties":{"waterKind":"lake"},"geometry":{"type":"Polygon","coordinates":[[[-76.546777,56.163916],[-76.524609,56.183545],[-76.504395,56.212598],[-76.417187,56.306152],[-76.397217,56.345264],[-76.420264,56.364844],[-76.425098,56.388721],[-76.391406,56.498828],[-76.36582,56.550195],[-76.341309,56.530664],[-76.329541,56.503516],[-76.305176,56.467529],[-76.245117,56.4229],[-76.233691,56.397021],[-76.275439,56.378662],[-76.204687,56.322021],[-76.116357,56.276514],[-76.024756,56.236621],[-75.939062,56.19082],[-75.9354,56.173779],[-75.953418,56.14541],[-76.146777,56.126807],[-76.446094,56.139307],[-76.546777,56.163916],[-76.546777,56.163916],[-76.546777,56.163916]]]}},{"type":"Feature","properties":{"waterKind":"lake"},"geometry":{"type":"Polygon","coordinates":[[[-76.088379,53.666211],[-76.100146,53.736963],[-76.036377,53.737012],[-75.930273,53.76582],[-75.902002,53.791064],[-75.912207,53.812744],[-75.849951,53.855078],[-75.5521,53.891943],[-75.292285,53.896533],[-75.268164,53.87793],[-75.24082,53.842627],[-75.183789,53.820459],[-74.799268,53.893408],[-74.733789,53.895654],[-74.724707,53.857178],[-74.819824,53.83833],[-74.889355,53.794141],[-75.048682,53.752588],[-75.194043,53.721289],[-75.269922,53.709131],[-75.265186,53.684033],[-75.161572,53.677002],[-74.94292,53.671777],[-74.770801,53.653857],[-74.593408,53.667432],[-74.593408,53.667432],[-74.593408,53.667432],[-74.593408,53.667432],[-74.593408,53.667432],[-74.593408,53.667432],[-74.456006,53.701367],[-74.43335,53.684521],[-74.460938,53.6625],[-74.678662,53.609033],[-74.807178,53.604932],[-74.935352,53.577881],[-75.026758,53.57627],[-74.998389,53.622266],[-75.033936,53.639258],[-75.119727,53.623145],[-75.237598,53.618652],[-75.477979,53.631445],[-75.633398,53.637695],[-75.657666,53.620068],[-75.613672,53.601514],[-75.601074,53.582031],[-75.632422,53.538379],[-75.716064,53.497412],[-75.934473,53.465283],[-76.10166,53.475342],[-76.124463,53.522607],[-76.064404,53.569092],[-76.02417,53.590625],[-75.94502,53.623877],[-75.906787,53.653125],[-75.94502,53.685742],[-76.017969,53.672314],[-76.088379,53.666211]]]}},{"type":"Feature","properties":{"waterKind":"lake"},"geometry":{"type":"Polygon","coordinates":[[[-76.100146,53.736963],[-76.088379,53.666211],[-76.360156,53.630127],[-76.384863,53.595752],[-76.514648,53.557471],[-76.838525,53.499219],[-76.911621,53.501367],[-77.186768,53.492822],[-77.223047,53.514551],[-77.289844,53.522949],[-77.396631,53.520801],[-77.487695,53.560498],[-77.492822,53.60708],[-77.464844,53.638135],[-77.511084,53.650928],[-77.620752,53.658984],[-77.68501,53.679199],[-77.61167,53.721582],[-77.419678,53.797803],[-77.340723,53.811377],[-77.287842,53.791113],[-77.015674,53.821045],[-76.901855,53.847168],[-76.765967,53.909717],[-76.731006,53.976514],[-76.845898,54.031055],[-76.887988,54.056641],[-76.86792,54.072363],[-76.840186,54.088037],[-76.659619,54.026318],[-76.618359,54.033008],[-76.602344,54.054785],[-76.560645,54.055713],[-76.509277,54.047852],[-76.471289,54.058789],[-76.471973,54.082422],[-76.533301,54.1146],[-76.572656,54.14043],[-76.557422,54.157178],[-76.453906,54.177686],[-76.368359,54.187988],[-76.328857,54.162109],[-76.263965,54.13584],[-76.202002,54.138721],[-76.190869,54.152832],[-76.150293,54.142578],[-76.105322,54.115967],[-76.139697,54.107666],[-76.183398,54.10332],[-76.255371,54.073486],[-76.304004,53.962744],[-76.349023,53.945898],[-76.376025,53.927197],[-76.43335,53.897559],[-76.487354,53.851465],[-76.595508,53.788281],[-76.702734,53.750146],[-76.749658,53.722949],[-76.696143,53.699414],[-76.55376,53.712158],[-76.142725,53.736914],[-76.100146,53.736963]]]}},{"type":"Feature","properties":{"waterKind":"lake"},"geometry":{"type":"Polygon","coordinates":[[[-156.548291,57.766064],[-156.604443,57.695752],[-156.77749,57.565967],[-156.78252,57.53291],[-156.768018,57.506641],[-156.796045,57.46377],[-156.834277,57.443408],[-156.926709,57.473047],[-157.019336,57.512402],[-157.043799,57.547852],[-157.006445,57.565674],[-156.95415,57.569385],[-156.892578,57.579639],[-156.841504,57.610547],[-156.83667,57.65332],[-156.716064,57.725488],[-156.683447,57.755225],[-156.589844,57.785059],[-156.548291,57.766064],[-156.548291,57.766064],[-156.548291,57.766064]]]}},{"type":"Feature","properties":{"waterKind":"lake"},"geometry":{"type":"Polygon","coordinates":[[[-71.508887,18.469971],[-71.536523,18.433984],[-71.606836,18.420996],[-71.793506,18.494434],[-71.776953,18.531201],[-71.68335,18.551074],[-71.583936,18.514062],[-71.508887,18.469971],[-71.508887,18.469971],[-71.508887,18.469971]]]}},{"type":"Feature","properties":{"waterKind":"lake"},"geometry":{"type":"Polygon","coordinates":[[[-159.665479,66.473535],[-159.662646,66.43291],[-159.801074,66.430225],[-159.945459,66.441748],[-159.991992,66.469287],[-160.134375,66.519531],[-160.115088,66.543604],[-159.922461,66.535059],[-159.728809,66.512061],[-159.665479,66.473535],[-159.665479,66.473535],[-159.665479,66.473535]]]}},{"type":"Feature","properties":{"waterKind":"lake"},"geometry":{"type":"Polygon","coordinates":[[[-115.062158,60.329395],[-115.147559,60.213672],[-115.157275,60.194678],[-115.218994,60.182715],[-115.28623,60.159766],[-115.295312,60.130615],[-115.294336,60.109033],[-115.477148,60.138037],[-115.605322,60.1729],[-115.744287,60.163184],[-115.879297,60.162988],[-115.896094,60.201367],[-115.804297,60.254199],[-115.650098,60.254248],[-115.531445,60.262109],[-115.349072,60.294922],[-115.221484,60.337012],[-115.109863,60.349854],[-115.062158,60.329395],[-115.062158,60.329395],[-115.062158,60.329395]]]}},{"type":"Feature","properties":{"waterKind":"lake"},"geometry":{"type":"Polygon","coordinates":[[[-76.637207,53.260107],[-76.647852,53.242188],[-76.665234,53.22085],[-76.691895,53.211523],[-76.684814,53.190088],[-76.687891,53.169727],[-76.784277,53.146777],[-76.843262,53.094971],[-76.838574,53.033984],[-76.798535,52.980859],[-76.854541,52.967529],[-76.899463,52.994775],[-76.937549,53.118799],[-76.904492,53.164648],[-76.880713,53.215918],[-76.889795,53.244043],[-76.891992,53.290869],[-76.8729,53.324121],[-76.891797,53.344873],[-76.843555,53.394238],[-76.719873,53.468848],[-76.70332,53.444238],[-76.70332,53.419434],[-76.66123,53.416846],[-76.613477,53.447266],[-76.563916,53.484863],[-76.514551,53.467529],[-76.49668,53.413965],[-76.522559,53.379492],[-76.637207,53.36084],[-76.671533,53.340088],[-76.676172,53.313916],[-76.656152,53.297998],[-76.607861,53.306152],[-76.589209,53.288867],[-76.637207,53.260107],[-76.637207,53.260107],[-76.637207,53.260107]]]}},{"type":"Feature","properties":{"waterKind":"lake"},"geometry":{"type":"Polygon","coordinates":[[[-105.959131,59.997607],[-106.01875,59.993604],[-106.073389,59.958984],[-106.08125,59.892187],[-106.055273,59.844922],[-106.103613,59.809473],[-106.166943,59.808252],[-106.19458,59.836182],[-106.205957,59.859521],[-106.23667,59.862305],[-106.259131,59.826562],[-106.278369,59.81333],[-106.338379,59.804688],[-106.375,59.830664],[-106.325781,59.934521],[-106.332373,60.02207],[-106.398047,60.043457],[-106.406934,60.063574],[-106.373926,60.087402],[-106.307568,60.100781],[-106.275537,60.086914],[-106.263379,60.060937],[-106.227979,60.035059],[-106.194629,60.021387],[-106.180225,60.034912],[-106.153027,60.096777],[-106.122314,60.143701],[-106.018945,60.192188],[-105.872559,60.228271],[-105.825977,60.213916],[-105.800781,60.203223],[-105.704395,60.183691],[-105.770068,60.130566],[-105.913867,60.117041],[-106.027832,60.111133],[-106.069043,60.083057],[-106.045947,60.049902],[-105.938818,60.059375],[-105.880078,60.038184],[-105.875439,60.00625],[-105.959131,59.997607],[-105.959131,59.997607],[-105.959131,59.997607]]]}},{"type":"Feature","properties":{"waterKind":"lake"},"geometry":{"type":"Polygon","coordinates":[[[-89.522314,52.882666],[-89.471045,52.897021],[-89.434082,52.917676],[-89.42207,52.948242],[-89.283203,53.005713],[-89.198975,52.988477],[-89.122852,52.965918],[-89.003711,52.985352],[-88.952002,52.987744],[-88.983008,52.940039],[-89.043799,52.870215],[-89.150977,52.853857],[-89.362305,52.866211],[-89.477832,52.868359],[-89.522314,52.882666],[-89.522314,52.882666],[-89.522314,52.882666]]]}},{"type":"Feature","properties":{"waterKind":"lake"},"geometry":{"type":"Polygon","coordinates":[[[-110.199023,44.3354],[-110.2354,44.322168],[-110.272852,44.318848],[-110.291602,44.336475],[-110.327979,44.356348],[-110.341211,44.382812],[-110.394434,44.391406],[-110.389697,44.424707],[-110.426074,44.446729],[-110.488525,44.436572],[-110.530811,44.413672],[-110.555078,44.446729],[-110.528613,44.470996],[-110.490283,44.473145],[-110.450342,44.479834],[-110.417578,44.503076],[-110.380908,44.555908],[-110.326855,44.566895],[-110.271777,44.54375],[-110.264062,44.446729],[-110.202295,44.390527],[-110.199023,44.3354],[-110.199023,44.3354],[-110.199023,44.3354]]]}},{"type":"Feature","properties":{"waterKind":"lake"},"geometry":{"type":"Polygon","coordinates":[[[-152.939844,70.568604],[-153.274756,70.518262],[-153.655518,70.479785],[-153.718994,70.494189],[-153.793506,70.487109],[-153.92583,70.512305],[-154.019434,70.543066],[-154.100586,70.598389],[-154.173975,70.63374],[-154.237061,70.63877],[-154.257178,70.660547],[-154.16123,70.677979],[-154.035449,70.684424],[-153.975488,70.679492],[-153.938184,70.697656],[-153.811523,70.724756],[-153.611426,70.736768],[-153.014453,70.603467],[-152.939844,70.568604],[-152.939844,70.568604],[-152.939844,70.568604]]]}},{"type":"Feature","properties":{"waterKind":"lake"},"geometry":{"type":"Polygon","coordinates":[[[-114.155615,47.932617],[-114.180176,48.022119],[-114.198584,48.039551],[-114.193115,48.069336],[-114.133594,48.091357],[-114.046484,48.015332],[-114.024365,47.934229],[-114.00459,47.784912],[-114.021143,47.75625],[-114.056396,47.711035],[-114.118115,47.717676],[-114.150098,47.714355],[-114.163281,47.739844],[-114.12583,47.783789],[-114.1479,47.812451],[-114.193115,47.825684],[-114.249609,47.836621],[-114.254004,47.857861],[-114.194189,47.890723],[-114.155615,47.932617],[-114.155615,47.932617],[-114.155615,47.932617]]]}},{"type":"Feature","properties":{"waterKind":"lake"},"geometry":{"type":"Polygon","coordinates":[[[-113.635693,35.830859],[-113.670361,35.842676],[-113.725977,35.921582],[-113.794531,36.009521],[-113.89458,36.079297],[-113.952344,36.129785],[-113.988574,36.164746],[-114.039014,36.163477],[-114.1104,36.032031],[-114.208447,36.005664],[-114.294043,36.029883],[-114.321143,36.076465],[-114.372705,36.100098],[-114.406299,36.090674],[-114.450879,36.079297],[-114.503857,36.106152],[-114.640381,36.106006],[-114.714209,36.02373],[-114.741357,36.013525],[-114.768555,36.019873],[-114.811914,36.074561],[-114.816162,36.121484],[-114.653369,36.154248],[-114.511963,36.193896],[-114.431543,36.237158],[-114.413037,36.34834],[-114.386816,36.482715],[-114.363672,36.514502],[-114.336426,36.519238],[-114.33457,36.443848],[-114.35874,36.334619],[-114.370312,36.209229],[-114.295117,36.1104],[-114.225879,36.049707],[-114.159326,36.076807],[-114.097217,36.151562],[-114.029883,36.244678],[-113.996338,36.243652],[-113.923877,36.176367],[-113.85791,36.115576],[-113.77749,36.048145],[-113.698828,35.957764],[-113.632861,35.859473],[-113.635693,35.830859],[-113.635693,35.830859],[-113.635693,35.830859]]]}},{"type":"Feature","properties":{"waterKind":"lake"},"geometry":{"type":"Polygon","coordinates":[[[-111.816699,58.560059],[-111.808545,58.517187],[-111.830908,58.483838],[-111.838281,58.46001],[-111.843408,58.425146],[-111.831445,58.393701],[-111.788916,58.331299],[-111.808887,58.302588],[-111.898291,58.305908],[-112.08042,58.346924],[-112.18877,58.412646],[-112.236816,58.459766],[-112.207861,58.498682],[-112.211084,58.549854],[-112.255078,58.576318],[-112.314893,58.562695],[-112.393213,58.577881],[-112.447266,58.617773],[-112.431299,58.682617],[-112.337305,58.777588],[-112.153516,58.824609],[-112.040918,58.818848],[-112.037061,58.786523],[-112.113135,58.777588],[-112.119043,58.736279],[-111.984668,58.713477],[-111.9021,58.725684],[-111.843799,58.721094],[-111.802002,58.696582],[-111.765625,58.684521],[-111.731348,58.68584],[-111.716699,58.659473],[-111.816699,58.560059],[-111.816699,58.560059],[-111.816699,58.560059]]]}},{"type":"Feature","properties":{"waterKind":"lake"},"geometry":{"type":"Polygon","coordinates":[[[-66,54.26390769999338],[-66.112354,54.346729],[-66.254199,54.425537],[-66.276367,54.47832],[-66.363818,54.541211],[-66.440088,54.562207],[-66.42876,54.508447],[-66.349316,54.423535],[-66.377197,54.375391],[-66.406201,54.33833],[-66.387305,54.262695],[-66.331348,54.17876],[-66.323535,54.154248],[-66.381836,54.163721],[-66.491455,54.27334],[-66.545752,54.363379],[-66.576758,54.423535],[-66.607715,54.487744],[-66.616455,54.520557],[-66.614551,54.581543],[-66.621143,54.623096],[-66.535059,54.628223],[-66.507861,54.653516],[-66.529297,54.769775],[-66.508838,54.802393],[-66.555469,54.883496],[-66.600342,54.922461],[-66.594775,54.949414],[-66.56748,54.958447],[-66.574121,54.990576],[-66.5979,55.028613],[-66.584082,55.049268],[-66.552637,55.053906],[-66.541211,55.073096],[-66.556055,55.101562],[-66.532422,55.100098],[-66.448926,55.052344],[-66.344873,54.978809],[-66.349121,54.951611],[-66.352246,54.937256],[-66.351465,54.91377],[-66.379785,54.904395],[-66.420312,54.901318],[-66.432031,54.892969],[-66.427539,54.880566],[-66.399316,54.852686],[-66.412158,54.837646],[-66.423242,54.83335],[-66.42915,54.813477],[-66.359668,54.714844],[-66.354248,54.687207],[-66.200146,54.576563],[-66.191016,54.525098],[-66.191016,54.476367],[-66.022656,54.346191],[-66,54.34135277061927],[-66,54.26390769999338]]]}},{"type":"Feature","properties":{"waterKind":"lake"},"geometry":{"type":"Polygon","coordinates":[[[-91.345312,50.968848],[-91.302148,51.035498],[-91.274365,51.068994],[-91.213867,51.066309],[-91.091064,51.037646],[-90.976221,51.011133],[-90.911328,51.037451],[-90.844336,51.07251],[-90.794629,51.094287],[-90.745312,51.12041],[-90.662695,51.176221],[-90.604102,51.214502],[-90.520166,51.191504],[-90.472412,51.169824],[-90.430811,51.139551],[-90.426904,51.119189],[-90.527783,51.068066],[-90.747021,51.014111],[-90.936523,50.954443],[-91.119824,50.945557],[-91.238184,50.93374],[-91.317969,50.918457],[-91.36709,50.930469],[-91.345312,50.968848],[-91.345312,50.968848],[-91.345312,50.968848]]]}},{"type":"Feature","properties":{"waterKind":"lake"},"geometry":{"type":"Polygon","coordinates":[[[-74.530957,48.46084],[-74.530957,48.46084],[-74.530957,48.46084],[-74.530957,48.46084],[-74.545312,48.438574],[-74.574512,48.425195],[-74.596094,48.418408],[-74.621387,48.420117],[-74.638477,48.413818],[-74.651416,48.399707],[-74.67666,48.363525],[-74.686035,48.35708],[-74.69165,48.381689],[-74.705664,48.419727],[-74.722168,48.433936],[-74.755518,48.448682],[-74.816406,48.512305],[-74.866553,48.559961],[-74.911133,48.574951],[-74.945459,48.575635],[-74.964258,48.556299],[-74.968555,48.51875],[-74.960303,48.498682],[-74.941992,48.487109],[-74.944971,48.453906],[-74.954053,48.379736],[-74.960303,48.364307],[-74.986279,48.364746],[-75.023438,48.359082],[-75.059326,48.346631],[-75.081738,48.340723],[-75.129785,48.2875],[-75.139502,48.288721],[-75.12998,48.329834],[-75.114502,48.413965],[-75.099219,48.478174],[-75.07334,48.495361],[-75.04248,48.513721],[-75.008008,48.56416],[-75.018164,48.612207],[-75.069971,48.596484],[-75.094531,48.576514],[-75.12876,48.555273],[-75.164844,48.526025],[-75.181982,48.479053],[-75.181006,48.438477],[-75.173877,48.414404],[-75.213477,48.405859],[-75.26875,48.408203],[-75.300439,48.424268],[-75.336035,48.436963],[-75.362598,48.429004],[-75.387109,48.443701],[-75.414453,48.437842],[-75.389355,48.483447],[-75.349756,48.531592],[-75.301562,48.579785],[-75.281836,48.597266],[-75.249707,48.598193],[-75.218896,48.592041],[-75.180762,48.601807],[-75.146436,48.636475],[-75.109326,48.674951],[-75.060986,48.706299],[-75.042187,48.71167],[-74.969531,48.693555],[-74.921387,48.709717],[-74.812061,48.757178],[-74.762451,48.773389],[-74.722656,48.784766],[-74.630078,48.801074],[-74.557861,48.802393],[-74.543066,48.778271],[-74.522363,48.756104],[-74.543701,48.70376],[-74.57998,48.6396],[-74.554785,48.608301],[-74.507227,48.593994],[-74.485205,48.580029],[-74.455762,48.581201],[-74.411719,48.588525],[-74.396582,48.579297],[-74.405664,48.547168],[-74.369678,48.485742],[-74.314307,48.44917],[-74.262891,48.438574],[-74.222754,48.426221],[-74.173779,48.398193],[-74.173779,48.398193],[-74.117578,48.388428],[-74.100195,48.372217],[-74.151074,48.360107],[-74.2375,48.346826],[-74.312061,48.376855],[-74.39541,48.440234],[-74.462549,48.470654],[-74.510254,48.479736],[-74.530957,48.46084]]]}},{"type":"Feature","properties":{"waterKind":"lake"},"geometry":{"type":"Polygon","coordinates":[[[-73.182129,55.098242],[-73.153613,55.112793],[-73.154102,55.125049],[-73.066992,55.14707],[-72.923242,55.179541],[-72.832227,55.190527],[-72.732129,55.200391],[-72.646631,55.213281],[-72.588818,55.216162],[-72.516943,55.221045],[-72.418408,55.240869],[-72.304785,55.27168],[-72.225391,55.281445],[-72.25,55.261816],[-72.281201,55.226318],[-72.285742,55.193066],[-72.289795,55.166406],[-72.357812,55.125781],[-72.472998,55.083154],[-72.628613,55.049121],[-72.705664,55.010205],[-72.789404,54.997803],[-72.918213,54.973877],[-73.045117,54.946387],[-73.109814,54.946777],[-73.149268,54.964453],[-73.213477,54.967871],[-73.312988,54.946973],[-73.412842,54.92124],[-73.555371,54.902832],[-73.604395,54.927441],[-73.511182,54.942041],[-73.427686,54.969531],[-73.409229,54.986523],[-73.43335,55.006396],[-73.485303,55.021924],[-73.513574,55.03418],[-73.511279,55.0479],[-73.491016,55.055615],[-73.433984,55.050977],[-73.364844,55.047852],[-73.271875,55.07002],[-73.205762,55.089111],[-73.182129,55.098242],[-73.182129,55.098242],[-73.182129,55.098242],[-73.182129,55.098242]]]}},{"type":"Feature","properties":{"waterKind":"lake"},"geometry":{"type":"Polygon","coordinates":[[[-77.262207,42.8146],[-77.309375,42.768311],[-77.354004,42.688916],[-77.363916,42.703809],[-77.360645,42.733545],[-77.33418,42.784814],[-77.291113,42.836475],[-77.270508,42.894775],[-77.244873,42.875781],[-77.262207,42.8146],[-77.262207,42.8146],[-77.262207,42.8146]]]}},{"type":"Feature","properties":{"waterKind":"lake"},"geometry":{"type":"Polygon","coordinates":[[[-76.479199,42.769971],[-76.527197,42.836084],[-76.548682,42.897266],[-76.536279,42.92207],[-76.469336,42.780713],[-76.468457,42.769141],[-76.479199,42.769971],[-76.479199,42.769971],[-76.479199,42.769971]]]}},{"type":"Feature","properties":{"waterKind":"lake"},"geometry":{"type":"Polygon","coordinates":[[[-76.272168,42.787207],[-76.361816,42.850146],[-76.427979,42.910498],[-76.425488,42.960107],[-76.372217,42.887305],[-76.293164,42.832764],[-76.272168,42.787207],[-76.272168,42.787207],[-76.272168,42.787207]]]}},{"type":"Feature","properties":{"waterKind":"lake"},"geometry":{"type":"Polygon","coordinates":[[[-163.467969,60.413574],[-163.529053,60.392725],[-163.556641,60.362061],[-163.576562,60.341943],[-163.556641,60.27002],[-163.629199,60.214062],[-163.77041,60.166797],[-163.774658,60.178027],[-163.795215,60.210791],[-163.784375,60.258594],[-163.774512,60.286084],[-163.793018,60.298242],[-163.835986,60.29668],[-163.937158,60.285498],[-164.041797,60.275098],[-164.053564,60.29458],[-164.017676,60.302441],[-163.90127,60.332861],[-163.849561,60.351318],[-163.881055,60.368994],[-163.938525,60.388965],[-163.893457,60.407666],[-163.866211,60.430273],[-163.852246,60.43335],[-163.796875,60.416309],[-163.733984,60.431152],[-163.720898,60.439307],[-163.660205,60.432617],[-163.499023,60.424854],[-163.467969,60.413574],[-163.467969,60.413574],[-163.467969,60.413574],[-163.467969,60.413574]]]}},{"type":"Feature","properties":{"waterKind":"lake"},"geometry":{"type":"Polygon","coordinates":[[[-111.288232,42.032812],[-111.307715,41.949121],[-111.326562,41.889209],[-111.34873,41.871436],[-111.3729,41.883154],[-111.394141,41.937402],[-111.407373,41.987598],[-111.402734,42.061621],[-111.393408,42.130811],[-111.344434,42.152393],[-111.312744,42.148096],[-111.285352,42.10918],[-111.282471,42.05874],[-111.288232,42.032812],[-111.288232,42.032812],[-111.288232,42.032812]]]}},{"type":"Feature","properties":{"waterKind":"lake"},"geometry":{"type":"Polygon","coordinates":[[[-111.741846,40.190283],[-111.826758,40.158008],[-111.848242,40.095166],[-111.867236,40.070361],[-111.891895,40.063672],[-111.894434,40.081396],[-111.890479,40.117041],[-111.899463,40.154199],[-111.914355,40.176221],[-111.852344,40.252295],[-111.860156,40.322607],[-111.881299,40.3771],[-111.792822,40.368848],[-111.763184,40.337354],[-111.732666,40.284521],[-111.700586,40.237744],[-111.680078,40.225391],[-111.689502,40.205957],[-111.741846,40.190283],[-111.741846,40.190283],[-111.741846,40.190283],[-111.741846,40.190283]]]}},{"type":"Feature","properties":{"waterKind":"lake"},"geometry":{"type":"Polygon","coordinates":[[[-126.414404,66.938086],[-126.399219,66.98291],[-126.356152,67.011182],[-126.290039,67.020557],[-126.217773,67.00957],[-126.158398,66.978613],[-126.128662,66.94082],[-126.149072,66.90874],[-126.183496,66.882617],[-126.190576,66.854639],[-126.177295,66.816943],[-126.189355,66.795605],[-126.235645,66.775439],[-126.274658,66.754297],[-126.314063,66.7604],[-126.368994,66.784277],[-126.408301,66.857178],[-126.414404,66.938086],[-126.414404,66.938086],[-126.414404,66.938086],[-126.414404,66.938086]]]}},{"type":"Feature","properties":{"waterKind":"lake"},"geometry":{"type":"Polygon","coordinates":[[[-94.245312,47.191455],[-94.260352,47.150049],[-94.301514,47.09668],[-94.346289,47.074707],[-94.394629,47.066992],[-94.433008,47.077002],[-94.460938,47.109229],[-94.519385,47.14292],[-94.565674,47.119727],[-94.569727,47.074756],[-94.578076,47.061816],[-94.58584,47.079395],[-94.604639,47.122949],[-94.620801,47.165674],[-94.61084,47.205957],[-94.589062,47.201807],[-94.502246,47.221387],[-94.436963,47.232178],[-94.379297,47.241113],[-94.296484,47.284619],[-94.281494,47.270166],[-94.296924,47.220898],[-94.308105,47.182812],[-94.27793,47.186182],[-94.245312,47.191455],[-94.245312,47.191455],[-94.245312,47.191455],[-94.245312,47.191455]]]}},{"type":"Feature","properties":{"waterKind":"lake"},"geometry":{"type":"Polygon","coordinates":[[[-90.291797,48.934961],[-90.287744,48.915625],[-90.313965,48.87832],[-90.339648,48.821484],[-90.375146,48.785937],[-90.440381,48.784668],[-90.458154,48.797949],[-90.524658,48.806104],[-90.600928,48.811377],[-90.634326,48.832764],[-90.631689,48.86709],[-90.650146,48.91665],[-90.684277,48.920361],[-90.688184,48.944141],[-90.66582,48.966895],[-90.626221,48.973828],[-90.591064,48.960254],[-90.561133,48.926172],[-90.546484,48.895166],[-90.47959,48.88457],[-90.400342,48.88584],[-90.360791,48.892529],[-90.324463,48.915771],[-90.291797,48.934961],[-90.291797,48.934961],[-90.291797,48.934961],[-90.291797,48.934961]]]}},{"type":"Feature","properties":{"waterKind":"lake"},"geometry":{"type":"Polygon","coordinates":[[[-75.694287,46.896631],[-75.687793,46.87207],[-75.698389,46.824854],[-75.731641,46.768115],[-75.751416,46.717627],[-75.794873,46.714941],[-75.864355,46.754932],[-75.943262,46.758643],[-76.01748,46.746729],[-76.033496,46.759473],[-76.009619,46.777734],[-75.971484,46.819092],[-75.958154,46.858984],[-75.95498,46.874854],[-75.890137,46.888672],[-75.830615,46.901611],[-75.778857,46.963721],[-75.736523,46.99707],[-75.727148,46.974072],[-75.694287,46.896631],[-75.694287,46.896631],[-75.694287,46.896631],[-75.694287,46.896631]]]}},{"type":"Feature","properties":{"waterKind":"lake"},"geometry":{"type":"Polygon","coordinates":[[[-121.255811,60.447559],[-121.35498,60.408301],[-121.407813,60.399658],[-121.428809,60.41416],[-121.456152,60.442773],[-121.496533,60.458594],[-121.585986,60.437891],[-121.566406,60.463525],[-121.484375,60.517432],[-121.389062,60.559912],[-121.315527,60.58833],[-121.300635,60.623242],[-121.313965,60.700488],[-121.336084,60.770605],[-121.275879,60.761865],[-121.17627,60.722363],[-121.108252,60.664551],[-121.091309,60.591553],[-121.148682,60.513428],[-121.255811,60.447559],[-121.255811,60.447559],[-121.255811,60.447559],[-121.255811,60.447559]]]}},{"type":"Feature","properties":{"waterKind":"lake"},"geometry":{"type":"Polygon","coordinates":[[[-66.106348,45.871338],[-66.150195,45.856104],[-66.189648,45.880762],[-66.130908,45.909814],[-66.077295,45.952881],[-66.047998,46.009912],[-66.026855,46.049658],[-66.001758,46.066211],[-66,46.06707923200151],[-66,45.93382923904427],[-66.041309,45.903613],[-66.106348,45.871338],[-66.106348,45.871338],[-66.106348,45.871338],[-66.106348,45.871338]]]}},{"type":"Feature","properties":{"waterKind":"lake"},"geometry":{"type":"Polygon","coordinates":[[[-120.32417,41.986914],[-120.349951,41.922656],[-120.378467,41.832227],[-120.395557,41.792432],[-120.442822,41.785254],[-120.46582,41.803125],[-120.483887,41.869238],[-120.489453,41.988086],[-120.475146,42.064795],[-120.449414,42.0875],[-120.410693,42.107324],[-120.374902,42.089697],[-120.343994,42.066455],[-120.323291,42.04043],[-120.32417,41.986914],[-120.32417,41.986914],[-120.32417,41.986914]]]}},{"type":"Feature","properties":{"waterKind":"lake"},"geometry":{"type":"Polygon","coordinates":[[[-119.432178,39.902734],[-119.433008,39.885937],[-119.446191,39.868066],[-119.486523,39.878125],[-119.54707,39.926562],[-119.63584,40.028271],[-119.696143,40.123486],[-119.683594,40.150391],[-119.641162,40.19082],[-119.577295,40.209277],[-119.533594,40.180713],[-119.515137,40.082031],[-119.482959,39.973779],[-119.454297,39.933496],[-119.432178,39.902734],[-119.432178,39.902734],[-119.432178,39.902734],[-119.432178,39.902734]]]}},{"type":"Feature","properties":{"waterKind":"lake"},"geometry":{"type":"Polygon","coordinates":[[[-119.603027,37.057422],[-119.598047,37.05083],[-119.603027,37.030957],[-119.641016,37.007812],[-119.693115,36.999561],[-119.671631,37.027637],[-119.622852,37.04585],[-119.603027,37.057422],[-119.603027,37.057422],[-119.603027,37.057422]]]}},{"type":"Feature","properties":{"waterKind":"lake"},"geometry":{"type":"Polygon","coordinates":[[[-119.874658,68.558496],[-119.848389,68.583398],[-119.806055,68.619043],[-119.809375,68.641553],[-119.825488,68.660986],[-119.786475,68.683936],[-119.743994,68.718994],[-119.719678,68.746191],[-119.690527,68.754736],[-119.665039,68.754004],[-119.662939,68.744238],[-119.625488,68.715039],[-119.612891,68.697607],[-119.572461,68.672021],[-119.525879,68.65835],[-119.485645,68.632617],[-119.469775,68.608252],[-119.486621,68.59502],[-119.551953,68.594189],[-119.594531,68.574463],[-119.620898,68.531689],[-119.649561,68.470996],[-119.641846,68.4396],[-119.590088,68.396338],[-119.511377,68.361475],[-119.525488,68.331738],[-119.645947,68.289014],[-119.733838,68.255371],[-119.816553,68.245654],[-119.847754,68.253711],[-119.844238,68.32124],[-119.833105,68.42124],[-119.835498,68.484277],[-119.859473,68.528564],[-119.874658,68.558496],[-119.874658,68.558496],[-119.874658,68.558496],[-119.874658,68.558496]]]}},{"type":"Feature","properties":{"waterKind":"lake"},"geometry":{"type":"Polygon","coordinates":[[[-70.080469,49.439893],[-70.1375,49.490771],[-70.139746,49.529541],[-70.137354,49.565234],[-70.157178,49.591699],[-70.195117,49.617432],[-70.241797,49.634912],[-70.282959,49.641016],[-70.324219,49.623779],[-70.350928,49.590332],[-70.335352,49.539648],[-70.329199,49.523096],[-70.353906,49.503857],[-70.405566,49.519092],[-70.431055,49.532031],[-70.449609,49.53667],[-70.46748,49.531543],[-70.486621,49.499268],[-70.50459,49.461035],[-70.508057,49.42666],[-70.515527,49.41084],[-70.538721,49.438818],[-70.571338,49.472705],[-70.638721,49.466162],[-70.676807,49.448486],[-70.700781,49.427393],[-70.736133,49.441699],[-70.756494,49.4875],[-70.788525,49.535937],[-70.815869,49.543457],[-70.834473,49.541748],[-70.854687,49.525244],[-70.892285,49.456641],[-70.940479,49.408154],[-70.963086,49.405957],[-70.920801,49.497168],[-70.859326,49.599219],[-70.834277,49.625439],[-70.825684,49.616162],[-70.791699,49.595947],[-70.744385,49.559863],[-70.715625,49.524805],[-70.667383,49.531152],[-70.585254,49.572266],[-70.514307,49.629834],[-70.471094,49.67207],[-70.442236,49.683545],[-70.410937,49.681738],[-70.340234,49.670215],[-70.30459,49.700537],[-70.307422,49.748145],[-70.35835,49.831934],[-70.376904,49.886963],[-70.339307,49.883594],[-70.317187,49.863574],[-70.289014,49.813232],[-70.259131,49.749707],[-70.235742,49.698535],[-70.205615,49.681934],[-70.171289,49.683984],[-70.135352,49.708252],[-70.099756,49.689795],[-70.072949,49.642725],[-70.016797,49.596729],[-69.950684,49.554883],[-69.898535,49.545117],[-69.844287,49.472217],[-69.786768,49.370361],[-69.783105,49.338623],[-69.824902,49.333154],[-69.855811,49.34248],[-69.866016,49.365625],[-69.888623,49.406689],[-69.903809,49.450684],[-69.902246,49.480908],[-69.917383,49.504102],[-69.946338,49.517627],[-69.982422,49.516895],[-70.029346,49.497754],[-70.063672,49.474805],[-70.069434,49.458789],[-70.080469,49.439893],[-70.080469,49.439893],[-70.080469,49.439893],[-70.080469,49.439893]]]}},{"type":"Feature","properties":{"waterKind":"lake"},"geometry":{"type":"Polygon","coordinates":[[[-126.357324,67.271289],[-126.419141,67.256055],[-126.494727,67.26333],[-126.514355,67.31958],[-126.536035,67.39751],[-126.547705,67.442236],[-126.583594,67.470801],[-126.599951,67.49541],[-126.612598,67.52207],[-126.691455,67.53457],[-126.762451,67.560205],[-126.73042,67.572998],[-126.613623,67.57832],[-126.493652,67.552246],[-126.398389,67.487646],[-126.297949,67.444189],[-126.230615,67.433789],[-126.205273,67.419482],[-126.198096,67.402832],[-126.208496,67.381982],[-126.208496,67.358008],[-126.191406,67.330176],[-126.206445,67.303711],[-126.357324,67.271289],[-126.357324,67.271289],[-126.357324,67.271289],[-126.357324,67.271289]]]}},{"type":"Feature","properties":{"waterKind":"lake"},"geometry":{"type":"Polygon","coordinates":[[[-125.75127,67.313086],[-125.729541,67.297217],[-125.755713,67.237646],[-125.792871,67.176807],[-125.828418,67.123779],[-125.918457,67.079297],[-126.061377,67.059326],[-126.165723,67.064893],[-126.221631,67.085156],[-126.223975,67.104443],[-126.195898,67.115088],[-126.184375,67.137549],[-126.191211,67.169434],[-126.21582,67.181836],[-126.241357,67.199121],[-126.235156,67.215234],[-126.032959,67.25415],[-125.793311,67.305469],[-125.75127,67.313086],[-125.75127,67.313086],[-125.75127,67.313086]]]}},{"type":"Feature","properties":{"waterKind":"lake"},"geometry":{"type":"Polygon","coordinates":[[[-118.666406,64.999463],[-118.682324,65.029883],[-118.681201,65.060742],[-118.677393,65.080518],[-118.697754,65.108984],[-118.766895,65.158496],[-118.831592,65.19165],[-118.825342,65.21748],[-118.732812,65.244629],[-118.659326,65.262207],[-118.552344,65.278857],[-118.444531,65.290723],[-118.423389,65.280811],[-118.395215,65.261182],[-118.3646,65.244971],[-118.303076,65.226758],[-118.2646,65.199121],[-118.246045,65.13623],[-118.279199,65.090332],[-118.281787,65.068555],[-118.275,65.043018],[-118.2479,65.014062],[-118.23667,64.985889],[-118.2479,64.955811],[-118.276123,64.929492],[-118.325,64.903174],[-118.319336,64.873096],[-118.239453,64.84541],[-118.155713,64.851807],[-118.148584,64.842969],[-118.145703,64.794629],[-118.17627,64.785693],[-118.332861,64.780518],[-118.488477,64.841406],[-118.578271,64.884326],[-118.63623,64.928418],[-118.664307,64.96958],[-118.666406,64.999463],[-118.666406,64.999463],[-118.666406,64.999463],[-118.666406,64.999463]]]}},{"type":"Feature","properties":{"waterKind":"lake"},"geometry":{"type":"Polygon","coordinates":[[[-90.357178,53.766064],[-90.343652,53.789014],[-90.321094,53.834912],[-90.289893,53.867969],[-90.251758,53.870068],[-90.226953,53.85625],[-90.20083,53.840625],[-90.171289,53.837891],[-90.144922,53.853906],[-90.100684,53.870801],[-90.04624,53.881201],[-90.001855,53.886328],[-89.927637,53.863232],[-89.861865,53.833545],[-89.846729,53.814893],[-89.729102,53.791309],[-89.608594,53.771533],[-89.67793,53.733057],[-89.813916,53.689941],[-89.938672,53.67876],[-90.033789,53.685205],[-90.103027,53.71665],[-90.166895,53.746631],[-90.274561,53.756543],[-90.357178,53.766064],[-90.357178,53.766064],[-90.357178,53.766064],[-90.357178,53.766064]]]}},{"type":"Feature","properties":{"waterKind":"lake"},"geometry":{"type":"Polygon","coordinates":[[[-93.164502,51.071191],[-93.181787,51.054932],[-93.199609,51.038574],[-93.2354,51.033496],[-93.31958,51.074609],[-93.429297,51.153613],[-93.481299,51.208154],[-93.480176,51.236572],[-93.455273,51.264014],[-93.405762,51.292041],[-93.37002,51.301514],[-93.343555,51.286133],[-93.283301,51.279492],[-93.215137,51.298926],[-93.174561,51.294727],[-93.141064,51.272949],[-93.123242,51.240771],[-93.101465,51.207324],[-93.071631,51.17334],[-93.073633,51.159033],[-93.137305,51.122803],[-93.164502,51.071191],[-93.164502,51.071191],[-93.164502,51.071191]]]}},{"type":"Feature","properties":{"waterKind":"lake"},"geometry":{"type":"Polygon","coordinates":[[[-94.236279,53.734424],[-94.35083,53.730127],[-94.445703,53.71958],[-94.517627,53.709619],[-94.552637,53.713184],[-94.681934,53.733447],[-94.855176,53.785693],[-94.93335,53.82666],[-94.948633,53.859277],[-94.937939,53.902393],[-94.93335,53.933105],[-94.889355,53.945508],[-94.851465,53.955957],[-94.822412,53.975488],[-94.75376,53.989014],[-94.634082,53.98623],[-94.601416,53.97168],[-94.620752,53.945312],[-94.685596,53.915283],[-94.689258,53.896924],[-94.654248,53.875977],[-94.590137,53.858447],[-94.476611,53.864111],[-94.345947,53.874365],[-94.229346,53.882568],[-94.130762,53.892139],[-94.047754,53.882227],[-94.002148,53.846631],[-94.013965,53.798486],[-94.102734,53.758789],[-94.179639,53.741699],[-94.236279,53.734424],[-94.236279,53.734424],[-94.236279,53.734424],[-94.236279,53.734424]]]}},{"type":"Feature","properties":{"waterKind":"lake"},"geometry":{"type":"Polygon","coordinates":[[[-70.509326,52.99585],[-70.509326,52.99585],[-70.509326,52.99585],[-70.509326,52.99585],[-70.48623,52.982861],[-70.437256,52.976416],[-70.397021,52.973877],[-70.44248,52.940625],[-70.476172,52.900732],[-70.483887,52.871826],[-70.463721,52.862598],[-70.467187,52.841406],[-70.474463,52.813281],[-70.467676,52.745801],[-70.443555,52.677197],[-70.421582,52.638574],[-70.433398,52.609912],[-70.487012,52.629883],[-70.521729,52.682471],[-70.519434,52.724561],[-70.521582,52.761279],[-70.521387,52.785352],[-70.538037,52.799658],[-70.577197,52.803027],[-70.591797,52.789404],[-70.602539,52.759082],[-70.640234,52.735791],[-70.656494,52.750879],[-70.702832,52.774609],[-70.762402,52.787402],[-70.779883,52.808887],[-70.776904,52.862549],[-70.783057,52.899316],[-70.816895,52.908594],[-70.84668,52.878467],[-70.899268,52.848145],[-70.940039,52.816846],[-70.964648,52.819043],[-70.981055,52.840869],[-70.982422,52.872363],[-70.952148,52.907129],[-70.923633,52.937695],[-70.899268,52.940479],[-70.838281,52.942822],[-70.768457,52.955908],[-70.749951,52.962695],[-70.741309,52.981445],[-70.748486,52.99585],[-70.771484,53.008398],[-70.828467,53.014502],[-70.83125,53.027637],[-70.833301,53.043115],[-70.820312,53.060254],[-70.749805,53.037988],[-70.691406,52.997803],[-70.651953,52.990088],[-70.59873,52.987842],[-70.548145,53.006641],[-70.526758,53.006641],[-70.509326,52.99585]]]}},{"type":"Feature","properties":{"waterKind":"lake"},"geometry":{"type":"Polygon","coordinates":[[[-104.396094,55.16001],[-104.454736,55.13833],[-104.507178,55.132617],[-104.590967,55.153711],[-104.636865,55.147949],[-104.689844,55.125928],[-104.735254,55.090381],[-104.790283,55.033643],[-104.822217,54.993945],[-104.900879,54.977148],[-105.026025,54.946777],[-105.128027,54.924951],[-105.193896,54.936133],[-105.236768,54.956641],[-105.244922,55.001855],[-105.247119,55.048389],[-105.257715,55.074023],[-105.233398,55.117285],[-105.217578,55.155957],[-105.224219,55.17915],[-105.22915,55.200244],[-105.236768,55.218555],[-105.205176,55.248438],[-105.138477,55.282568],[-105.081445,55.301953],[-105.060498,55.297852],[-104.954834,55.279541],[-104.833203,55.306299],[-104.808057,55.300586],[-104.797656,55.291943],[-104.755371,55.3021],[-104.714355,55.295508],[-104.674219,55.291162],[-104.620898,55.306836],[-104.590186,55.301953],[-104.57373,55.281445],[-104.519092,55.256592],[-104.418262,55.254199],[-104.400244,55.247363],[-104.368945,55.182422],[-104.396094,55.16001],[-104.396094,55.16001],[-104.396094,55.16001],[-104.396094,55.16001]]]}},{"type":"Feature","properties":{"waterKind":"lake"},"geometry":{"type":"Polygon","coordinates":[[[-93.534277,46.24873],[-93.521045,46.210303],[-93.513623,46.176611],[-93.539648,46.150146],[-93.599805,46.135596],[-93.667871,46.136816],[-93.725928,46.15791],[-93.775,46.200439],[-93.795459,46.255371],[-93.75835,46.307959],[-93.678809,46.34458],[-93.607227,46.360205],[-93.569434,46.356592],[-93.551758,46.341162],[-93.541553,46.300342],[-93.538086,46.268555],[-93.534277,46.24873],[-93.534277,46.24873],[-93.534277,46.24873],[-93.534277,46.24873]]]}},{"type":"Feature","properties":{"waterKind":"lake"},"geometry":{"type":"Polygon","coordinates":[[[-71.292578,43.634668],[-71.262012,43.609326],[-71.216357,43.586523],[-71.214111,43.568701],[-71.232471,43.539697],[-71.277295,43.532031],[-71.370508,43.59751],[-71.443457,43.627734],[-71.43584,43.655859],[-71.42998,43.678613],[-71.408936,43.694531],[-71.394482,43.71123],[-71.399268,43.724561],[-71.373828,43.722266],[-71.330664,43.699609],[-71.305566,43.666943],[-71.292578,43.634668],[-71.292578,43.634668],[-71.292578,43.634668],[-71.292578,43.634668]]]}},{"type":"Feature","properties":{"waterKind":"lake"},"geometry":{"type":"Polygon","coordinates":[[[-79.448242,44.309619],[-79.478955,44.269775],[-79.480078,44.235791],[-79.498877,44.226855],[-79.519385,44.274316],[-79.536865,44.352832],[-79.573682,44.393066],[-79.58418,44.405078],[-79.56748,44.431299],[-79.50293,44.462891],[-79.445312,44.51001],[-79.412891,44.562158],[-79.392627,44.602637],[-79.386719,44.640674],[-79.372705,44.698096],[-79.354395,44.689893],[-79.340869,44.636426],[-79.265088,44.562793],[-79.211035,44.535254],[-79.176709,44.491357],[-79.162695,44.449512],[-79.171777,44.418896],[-79.201562,44.384375],[-79.342432,44.342969],[-79.448242,44.309619],[-79.448242,44.309619],[-79.448242,44.309619]]]}},{"type":"Feature","properties":{"waterKind":"lake"},"geometry":{"type":"Polygon","coordinates":[[[-93.922705,54.834717],[-93.77749,54.80791],[-93.690332,54.792383],[-93.645459,54.787598],[-93.647363,54.779053],[-93.702393,54.75835],[-93.834961,54.75835],[-93.912012,54.74375],[-93.933691,54.709082],[-93.988965,54.670801],[-94.157422,54.635547],[-94.29126,54.617822],[-94.339648,54.606982],[-94.414355,54.585791],[-94.450049,54.541992],[-94.465332,54.521338],[-94.495215,54.501611],[-94.551367,54.47959],[-94.674756,54.439893],[-94.763379,54.41167],[-94.767139,54.426611],[-94.768066,54.45376],[-94.758154,54.476123],[-94.735498,54.499658],[-94.650098,54.540771],[-94.557812,54.623242],[-94.508057,54.668896],[-94.489062,54.723779],[-94.47627,54.785547],[-94.477002,54.800781],[-94.437207,54.80542],[-94.369141,54.818604],[-94.271875,54.842432],[-94.109863,54.849902],[-94.011963,54.846582],[-93.922705,54.834717],[-93.922705,54.834717],[-93.922705,54.834717],[-93.922705,54.834717]]]}},{"type":"Feature","properties":{"waterKind":"lake"},"geometry":{"type":"Polygon","coordinates":[[[-118.679785,43.290234],[-118.720605,43.290674],[-118.766064,43.258252],[-118.820947,43.240186],[-118.864111,43.263281],[-118.90332,43.303223],[-118.9354,43.353662],[-118.947607,43.393945],[-118.928711,43.414062],[-118.791113,43.425488],[-118.663965,43.405078],[-118.63335,43.344385],[-118.612451,43.298145],[-118.623145,43.281836],[-118.643115,43.280762],[-118.653516,43.283838],[-118.679785,43.290234],[-118.679785,43.290234],[-118.679785,43.290234],[-118.679785,43.290234]]]}},{"type":"Feature","properties":{"waterKind":"lake"},"geometry":{"type":"Polygon","coordinates":[[[-95.599512,55.614502],[-95.634668,55.576123],[-95.683105,55.520068],[-95.713965,55.476758],[-95.769092,55.441846],[-95.860596,55.42085],[-95.91792,55.418555],[-95.913135,55.435791],[-95.905811,55.461035],[-95.895605,55.486523],[-95.817285,55.526172],[-95.795166,55.568555],[-95.698535,55.596143],[-95.599512,55.614502],[-95.599512,55.614502],[-95.599512,55.614502],[-95.599512,55.614502]]]}},{"type":"Feature","properties":{"waterKind":"lake"},"geometry":{"type":"Polygon","coordinates":[[[-165.381885,65.205225],[-165.375781,65.193262],[-165.402832,65.170557],[-165.481738,65.134131],[-165.597021,65.09707],[-165.708447,65.080371],[-165.792285,65.09126],[-165.887695,65.137744],[-165.898486,65.165283],[-165.851855,65.182178],[-165.819824,65.190527],[-165.65459,65.188086],[-165.454639,65.196289],[-165.381885,65.205225],[-165.381885,65.205225],[-165.381885,65.205225],[-165.381885,65.205225]]]}},{"type":"Feature","properties":{"waterKind":"lake"},"geometry":{"type":"Polygon","coordinates":[[[-163.7979,61.144043],[-163.783398,61.129248],[-163.781445,61.106348],[-163.800781,61.075879],[-163.81582,61.055029],[-163.842432,61.055127],[-163.858252,61.077295],[-163.896582,61.114648],[-163.935937,61.145215],[-163.931104,61.169092],[-163.888721,61.195703],[-163.826221,61.217285],[-163.759717,61.219336],[-163.63252,61.226221],[-163.546973,61.231299],[-163.591309,61.210742],[-163.628223,61.197559],[-163.70874,61.173633],[-163.7979,61.144043],[-163.7979,61.144043],[-163.7979,61.144043],[-163.7979,61.144043]]]}},{"type":"Feature","properties":{"waterKind":"lake"},"geometry":{"type":"Polygon","coordinates":[[[-162.508105,60.794629],[-162.502344,60.772461],[-162.527393,60.762695],[-162.57251,60.759814],[-162.665967,60.776758],[-162.749805,60.801465],[-162.768408,60.81792],[-162.754785,60.832471],[-162.714014,60.842041],[-162.655176,60.842627],[-162.572559,60.825781],[-162.508105,60.794629],[-162.508105,60.794629],[-162.508105,60.794629],[-162.508105,60.794629]]]}},{"type":"Feature","properties":{"waterKind":"lake"},"geometry":{"type":"Polygon","coordinates":[[[-158.862549,59.201416],[-158.875098,59.16626],[-158.912744,59.163721],[-158.941064,59.180127],[-158.951416,59.208057],[-158.95874,59.24624],[-158.998193,59.29248],[-159.058398,59.336963],[-158.945361,59.314355],[-158.877588,59.251611],[-158.865039,59.221484],[-158.862549,59.201416],[-158.862549,59.201416],[-158.862549,59.201416]]]}},{"type":"Feature","properties":{"waterKind":"lake"},"geometry":{"type":"Polygon","coordinates":[[[-158.222705,59.942773],[-158.256543,59.934521],[-158.381299,59.94917],[-158.534961,59.961035],[-158.705371,59.934082],[-158.82627,59.910986],[-158.971387,59.896387],[-159.023584,59.895996],[-159.091846,59.899951],[-159.107568,59.913477],[-159.119678,59.933984],[-159.131787,59.950977],[-159.100098,59.952295],[-158.999951,59.947656],[-158.759277,59.980029],[-158.541846,60.015625],[-158.486279,60.012354],[-158.423242,59.983398],[-158.306738,59.97998],[-158.241748,59.962549],[-158.222705,59.942773],[-158.222705,59.942773],[-158.222705,59.942773],[-158.222705,59.942773]]]}},{"type":"Feature","properties":{"waterKind":"lake"},"geometry":{"type":"Polygon","coordinates":[[[-159.158594,60.195557],[-159.132471,60.220117],[-159.05752,60.241846],[-158.919043,60.27251],[-158.85332,60.283301],[-158.87417,60.263867],[-158.831299,60.24585],[-158.777637,60.22998],[-158.773975,60.216309],[-158.773975,60.20083],[-158.780762,60.189746],[-158.912744,60.201172],[-159.083203,60.211621],[-159.148535,60.19585],[-159.158594,60.195557],[-159.158594,60.195557],[-159.158594,60.195557],[-159.158594,60.195557]]]}},{"type":"Feature","properties":{"waterKind":"lake"},"geometry":{"type":"Polygon","coordinates":[[[-158.707861,59.564111],[-158.824902,59.542822],[-158.834912,59.517725],[-158.803564,59.491016],[-158.662646,59.465137],[-158.604834,59.44292],[-158.582324,59.424609],[-158.632764,59.4271],[-158.756885,59.437988],[-158.805371,59.444727],[-158.868701,59.481006],[-158.991748,59.515869],[-159.046289,59.547119],[-159.083301,59.594385],[-159.132617,59.651074],[-159.093506,59.653271],[-158.94458,59.58584],[-158.891602,59.590332],[-158.794043,59.603027],[-158.646631,59.595557],[-158.707861,59.564111],[-158.707861,59.564111],[-158.707861,59.564111],[-158.707861,59.564111]]]}},{"type":"Feature","properties":{"waterKind":"lake"},"geometry":{"type":"Polygon","coordinates":[[[-92.917822,48.432959],[-92.995264,48.450586],[-93.050488,48.479541],[-93.071143,48.504443],[-93.055762,48.512842],[-92.982422,48.490674],[-92.865039,48.461963],[-92.787598,48.454932],[-92.745264,48.476855],[-92.703711,48.504541],[-92.697607,48.517041],[-92.812988,48.540479],[-92.936377,48.564551],[-92.949951,48.576416],[-92.947852,48.586475],[-93.001025,48.593115],[-93.079492,48.590576],[-93.109082,48.580518],[-93.099854,48.564209],[-93.116992,48.553174],[-93.162354,48.557568],[-93.196484,48.578906],[-93.279248,48.606836],[-93.339307,48.6],[-93.381592,48.616162],[-93.370068,48.638428],[-93.370312,48.656885],[-93.400879,48.681494],[-93.40332,48.705273],[-93.377734,48.710254],[-93.352393,48.716895],[-93.364502,48.748047],[-93.416943,48.785205],[-93.496143,48.812988],[-93.578955,48.825879],[-93.612793,48.833594],[-93.583301,48.842676],[-93.491357,48.839062],[-93.433887,48.846338],[-93.438867,48.869287],[-93.449756,48.887305],[-93.462793,48.902832],[-93.408447,48.91499],[-93.345215,48.929004],[-93.322461,48.934424],[-93.293848,48.884766],[-93.261572,48.825098],[-93.226904,48.805225],[-93.202588,48.79082],[-93.201465,48.766797],[-93.199805,48.745654],[-93.229053,48.718066],[-93.264844,48.686377],[-93.260889,48.67373],[-93.24541,48.667041],[-93.2229,48.670264],[-93.171191,48.700732],[-93.123682,48.72832],[-93.135059,48.706152],[-93.149219,48.674756],[-93.118506,48.667969],[-93.014795,48.683203],[-92.979492,48.687598],[-92.948828,48.681299],[-92.896484,48.683008],[-92.793408,48.695312],[-92.779004,48.678027],[-92.853418,48.646094],[-92.869922,48.634766],[-92.868359,48.624512],[-92.866309,48.615234],[-92.807568,48.604395],[-92.731836,48.588428],[-92.685059,48.591113],[-92.654639,48.599658],[-92.64082,48.587402],[-92.603223,48.56499],[-92.585352,48.53374],[-92.58252,48.50957],[-92.569678,48.500195],[-92.599902,48.48457],[-92.56748,48.468018],[-92.490625,48.45625],[-92.469678,48.439746],[-92.448682,48.424121],[-92.43457,48.390674],[-92.441162,48.357227],[-92.455859,48.350684],[-92.478223,48.366064],[-92.519824,48.398633],[-92.600391,48.42417],[-92.763965,48.430322],[-92.917822,48.432959],[-92.917822,48.432959],[-92.917822,48.432959],[-92.917822,48.432959]]]}},{"type":"Feature","properties":{"waterKind":"lake"},"geometry":{"type":"Polygon","coordinates":[[[-122.501514,56.08374],[-122.60293,56.089551],[-122.700244,56.07666],[-122.818555,56.061182],[-122.924609,56.057666],[-123.011572,56.040283],[-123.139111,55.973633],[-123.428906,55.985205],[-123.715576,56.014941],[-123.781689,55.995215],[-123.789502,55.94209],[-123.773584,55.886816],[-123.759717,55.862695],[-123.741943,55.854248],[-123.71499,55.847852],[-123.6875,55.802441],[-123.657178,55.75166],[-123.614062,55.727734],[-123.536377,55.677539],[-123.448682,55.622949],[-123.387061,55.572217],[-123.303467,55.489502],[-123.232422,55.425342],[-123.177246,55.402246],[-123.169141,55.392627],[-123.168994,55.358447],[-123.172656,55.329785],[-123.169434,55.290527],[-123.159375,55.234521],[-123.147314,55.190967],[-123.144043,55.176221],[-123.171924,55.19873],[-123.237158,55.299512],[-123.325293,55.433984],[-123.414746,55.534033],[-123.505957,55.613135],[-123.638184,55.683789],[-123.809229,55.793652],[-123.88335,55.813184],[-123.921191,55.828516],[-123.995605,55.893164],[-124.028223,55.906348],[-124.039941,55.912695],[-124.048828,55.922314],[-124.042578,55.942871],[-124.026611,55.97168],[-124.03291,56.000488],[-124.100049,56.013916],[-124.209717,56.013721],[-124.384961,56.063574],[-124.507617,56.114453],[-124.481543,56.115332],[-124.353955,56.081055],[-124.214551,56.052832],[-124.165771,56.067334],[-124.15752,56.087061],[-124.238086,56.146191],[-124.34541,56.20957],[-124.480908,56.361475],[-124.834424,56.712646],[-124.835645,56.756934],[-124.759082,56.741602],[-124.660547,56.657568],[-124.562012,56.566357],[-124.459033,56.471436],[-124.397266,56.400781],[-124.375049,56.368359],[-124.359033,56.34541],[-124.311816,56.309766],[-124.248926,56.263232],[-124.193555,56.23999],[-124.141553,56.236572],[-124.073486,56.254785],[-124.052783,56.222607],[-124.072656,56.153564],[-124.038281,56.099902],[-123.969531,56.060596],[-123.788232,56.072168],[-123.605664,56.060547],[-123.457861,56.048975],[-123.237598,56.028711],[-123.117822,56.047607],[-123.091162,56.075684],[-122.970996,56.115625],[-122.831885,56.130127],[-122.756543,56.138818],[-122.637744,56.159082],[-122.565967,56.158008],[-122.42251,56.127783],[-122.263916,56.083789],[-122.223291,56.057666],[-122.221729,56.02124],[-122.292871,56.0229],[-122.34502,56.028711],[-122.434863,56.054785],[-122.501514,56.08374],[-122.501514,56.08374],[-122.501514,56.08374]]]}},{"type":"Feature","properties":{"waterKind":"lake"},"geometry":{"type":"Polygon","coordinates":[[[-96.049414,56.135742],[-96.080713,56.118066],[-96.088184,56.099854],[-96.072607,56.084912],[-96.086328,56.079102],[-96.172705,56.085107],[-96.244629,56.092188],[-96.357812,56.093896],[-96.451709,56.086572],[-96.552686,56.062793],[-96.571875,56.086182],[-96.504053,56.150293],[-96.371289,56.165283],[-96.278516,56.176953],[-96.20542,56.219971],[-96.053857,56.272852],[-95.905957,56.302295],[-95.842041,56.290771],[-95.865186,56.264795],[-95.932715,56.245752],[-96.035986,56.221924],[-96.105469,56.203027],[-96.075244,56.181689],[-96.043506,56.156299],[-96.049414,56.135742],[-96.049414,56.135742],[-96.049414,56.135742],[-96.049414,56.135742]]]}},{"type":"Feature","properties":{"waterKind":"lake"},"geometry":{"type":"Polygon","coordinates":[[[-106.217187,47.585449],[-106.25127,47.55],[-106.268555,47.548145],[-106.251562,47.599609],[-106.251318,47.643994],[-106.285352,47.697363],[-106.31792,47.755078],[-106.335889,47.784863],[-106.360205,47.813135],[-106.384375,47.8479],[-106.419824,47.87583],[-106.453955,47.879199],[-106.480078,47.858252],[-106.520508,47.827832],[-106.550195,47.78501],[-106.555811,47.749512],[-106.599316,47.752539],[-106.683496,47.738525],[-106.767676,47.724268],[-106.81333,47.715527],[-106.837793,47.693555],[-106.849658,47.649414],[-106.8625,47.631299],[-106.878955,47.648779],[-106.905664,47.671826],[-106.944043,47.666748],[-106.992676,47.643896],[-107.01543,47.644873],[-107.02959,47.665674],[-107.182617,47.684521],[-107.306152,47.684961],[-107.332715,47.684619],[-107.385791,47.653564],[-107.428857,47.634619],[-107.507178,47.624268],[-107.612207,47.623389],[-107.718945,47.563135],[-107.846143,47.467773],[-107.911377,47.39043],[-107.923779,47.407031],[-107.909131,47.471094],[-107.916113,47.508887],[-107.929883,47.54248],[-107.948828,47.557959],[-107.982422,47.569189],[-108.044385,47.580371],[-108.170068,47.583789],[-108.196338,47.601611],[-108.172656,47.613086],[-108.045215,47.613965],[-107.959375,47.601416],[-107.930957,47.587646],[-107.889404,47.537695],[-107.841211,47.526123],[-107.778809,47.569531],[-107.712109,47.613184],[-107.68501,47.646191],[-107.687891,47.671387],[-107.713818,47.687598],[-107.60459,47.676074],[-107.455078,47.662402],[-107.421826,47.67998],[-107.380176,47.715771],[-107.335791,47.727979],[-107.294531,47.721533],[-107.230859,47.724121],[-107.120654,47.725],[-106.989795,47.716357],[-106.929541,47.725],[-106.938232,47.746338],[-106.933105,47.763867],[-106.880518,47.777881],[-106.820996,47.783105],[-106.769238,47.788281],[-106.737646,47.805566],[-106.708789,47.82207],[-106.654785,47.840869],[-106.596191,47.859521],[-106.582227,47.878809],[-106.56582,47.907471],[-106.574463,47.936328],[-106.589941,47.958154],[-106.537891,47.982861],[-106.432812,48.027148],[-106.405811,48.020752],[-106.366406,48.014697],[-106.325244,47.985059],[-106.331201,47.949561],[-106.35791,47.925244],[-106.344727,47.878809],[-106.284912,47.837305],[-106.25332,47.814746],[-106.267285,47.793457],[-106.25293,47.769336],[-106.240967,47.738965],[-106.231885,47.691016],[-106.216699,47.628369],[-106.217187,47.585449],[-106.217187,47.585449],[-106.217187,47.585449],[-106.217187,47.585449]]]}},{"type":"Feature","properties":{"waterKind":"lake"},"geometry":{"type":"Polygon","coordinates":[[[-102.146924,47.567725],[-102.236914,47.589014],[-102.333252,47.586182],[-102.409375,47.564355],[-102.429395,47.562305],[-102.419824,47.589941],[-102.360645,47.625049],[-102.299219,47.656934],[-102.307568,47.705469],[-102.335938,47.756885],[-102.424512,47.763965],[-102.560937,47.785205],[-102.615869,47.818896],[-102.653125,47.916309],[-102.622266,47.955762],[-102.613916,47.991992],[-102.656689,48.035303],[-102.761279,48.084082],[-102.901318,48.12002],[-103.058838,48.125391],[-103.186426,48.09707],[-103.237793,48.063379],[-103.33877,48.029736],[-103.459277,48.015576],[-103.520166,48.02749],[-103.551318,48.072461],[-103.58252,48.09668],[-103.664795,48.063379],[-103.749854,48.017334],[-103.772314,48.027295],[-103.758691,48.074023],[-103.721484,48.102393],[-103.666357,48.141895],[-103.575049,48.153076],[-103.524316,48.107715],[-103.482324,48.081104],[-103.450439,48.066943],[-103.352686,48.075586],[-103.21123,48.144873],[-103.117725,48.170801],[-103.02959,48.180225],[-102.916309,48.170898],[-102.790234,48.144775],[-102.674707,48.105273],[-102.598437,48.052979],[-102.557422,47.967725],[-102.578662,47.911035],[-102.576904,47.866699],[-102.575098,47.843701],[-102.527295,47.822412],[-102.461719,47.813574],[-102.408447,47.805615],[-102.384473,47.81958],[-102.4,47.876855],[-102.415332,47.938281],[-102.374658,47.95249],[-102.311377,47.964404],[-102.27334,47.978369],[-102.258301,47.977686],[-102.265381,47.961279],[-102.279102,47.938184],[-102.287305,47.925342],[-102.294482,47.911816],[-102.276025,47.855664],[-102.252637,47.792773],[-102.239795,47.766064],[-102.18667,47.747559],[-102.169482,47.729346],[-102.211963,47.677246],[-102.160498,47.623975],[-102.093164,47.604492],[-102.020557,47.58501],[-101.883643,47.561328],[-101.717578,47.567285],[-101.625439,47.579687],[-101.600781,47.585938],[-101.588574,47.598535],[-101.452783,47.607812],[-101.27627,47.627832],[-101.20293,47.644824],[-101.162744,47.63374],[-101.140479,47.606396],[-101.184082,47.584766],[-101.247314,47.566895],[-101.32832,47.532764],[-101.399658,47.506201],[-101.5896,47.514648],[-101.679248,47.498096],[-101.771875,47.487646],[-101.882568,47.467334],[-101.917285,47.463867],[-101.951367,47.488135],[-102.032227,47.529297],[-102.095654,47.552539],[-102.146924,47.567725],[-102.146924,47.567725],[-102.146924,47.567725],[-102.146924,47.567725]]]}},{"type":"Feature","properties":{"waterKind":"lake"},"geometry":{"type":"Polygon","coordinates":[[[-132.09541,59.607129],[-132.124756,59.603809],[-132.159131,59.625537],[-132.213477,59.688281],[-132.316113,59.834912],[-132.39917,59.921777],[-132.610107,60.05],[-132.834229,60.134961],[-132.957861,60.200684],[-133.011963,60.250928],[-133.187256,60.381787],[-133.244824,60.448535],[-133.137842,60.427393],[-132.979834,60.297363],[-132.797803,60.192285],[-132.701807,60.153418],[-132.589307,60.122559],[-132.521729,60.098242],[-132.460986,60.054541],[-132.363623,59.985889],[-132.323193,59.95083],[-132.276563,59.901514],[-132.22998,59.84873],[-132.225293,59.838037],[-132.214453,59.815576],[-132.202344,59.769873],[-132.123242,59.693994],[-132.088867,59.64375],[-132.09541,59.607129],[-132.09541,59.607129],[-132.09541,59.607129]]]}},{"type":"Feature","properties":{"waterKind":"lake"},"geometry":{"type":"Polygon","coordinates":[[[-117.907129,49.341602],[-117.956787,49.335742],[-118.062646,49.411816],[-118.095947,49.450488],[-118.139453,49.521289],[-118.155664,49.601367],[-118.137598,49.703076],[-118.12793,49.75166],[-118.09248,49.801514],[-118.084131,49.773975],[-118.10874,49.583154],[-118.0875,49.515088],[-118.047803,49.456689],[-117.97583,49.406006],[-117.911328,49.374609],[-117.907129,49.341602],[-117.907129,49.341602],[-117.907129,49.341602]]]}},{"type":"Feature","properties":{"waterKind":"lake"},"geometry":{"type":"Polygon","coordinates":[[[-116.2146,48.159912],[-116.305615,48.138525],[-116.409766,48.106982],[-116.440918,48.075049],[-116.445996,48.025732],[-116.456006,47.984131],[-116.488916,47.969531],[-116.529102,47.964209],[-116.553271,47.970703],[-116.540869,47.994531],[-116.522461,48.043799],[-116.497998,48.114746],[-116.45752,48.168213],[-116.407959,48.190625],[-116.374121,48.208252],[-116.380762,48.22876],[-116.400439,48.247266],[-116.431104,48.253906],[-116.468945,48.263281],[-116.525391,48.242188],[-116.569482,48.249756],[-116.530078,48.284229],[-116.499365,48.301465],[-116.433301,48.301855],[-116.361865,48.283691],[-116.30249,48.236084],[-116.234863,48.183105],[-116.2146,48.159912],[-116.2146,48.159912],[-116.2146,48.159912],[-116.2146,48.159912]]]}},{"type":"Feature","properties":{"waterKind":"lake"},"geometry":{"type":"Polygon","coordinates":[[[-120.010645,47.851611],[-120.049609,47.856885],[-120.118408,47.880469],[-120.172168,47.913965],[-120.204785,47.961816],[-120.333398,48.040137],[-120.530371,48.162402],[-120.625049,48.256934],[-120.628271,48.279395],[-120.534717,48.203711],[-120.320312,48.064307],[-120.162793,47.958301],[-120.068848,47.883887],[-120.010645,47.851611],[-120.010645,47.851611],[-120.010645,47.851611],[-120.010645,47.851611]]]}},{"type":"Feature","properties":{"waterKind":"lake"},"geometry":{"type":"Polygon","coordinates":[[[-105.394238,59.127588],[-105.55376,59.098584],[-105.660449,59.054688],[-105.73291,58.980322],[-105.784814,58.922021],[-105.835303,58.918799],[-105.867969,58.939307],[-105.854834,58.977979],[-105.806055,59.031055],[-105.549805,59.150293],[-105.215137,59.296094],[-105.119482,59.285693],[-105.0125,59.262549],[-104.948096,59.236768],[-104.975,59.200439],[-105.012354,59.173193],[-105.216016,59.14585],[-105.302637,59.138184],[-105.394238,59.127588],[-105.394238,59.127588],[-105.394238,59.127588],[-105.394238,59.127588]]]}},{"type":"Feature","properties":{"waterKind":"lake"},"geometry":{"type":"Polygon","coordinates":[[[-146.473047,62.33208],[-146.47793,62.312256],[-146.515283,62.281836],[-146.564258,62.292969],[-146.653076,62.361523],[-146.703906,62.41084],[-146.703223,62.44458],[-146.689795,62.477295],[-146.684082,62.504492],[-146.660791,62.507861],[-146.647852,62.48374],[-146.63374,62.459619],[-146.609961,62.413965],[-146.540186,62.363086],[-146.473047,62.33208],[-146.473047,62.33208],[-146.473047,62.33208],[-146.473047,62.33208]]]}},{"type":"Feature","properties":{"waterKind":"lake"},"geometry":{"type":"Polygon","coordinates":[[[-94.970215,48.032031],[-94.870752,48.004004],[-94.783203,47.969629],[-94.777148,47.936279],[-94.791846,47.909668],[-94.896924,47.89209],[-95.11084,47.889258],[-95.248193,47.907324],[-95.270898,47.942383],[-95.251318,47.988867],[-95.187109,48.033398],[-95.086426,48.065137],[-95.010791,48.059717],[-94.970215,48.032031],[-94.970215,48.032031],[-94.970215,48.032031],[-94.970215,48.032031]]]}},{"type":"Feature","properties":{"waterKind":"lake"},"geometry":{"type":"Polygon","coordinates":[[[-95.02041,48.124756],[-94.974756,48.151562],[-94.839893,48.184082],[-94.690234,48.20332],[-94.612109,48.199072],[-94.561035,48.178174],[-94.558203,48.140576],[-94.600244,48.106445],[-94.662842,48.083008],[-94.749707,48.066357],[-94.893896,48.064307],[-95.008057,48.072461],[-95.030713,48.094287],[-95.02041,48.124756],[-95.02041,48.124756],[-95.02041,48.124756],[-95.02041,48.124756]]]}},{"type":"Feature","properties":{"waterKind":"lake"},"geometry":{"type":"Polygon","coordinates":[[[-97.968701,62.548486],[-97.994873,62.565625],[-98.051172,62.606787],[-98.131641,62.663818],[-98.205762,62.689697],[-98.227002,62.670068],[-98.314697,62.618213],[-98.349658,62.615625],[-98.347607,62.665381],[-98.356396,62.707617],[-98.387305,62.73042],[-98.41875,62.762158],[-98.446973,62.804053],[-98.458301,62.828516],[-98.432422,62.828125],[-98.408691,62.815723],[-98.355811,62.811279],[-98.262793,62.81167],[-98.207471,62.809814],[-98.202393,62.829053],[-98.193555,62.850635],[-98.145166,62.854785],[-98.098682,62.842139],[-98.054883,62.849365],[-97.982861,62.864404],[-97.874463,62.866748],[-97.76416,62.864014],[-97.71377,62.890527],[-97.67998,62.947168],[-97.630176,62.979297],[-97.616943,62.96709],[-97.617871,62.924121],[-97.637988,62.890625],[-97.662256,62.863965],[-97.64707,62.828027],[-97.634766,62.781055],[-97.630664,62.71626],[-97.612695,62.662646],[-97.56084,62.637891],[-97.518066,62.603271],[-97.508594,62.568115],[-97.474951,62.533594],[-97.427197,62.502441],[-97.384375,62.485352],[-97.360156,62.484375],[-97.358057,62.495654],[-97.360254,62.506592],[-97.34873,62.508008],[-97.326123,62.501172],[-97.308643,62.48501],[-97.318262,62.46123],[-97.377148,62.432324],[-97.444922,62.421533],[-97.527881,62.453467],[-97.625781,62.491748],[-97.70249,62.506982],[-97.779639,62.508691],[-97.842432,62.500049],[-97.875635,62.488086],[-97.88916,62.469922],[-97.913281,62.458887],[-97.964795,62.474219],[-98.022656,62.504248],[-98.048145,62.527002],[-98.016064,62.537109],[-97.968701,62.548486],[-97.968701,62.548486],[-97.968701,62.548486],[-97.968701,62.548486]]]}},{"type":"Feature","properties":{"waterKind":"lake"},"geometry":{"type":"Polygon","coordinates":[[[-70.647363,64.686182],[-70.636914,64.710742],[-70.694434,64.738916],[-70.804102,64.773779],[-70.91709,64.792432],[-70.999463,64.786621],[-71.052393,64.767773],[-71.09668,64.706738],[-71.224512,64.643115],[-71.372949,64.635547],[-71.446484,64.62627],[-71.499023,64.60918],[-71.562891,64.612646],[-71.657031,64.632275],[-71.797119,64.680811],[-71.898926,64.728223],[-71.918555,64.75127],[-71.898096,64.777734],[-71.927734,64.805957],[-71.981689,64.834961],[-72.001123,64.866699],[-72.01875,64.888867],[-72.035547,64.900098],[-72.053223,64.910303],[-72.039453,64.924854],[-71.994678,64.941797],[-71.956152,64.94751],[-71.959473,64.930908],[-71.962646,64.912793],[-71.937549,64.907373],[-71.850781,64.918066],[-71.818506,64.90957],[-71.872314,64.873389],[-71.873145,64.84375],[-71.817969,64.823975],[-71.747656,64.819434],[-71.708447,64.828906],[-71.724707,64.844922],[-71.750195,64.860596],[-71.583691,64.884033],[-71.511719,64.905566],[-71.504004,64.920947],[-71.534277,64.94668],[-71.638477,64.984912],[-71.624219,65.016455],[-71.583154,65.040088],[-71.554639,65.051123],[-71.545996,65.081592],[-71.570312,65.128955],[-71.64248,65.189209],[-71.690674,65.242041],[-71.67627,65.277734],[-71.665332,65.308105],[-71.71748,65.35332],[-71.764941,65.396777],[-71.737109,65.407715],[-71.645068,65.366748],[-71.542334,65.310498],[-71.482715,65.289307],[-71.428955,65.286426],[-71.356934,65.28042],[-71.299707,65.26626],[-71.283008,65.251367],[-71.270361,65.233594],[-71.231494,65.210889],[-71.093457,65.162695],[-70.93667,65.124463],[-70.909229,65.110596],[-70.874805,65.10083],[-70.771094,65.070166],[-70.694531,65.023975],[-70.666797,64.984619],[-70.648096,64.959033],[-70.635547,64.933594],[-70.633398,64.907617],[-70.531836,64.832275],[-70.41377,64.744287],[-70.384082,64.717187],[-70.377832,64.707471],[-70.429004,64.686035],[-70.480322,64.664111],[-70.476758,64.654541],[-70.47251,64.639795],[-70.46709,64.621436],[-70.418652,64.605078],[-70.38501,64.589746],[-70.416309,64.581445],[-70.508594,64.600293],[-70.627295,64.618555],[-70.720508,64.621924],[-70.729004,64.63916],[-70.681738,64.660791],[-70.668506,64.670996],[-70.647363,64.686182],[-70.647363,64.686182],[-70.647363,64.686182],[-70.647363,64.686182]]]}},{"type":"Feature","properties":{"waterKind":"lake"},"geometry":{"type":"Polygon","coordinates":[[[-100.918213,29.502295],[-100.920117,29.495068],[-100.935889,29.485889],[-100.977686,29.480078],[-101.038623,29.460303],[-101.099756,29.45835],[-101.150635,29.466797],[-101.189795,29.491748],[-101.232959,29.502539],[-101.272021,29.4979],[-101.286621,29.505957],[-101.275244,29.526074],[-101.260742,29.562451],[-101.268604,29.578125],[-101.280371,29.584668],[-101.301953,29.583984],[-101.311572,29.602637],[-101.310059,29.622021],[-101.305273,29.634473],[-101.275146,29.647559],[-101.213574,29.603027],[-101.180811,29.579443],[-101.141553,29.558496],[-101.10752,29.528369],[-101.072119,29.510059],[-101.034814,29.525879],[-101.004443,29.548047],[-100.992578,29.535156],[-100.976514,29.557227],[-100.950684,29.6104],[-100.943848,29.605664],[-100.955908,29.564893],[-100.951318,29.529004],[-100.932666,29.507178],[-100.918213,29.502295],[-100.918213,29.502295],[-100.918213,29.502295],[-100.918213,29.502295]]]}},{"type":"Feature","properties":{"waterKind":"lake"},"geometry":{"type":"Polygon","coordinates":[[[-76.478955,47.138428],[-76.478955,47.138428],[-76.478955,47.138428],[-76.478955,47.138428],[-76.478955,47.138428],[-76.435205,47.122217],[-76.394092,47.121777],[-76.358936,47.119238],[-76.326855,47.102295],[-76.331445,47.083154],[-76.362988,47.067822],[-76.392529,47.055957],[-76.442676,47.063867],[-76.504639,47.091943],[-76.535303,47.109131],[-76.552637,47.120996],[-76.581836,47.17832],[-76.602734,47.241406],[-76.624707,47.268896],[-76.650732,47.278369],[-76.668018,47.266211],[-76.654297,47.222266],[-76.638574,47.184912],[-76.668848,47.199854],[-76.707227,47.242139],[-76.7146,47.310889],[-76.741406,47.35459],[-76.781396,47.357373],[-76.788672,47.385059],[-76.777637,47.416211],[-76.767383,47.449414],[-76.779053,47.476367],[-76.822754,47.497705],[-76.819336,47.517383],[-76.747949,47.558252],[-76.658154,47.610645],[-76.5625,47.667432],[-76.522314,47.69082],[-76.516162,47.673047],[-76.594629,47.623926],[-76.699023,47.570361],[-76.721631,47.539648],[-76.714844,47.52417],[-76.655518,47.551709],[-76.605176,47.572217],[-76.618311,47.542871],[-76.633398,47.510205],[-76.556445,47.497705],[-76.458984,47.475537],[-76.407764,47.446045],[-76.422461,47.400195],[-76.474951,47.331396],[-76.48877,47.283594],[-76.493994,47.250244],[-76.501514,47.221875],[-76.516797,47.20083],[-76.511523,47.170508],[-76.478955,47.138428]]]}},{"type":"Feature","properties":{"waterKind":"lake"},"geometry":{"type":"Polygon","coordinates":[[[-102.710596,20.193701],[-102.700293,20.181641],[-102.712646,20.161816],[-102.744385,20.139014],[-102.785742,20.123877],[-102.851709,20.138965],[-102.93418,20.168311],[-103.007812,20.183496],[-103.089258,20.180615],[-103.17041,20.178906],[-103.255469,20.199561],[-103.340381,20.231348],[-103.372119,20.260156],[-103.271777,20.280615],[-103.105176,20.30752],[-103.002051,20.328564],[-102.893848,20.318555],[-102.769629,20.198389],[-102.743555,20.197852],[-102.710596,20.193701],[-102.710596,20.193701],[-102.710596,20.193701],[-102.710596,20.193701]]]}},{"type":"Feature","properties":{"waterKind":"lake"},"geometry":{"type":"Polygon","coordinates":[[[-97.95918,50.357227],[-98.01582,50.30415],[-98.07207,50.274121],[-98.150586,50.240332],[-98.242188,50.213916],[-98.330078,50.201758],[-98.401855,50.203516],[-98.45459,50.210986],[-98.519287,50.242041],[-98.551465,50.287109],[-98.548584,50.421289],[-98.568115,50.488428],[-98.607959,50.567578],[-98.715967,50.737402],[-98.814746,50.864014],[-98.853223,50.945508],[-98.940869,51.007617],[-98.990918,51.07627],[-99.006494,51.113916],[-99.008203,51.139502],[-98.988281,51.152295],[-98.940967,51.11543],[-98.881201,51.036865],[-98.867236,51.02793],[-98.847217,51.039111],[-98.829443,51.071924],[-98.836084,51.099756],[-98.856396,51.109131],[-98.896875,51.188135],[-98.952881,51.202051],[-98.978809,51.2229],[-99.026025,51.267187],[-99.077246,51.339404],[-99.137549,51.503076],[-99.162549,51.543457],[-99.257568,51.562598],[-99.319531,51.616992],[-99.369775,51.635352],[-99.425537,51.627051],[-99.526611,51.54624],[-99.541553,51.578125],[-99.538086,51.6604],[-99.549072,51.699268],[-99.545361,51.713721],[-99.491016,51.757617],[-99.442969,51.777344],[-99.390039,51.781152],[-99.337744,51.758838],[-99.291504,51.715625],[-99.238916,51.646338],[-99.217334,51.636182],[-99.180615,51.652734],[-99.165918,51.675391],[-99.177295,51.762451],[-99.16626,51.77666],[-99.105371,51.736133],[-99.063965,51.686426],[-98.998975,51.510596],[-98.956055,51.432617],[-98.918213,51.395264],[-98.906982,51.403906],[-98.90127,51.428027],[-98.910547,51.512744],[-98.97168,51.675488],[-98.929199,51.702197],[-98.89375,51.708936],[-98.864844,51.707471],[-98.832764,51.684326],[-98.7896,51.638672],[-98.75752,51.587793],[-98.752197,51.552148],[-98.779395,51.465674],[-98.777539,51.410059],[-98.753857,51.362793],[-98.704883,51.325928],[-98.591455,51.269043],[-98.571826,51.243262],[-98.582959,51.218066],[-98.632959,51.165039],[-98.669092,51.103711],[-98.718213,51.087842],[-98.723633,51.05918],[-98.753857,51.01626],[-98.760498,50.994971],[-98.740381,50.934668],[-98.720215,50.91167],[-98.500195,50.859961],[-98.410107,50.82334],[-98.243848,50.718994],[-98.173535,50.6604],[-98.071436,50.551562],[-97.971191,50.470068],[-97.950781,50.419922],[-97.95918,50.357227],[-97.95918,50.357227],[-97.95918,50.357227]]]}},{"type":"Feature","properties":{"waterKind":"lake"},"geometry":{"type":"Polygon","coordinates":[[[-99.674121,51.613135],[-99.774805,51.589551],[-99.857568,51.643066],[-99.935107,51.71748],[-99.950439,51.762939],[-99.898779,51.840869],[-99.953418,51.999316],[-99.984131,52.040332],[-99.999756,52.044385],[-100.00542,52.015723],[-99.984375,51.812305],[-99.998682,51.744092],[-100.010986,51.730762],[-100.025439,51.727295],[-100.04917,51.755518],[-100.113428,51.890723],[-100.159229,52.115918],[-100.165039,52.254248],[-100.155713,52.305713],[-100.136279,52.35127],[-100.026758,52.463867],[-99.992334,52.566504],[-100.045264,52.648535],[-100.062402,52.762793],[-100.095654,52.795508],[-100.24126,52.864844],[-100.268311,52.871729],[-100.291699,52.858984],[-100.325684,52.833154],[-100.342871,52.807031],[-100.325732,52.793652],[-100.278662,52.781787],[-100.242188,52.639844],[-100.260791,52.621191],[-100.275146,52.623291],[-100.300732,52.65083],[-100.339209,52.671631],[-100.358252,52.712988],[-100.417529,52.772949],[-100.439502,52.924365],[-100.453174,52.953027],[-100.522607,52.96748],[-100.563916,52.99624],[-100.599512,52.998047],[-100.66543,52.980176],[-100.666797,52.959375],[-100.621143,52.885986],[-100.677979,52.778418],[-100.74624,52.75166],[-100.823437,52.752979],[-100.839355,52.766797],[-100.825391,52.798535],[-100.833105,52.812549],[-100.9146,52.814404],[-100.941016,52.844531],[-100.992529,52.880371],[-100.983984,52.930762],[-100.993945,52.986719],[-101.006787,53.008301],[-101.101758,53.080811],[-101.090723,53.100146],[-101.050586,53.123535],[-100.963721,53.147314],[-100.895166,53.098486],[-100.819922,53.090576],[-100.725537,53.097803],[-100.643994,53.115137],[-100.589697,53.138184],[-100.543457,53.170459],[-100.51499,53.171143],[-100.334619,53.10708],[-100.105225,53.054248],[-99.843506,52.974609],[-99.790479,52.94541],[-99.756787,52.913428],[-99.699219,52.915137],[-99.684863,52.910303],[-99.678076,52.899805],[-99.704932,52.811914],[-99.661865,52.609814],[-99.660986,52.538525],[-99.675488,52.472949],[-99.713379,52.407373],[-99.838916,52.243018],[-99.826904,52.151514],[-99.808936,52.09458],[-99.749268,52.027734],[-99.744434,52.004687],[-99.744385,51.9729],[-99.755566,51.938574],[-99.797559,51.875781],[-99.802734,51.830176],[-99.781201,51.761084],[-99.746045,51.752148],[-99.665918,51.853662],[-99.646924,51.84248],[-99.642432,51.720117],[-99.62002,51.650977],[-99.624121,51.628516],[-99.644531,51.616602],[-99.674121,51.613135],[-99.674121,51.613135],[-99.674121,51.613135]]]}},{"type":"Feature","properties":{"waterKind":"lake"},"geometry":{"type":"Polygon","coordinates":[[[-68.255127,51.398535],[-68.255127,51.398535],[-68.255127,51.398535],[-68.255127,51.398535],[-68.216504,51.345068],[-68.204443,51.305811],[-68.222754,51.265039],[-68.313281,51.191992],[-68.352295,51.148975],[-68.447168,51.120215],[-68.528662,51.074609],[-68.642187,50.990723],[-68.739795,50.715967],[-68.744141,50.77627],[-68.735059,50.841797],[-68.742773,50.921582],[-68.782178,51.003857],[-68.868115,51.093896],[-68.995166,51.180371],[-69.148438,51.274316],[-69.175635,51.32373],[-69.160547,51.390869],[-69.133594,51.518311],[-69.154785,51.580127],[-69.249805,51.682227],[-69.232471,51.699512],[-69.201855,51.684424],[-69.138281,51.656299],[-69.117871,51.660547],[-69.099023,51.708838],[-69.091553,51.813281],[-69.062988,51.838037],[-69.042676,51.675488],[-69.010449,51.633301],[-68.978711,51.630664],[-68.934814,51.648389],[-68.855957,51.720605],[-68.80752,51.683008],[-68.767773,51.68374],[-68.699609,51.691406],[-68.635986,51.709814],[-68.596094,51.756445],[-68.534961,51.755225],[-68.500684,51.810791],[-68.456885,51.882812],[-68.436768,51.873975],[-68.42876,51.858838],[-68.443066,51.817773],[-68.483398,51.702002],[-68.461133,51.672363],[-68.31875,51.641748],[-68.251758,51.685938],[-68.206494,51.706934],[-68.196582,51.692139],[-68.268994,51.615137],[-68.267334,51.572363],[-68.290918,51.536621],[-68.285742,51.507129],[-68.25127,51.465479],[-68.255127,51.398535]],[[-68.53833,51.392871],[-68.53833,51.392871],[-68.53833,51.392871],[-68.53833,51.392871],[-68.580029,51.456787],[-68.562354,51.48042],[-68.539404,51.473242],[-68.472949,51.401562],[-68.436328,51.376318],[-68.391357,51.367627],[-68.407324,51.441797],[-68.396484,51.503271],[-68.404541,51.531885],[-68.486475,51.591064],[-68.605469,51.630566],[-68.721484,51.632227],[-68.782861,51.620166],[-68.844141,51.600049],[-68.959375,51.535547],[-69.054492,51.47207],[-69.101465,51.410254],[-69.091553,51.368262],[-69.062744,51.332129],[-69.046338,51.302295],[-69.014648,51.27959],[-68.924414,51.241504],[-68.864697,51.198096],[-68.757568,51.164844],[-68.683105,51.15625],[-68.59624,51.167822],[-68.537109,51.199854],[-68.46792,51.213672],[-68.427197,51.232178],[-68.399512,51.256494],[-68.403418,51.284961],[-68.491992,51.348633],[-68.53833,51.392871]]]}},{"type":"Feature","properties":{"waterKind":"lake"},"geometry":{"type":"Polygon","coordinates":[[[-108.561182,56.509668],[-108.634277,56.487744],[-108.691992,56.489697],[-108.71499,56.521338],[-108.721436,56.610547],[-108.735596,56.667725],[-108.786572,56.690088],[-108.858984,56.708789],[-108.870068,56.747656],[-108.837354,56.784033],[-108.764648,56.813086],[-108.702783,56.791504],[-108.634473,56.714893],[-108.570801,56.696289],[-108.52959,56.703662],[-108.494531,56.692627],[-108.424707,56.629053],[-108.411523,56.464404],[-108.324023,56.440576],[-108.218359,56.435352],[-108.133984,56.426172],[-108.074365,56.382275],[-108.110645,56.307861],[-108.189404,56.271045],[-108.190527,56.253467],[-108.174219,56.23374],[-108.179346,56.142969],[-108.122168,56.062793],[-108.135449,56.037842],[-108.178223,56.014941],[-108.219238,55.965527],[-108.246582,55.914941],[-108.299658,55.85791],[-108.486377,55.764502],[-108.57207,55.69751],[-108.604785,55.648438],[-108.59751,55.584863],[-108.626562,55.552148],[-108.664746,55.568506],[-108.686523,55.628467],[-108.677734,55.694775],[-108.688135,55.749219],[-108.716309,55.841602],[-108.759131,55.903223],[-108.918018,55.933105],[-109.033594,55.930078],[-109.100195,55.980811],[-109.157861,56.068018],[-109.137109,56.108105],[-109.086426,56.12207],[-108.874756,56.079541],[-108.671484,55.97876],[-108.617773,55.887256],[-108.599512,55.848242],[-108.519629,55.878857],[-108.466992,55.93584],[-108.466846,56.03291],[-108.432715,56.10415],[-108.351953,56.155957],[-108.272803,56.190625],[-108.268457,56.244385],[-108.314551,56.290332],[-108.344531,56.283545],[-108.376367,56.28501],[-108.488721,56.328906],[-108.539355,56.366162],[-108.534473,56.42832],[-108.530273,56.47876],[-108.561182,56.509668],[-108.561182,56.509668],[-108.561182,56.509668],[-108.561182,56.509668]]]}},{"type":"Feature","properties":{"waterKind":"lake"},"geometry":{"type":"Polygon","coordinates":[[[-105.041553,21.801172],[-105.041943,21.795801],[-105.06333,21.808643],[-105.041553,21.801172],[-105.041553,21.801172],[-105.041553,21.801172]]]}},{"type":"Feature","properties":{"waterKind":"lake"},"geometry":{"type":"Polygon","coordinates":[[[-113.635693,35.830859],[-113.670361,35.842676],[-113.725977,35.921582],[-113.794531,36.009521],[-113.89458,36.079297],[-113.952344,36.129785],[-113.988574,36.164746],[-114.039014,36.163477],[-114.1104,36.032031],[-114.208447,36.005664],[-114.294043,36.029883],[-114.321143,36.076465],[-114.372705,36.100098],[-114.406299,36.090674],[-114.450879,36.079297],[-114.503857,36.106152],[-114.640381,36.106006],[-114.714209,36.02373],[-114.741357,36.013525],[-114.768555,36.019873],[-114.811914,36.074561],[-114.816162,36.121484],[-114.653369,36.154248],[-114.511963,36.193896],[-114.431543,36.237158],[-114.413037,36.34834],[-114.386816,36.482715],[-114.363672,36.514502],[-114.336426,36.519238],[-114.33457,36.443848],[-114.35874,36.334619],[-114.370312,36.209229],[-114.295117,36.1104],[-114.225879,36.049707],[-114.159326,36.076807],[-114.097217,36.151562],[-114.029883,36.244678],[-113.996338,36.243652],[-113.923877,36.176367],[-113.85791,36.115576],[-113.77749,36.048145],[-113.698828,35.957764],[-113.632861,35.859473],[-113.635693,35.830859],[-113.635693,35.830859],[-113.635693,35.830859]]]}},{"type":"Feature","properties":{"waterKind":"lake"},"geometry":{"type":"Polygon","coordinates":[[[-110.367578,37.8979],[-110.366406,37.871143],[-110.405859,37.810156],[-110.433398,37.711084],[-110.560937,37.582373],[-110.673486,37.450195],[-110.696631,37.392969],[-110.775732,37.310254],[-110.835645,37.224609],[-110.792236,37.193164],[-110.649854,37.208301],[-110.676221,37.175049],[-110.791797,37.169971],[-110.995557,37.114307],[-111.112109,37.07627],[-111.188525,37.0229],[-111.306982,37.015723],[-111.381836,36.976953],[-111.455469,36.918506],[-111.473438,36.932129],[-111.530078,37.029248],[-111.438574,37.058984],[-111.385596,37.05459],[-111.339209,37.062207],[-111.304102,37.09917],[-111.255859,37.146289],[-111.21084,37.11875],[-111.183105,37.135742],[-111.16333,37.164941],[-111.072607,37.138525],[-110.962598,37.150781],[-110.887109,37.263574],[-110.858447,37.334717],[-110.798877,37.351953],[-110.73623,37.430664],[-110.75542,37.525732],[-110.733496,37.535156],[-110.681445,37.530859],[-110.596191,37.592285],[-110.554883,37.630859],[-110.515332,37.672559],[-110.447119,37.768604],[-110.435205,37.871387],[-110.40376,37.90625],[-110.367578,37.8979],[-110.367578,37.8979],[-110.367578,37.8979]]]}},{"type":"Feature","properties":{"waterKind":"lake"},"geometry":{"type":"Polygon","coordinates":[[[-98.29458,57.493213],[-98.29458,57.493213],[-98.29458,57.493213],[-98.29458,57.493213],[-98.201123,57.405469],[-98.097852,57.391602],[-98.024316,57.398682],[-97.994922,57.387158],[-98.027637,57.362354],[-98.108691,57.31709],[-98.189697,57.215283],[-98.225781,57.136133],[-98.250195,57.111914],[-98.391797,57.094189],[-98.561182,57.060791],[-98.685205,56.978516],[-98.778906,56.887012],[-98.85459,56.84082],[-98.939209,56.840771],[-99.0021,56.862451],[-99.067969,56.846143],[-99.218213,56.735693],[-99.341504,56.733496],[-99.47041,56.733008],[-99.552734,56.71084],[-99.544043,56.68335],[-99.548535,56.653906],[-99.570898,56.641357],[-99.642676,56.680957],[-99.686084,56.73042],[-99.66333,56.753369],[-99.546045,56.775879],[-99.407227,56.902686],[-99.37832,56.959766],[-99.328516,56.987646],[-99.225781,56.951367],[-99.155469,56.955762],[-99.124463,57.004639],[-99.068896,57.04917],[-99.014551,57.084717],[-99.010547,57.050293],[-99.036768,56.974512],[-99.006396,56.926904],[-98.904639,56.924805],[-98.873291,56.946094],[-98.880029,57.003906],[-98.857373,57.059717],[-98.774707,57.072559],[-98.695264,57.117236],[-98.661475,57.18042],[-98.650977,57.218896],[-98.668115,57.261768],[-98.632129,57.275732],[-98.541846,57.274902],[-98.50835,57.299316],[-98.517676,57.350488],[-98.536572,57.456396],[-98.593213,57.528809],[-98.595947,57.585352],[-98.555908,57.611035],[-98.5396,57.596045],[-98.544287,57.566309],[-98.527686,57.543018],[-98.47168,57.548828],[-98.397363,57.589062],[-98.293457,57.637842],[-98.205957,57.653516],[-98.20752,57.624902],[-98.224023,57.580176],[-98.271094,57.530127],[-98.29458,57.493213]]]}},{"type":"Feature","properties":{"waterKind":"lake"},"geometry":{"type":"Polygon","coordinates":[[[-80.180225,48.812109],[-80.153223,48.834668],[-80.123389,48.877002],[-80.105469,48.912744],[-80.055225,48.919287],[-79.952051,48.934717],[-79.889062,48.924219],[-79.864746,48.890283],[-79.836328,48.874707],[-79.835742,48.852881],[-79.857275,48.806689],[-79.85459,48.7646],[-79.832422,48.729785],[-79.769629,48.716895],[-79.700781,48.723047],[-79.653906,48.738574],[-79.617236,48.770068],[-79.576416,48.797168],[-79.498926,48.760889],[-79.412598,48.714648],[-79.323584,48.704736],[-79.25918,48.689551],[-79.248047,48.665479],[-79.256543,48.598828],[-79.242871,48.544189],[-79.232666,48.503174],[-79.22627,48.472217],[-79.246875,48.456104],[-79.282861,48.448975],[-79.313232,48.45249],[-79.310889,48.474805],[-79.312158,48.49751],[-79.311328,48.531836],[-79.294971,48.577637],[-79.297217,48.608301],[-79.319336,48.631104],[-79.372949,48.644727],[-79.438672,48.648242],[-79.477686,48.641748],[-79.483447,48.62959],[-79.485449,48.618262],[-79.510547,48.612939],[-79.602148,48.620459],[-79.700586,48.641016],[-79.753271,48.643701],[-79.80415,48.631982],[-79.867285,48.633447],[-79.916113,48.658643],[-79.972021,48.698584],[-79.980908,48.71665],[-80.000049,48.734326],[-80.017383,48.74834],[-80.060352,48.783105],[-80.091309,48.774609],[-80.148291,48.789502],[-80.180225,48.812109],[-80.180225,48.812109],[-80.180225,48.812109],[-80.180225,48.812109]]]}},{"type":"Feature","properties":{"waterKind":"lake"},"geometry":{"type":"Polygon","coordinates":[[[-106.217187,47.585449],[-106.25127,47.55],[-106.268555,47.548145],[-106.251562,47.599609],[-106.251318,47.643994],[-106.285352,47.697363],[-106.31792,47.755078],[-106.335889,47.784863],[-106.360205,47.813135],[-106.384375,47.8479],[-106.419824,47.87583],[-106.453955,47.879199],[-106.480078,47.858252],[-106.520508,47.827832],[-106.550195,47.78501],[-106.555811,47.749512],[-106.599316,47.752539],[-106.683496,47.738525],[-106.767676,47.724268],[-106.81333,47.715527],[-106.837793,47.693555],[-106.849658,47.649414],[-106.8625,47.631299],[-106.878955,47.648779],[-106.905664,47.671826],[-106.944043,47.666748],[-106.992676,47.643896],[-107.01543,47.644873],[-107.02959,47.665674],[-107.182617,47.684521],[-107.306152,47.684961],[-107.332715,47.684619],[-107.385791,47.653564],[-107.428857,47.634619],[-107.507178,47.624268],[-107.612207,47.623389],[-107.718945,47.563135],[-107.846143,47.467773],[-107.911377,47.39043],[-107.923779,47.407031],[-107.909131,47.471094],[-107.916113,47.508887],[-107.929883,47.54248],[-107.948828,47.557959],[-107.982422,47.569189],[-108.044385,47.580371],[-108.170068,47.583789],[-108.196338,47.601611],[-108.172656,47.613086],[-108.045215,47.613965],[-107.959375,47.601416],[-107.930957,47.587646],[-107.889404,47.537695],[-107.841211,47.526123],[-107.778809,47.569531],[-107.712109,47.613184],[-107.68501,47.646191],[-107.687891,47.671387],[-107.713818,47.687598],[-107.60459,47.676074],[-107.455078,47.662402],[-107.421826,47.67998],[-107.380176,47.715771],[-107.335791,47.727979],[-107.294531,47.721533],[-107.230859,47.724121],[-107.120654,47.725],[-106.989795,47.716357],[-106.929541,47.725],[-106.938232,47.746338],[-106.933105,47.763867],[-106.880518,47.777881],[-106.820996,47.783105],[-106.769238,47.788281],[-106.737646,47.805566],[-106.708789,47.82207],[-106.654785,47.840869],[-106.596191,47.859521],[-106.582227,47.878809],[-106.56582,47.907471],[-106.574463,47.936328],[-106.589941,47.958154],[-106.537891,47.982861],[-106.432812,48.027148],[-106.405811,48.020752],[-106.366406,48.014697],[-106.325244,47.985059],[-106.331201,47.949561],[-106.35791,47.925244],[-106.344727,47.878809],[-106.284912,47.837305],[-106.25332,47.814746],[-106.267285,47.793457],[-106.25293,47.769336],[-106.240967,47.738965],[-106.231885,47.691016],[-106.216699,47.628369],[-106.217187,47.585449],[-106.217187,47.585449],[-106.217187,47.585449],[-106.217187,47.585449]]]}},{"type":"Feature","properties":{"waterKind":"lake"},"geometry":{"type":"Polygon","coordinates":[[[-100.28877,45.017041],[-100.340625,45.006348],[-100.370264,44.98833],[-100.381836,44.951123],[-100.391797,44.895703],[-100.427148,44.84707],[-100.476123,44.793994],[-100.532471,44.7625],[-100.573193,44.752734],[-100.625293,44.766992],[-100.63584,44.750146],[-100.614258,44.668555],[-100.595361,44.600977],[-100.559473,44.583984],[-100.515576,44.592627],[-100.487646,44.573486],[-100.504004,44.522168],[-100.477246,44.49873],[-100.418359,44.492188],[-100.397363,44.470166],[-100.387646,44.450879],[-100.393701,44.434424],[-100.411621,44.418652],[-100.478125,44.443115],[-100.567041,44.445996],[-100.609766,44.470459],[-100.637402,44.502979],[-100.619775,44.531348],[-100.633252,44.574902],[-100.671387,44.6271],[-100.67627,44.676465],[-100.681836,44.71416],[-100.724219,44.731885],[-100.773535,44.746729],[-100.803223,44.761475],[-100.847852,44.763672],[-100.945508,44.747363],[-101.072266,44.732422],[-101.162744,44.725146],[-101.188184,44.726953],[-101.158203,44.746631],[-101.071484,44.763965],[-100.995166,44.776953],[-100.975928,44.798193],[-100.959521,44.817627],[-100.908398,44.819678],[-100.861426,44.830615],[-100.805469,44.834326],[-100.766846,44.850342],[-100.777881,44.882178],[-100.737207,44.883447],[-100.669824,44.867188],[-100.603613,44.82793],[-100.558789,44.810547],[-100.539893,44.838721],[-100.500488,44.870312],[-100.45708,44.871729],[-100.441406,44.897363],[-100.443408,44.93877],[-100.446777,44.999316],[-100.400781,45.051709],[-100.346875,45.101514],[-100.33457,45.157129],[-100.322656,45.215283],[-100.316748,45.259717],[-100.345215,45.30459],[-100.407031,45.348242],[-100.542969,45.353125],[-100.612207,45.354883],[-100.528174,45.376953],[-100.399707,45.382764],[-100.343799,45.390137],[-100.35459,45.422412],[-100.377734,45.447217],[-100.433984,45.503809],[-100.543359,45.582812],[-100.627002,45.647461],[-100.637305,45.662305],[-100.605664,45.664355],[-100.530957,45.636475],[-100.4479,45.644482],[-100.400195,45.687109],[-100.390137,45.710107],[-100.397559,45.746533],[-100.414111,45.807715],[-100.477637,45.889551],[-100.579443,46.007764],[-100.659424,46.11958],[-100.66792,46.16167],[-100.640625,46.222754],[-100.611719,46.250049],[-100.593506,46.313721],[-100.594238,46.39165],[-100.605566,46.488525],[-100.620801,46.536963],[-100.634033,46.579932],[-100.713184,46.64082],[-100.767139,46.672559],[-100.786182,46.695703],[-100.777148,46.71377],[-100.714258,46.705322],[-100.666504,46.669336],[-100.585107,46.617236],[-100.563916,46.559424],[-100.543066,46.484863],[-100.527393,46.386475],[-100.551514,46.279395],[-100.574121,46.187354],[-100.557129,46.140088],[-100.558789,46.09624],[-100.534814,46.059033],[-100.492627,45.987939],[-100.431885,45.922998],[-100.376904,45.895361],[-100.350439,45.854004],[-100.341553,45.767187],[-100.34458,45.685156],[-100.35376,45.644824],[-100.397559,45.618359],[-100.408301,45.56377],[-100.376074,45.523975],[-100.306934,45.469141],[-100.281104,45.426855],[-100.279346,45.36875],[-100.270996,45.296143],[-100.255273,45.241797],[-100.2729,45.160205],[-100.286035,45.087744],[-100.264551,45.070752],[-100.262158,45.044336],[-100.28877,45.017041],[-100.28877,45.017041],[-100.28877,45.017041],[-100.28877,45.017041]]]}},{"type":"Feature","properties":{"waterKind":"lake"},"geometry":{"type":"Polygon","coordinates":[[[-132.09541,59.607129],[-132.124756,59.603809],[-132.159131,59.625537],[-132.213477,59.688281],[-132.316113,59.834912],[-132.39917,59.921777],[-132.610107,60.05],[-132.834229,60.134961],[-132.957861,60.200684],[-133.011963,60.250928],[-133.187256,60.381787],[-133.244824,60.448535],[-133.137842,60.427393],[-132.979834,60.297363],[-132.797803,60.192285],[-132.701807,60.153418],[-132.589307,60.122559],[-132.521729,60.098242],[-132.460986,60.054541],[-132.363623,59.985889],[-132.323193,59.95083],[-132.276563,59.901514],[-132.22998,59.84873],[-132.225293,59.838037],[-132.214453,59.815576],[-132.202344,59.769873],[-132.123242,59.693994],[-132.088867,59.64375],[-132.09541,59.607129],[-132.09541,59.607129],[-132.09541,59.607129]]]}},{"type":"Feature","properties":{"waterKind":"lake"},"geometry":{"type":"Polygon","coordinates":[[[-117.907129,49.341602],[-117.956787,49.335742],[-118.062646,49.411816],[-118.095947,49.450488],[-118.139453,49.521289],[-118.155664,49.601367],[-118.137598,49.703076],[-118.12793,49.75166],[-118.09248,49.801514],[-118.084131,49.773975],[-118.10874,49.583154],[-118.0875,49.515088],[-118.047803,49.456689],[-117.97583,49.406006],[-117.911328,49.374609],[-117.907129,49.341602],[-117.907129,49.341602],[-117.907129,49.341602]]]}},{"type":"Feature","properties":{"waterKind":"lake"},"geometry":{"type":"Polygon","coordinates":[[[-107.931592,64.036426],[-108.083838,64.044922],[-108.160693,64.037793],[-108.252393,64.021973],[-108.372119,63.98252],[-108.459375,63.94541],[-108.661182,63.988477],[-108.749316,64.035938],[-108.858008,64.065137],[-109.11416,64.075537],[-109.394238,64.020361],[-109.570605,64.018164],[-109.638965,64.051221],[-109.362549,64.06582],[-109.153857,64.10415],[-109.028809,64.103369],[-108.633594,64.170117],[-108.598291,64.19458],[-108.600684,64.22666],[-108.623389,64.276367],[-108.602246,64.331299],[-108.541162,64.3875],[-108.467041,64.413477],[-108.432324,64.397705],[-108.438086,64.313623],[-108.419189,64.26665],[-108.36084,64.277539],[-108.2854,64.316797],[-108.246777,64.315674],[-108.26084,64.27666],[-108.334521,64.209473],[-108.35791,64.181348],[-108.336328,64.155615],[-108.262695,64.141797],[-108.256934,64.160205],[-108.185937,64.176953],[-108.102295,64.136914],[-107.944873,64.093848],[-107.931592,64.036426]]]}},{"type":"Feature","properties":{"waterKind":"lake"},"geometry":{"type":"Polygon","coordinates":[[[-107.944873,64.093848],[-107.837354,64.089111],[-107.751855,64.070508],[-107.675342,64.080859],[-107.589209,64.112305],[-107.463574,64.128223],[-107.322559,64.130664],[-107.237891,64.099805],[-107.233447,64.066699],[-107.2396,64.03667],[-107.239795,64.022363],[-107.268701,63.98291],[-107.222412,63.925586],[-107.103516,63.924463],[-107.087939,63.912354],[-107.087939,63.912354],[-107.087939,63.912354],[-107.087939,63.912354],[-107.087939,63.912354],[-107.105859,63.893848],[-107.200391,63.823926],[-107.273633,63.775732],[-107.501562,63.789258],[-107.529102,63.798437],[-107.55708,63.833398],[-107.632178,63.876758],[-107.613916,63.937061],[-107.621533,63.969678],[-107.667627,63.985303],[-107.78877,63.980957],[-107.805127,63.956201],[-107.836133,63.982959],[-107.931592,64.036426],[-107.944873,64.093848]]]}},{"type":"Feature","properties":{"waterKind":"lake"},"geometry":{"type":"Polygon","coordinates":[[[-99.146582,43.433057],[-99.146582,43.433057],[-99.146582,43.433057],[-99.146582,43.433057],[-99.040234,43.358447],[-98.90459,43.285254],[-98.831396,43.205566],[-98.706494,43.134521],[-98.57085,43.102246],[-98.559668,43.059863],[-98.665625,43.05918],[-98.746826,43.102441],[-98.900195,43.158545],[-98.929932,43.226367],[-99.069141,43.310107],[-99.178027,43.373535],[-99.315234,43.467773],[-99.343799,43.539307],[-99.382568,43.606055],[-99.47085,43.668506],[-99.440674,43.75249],[-99.365332,43.84292],[-99.352441,43.888086],[-99.373975,43.947363],[-99.364404,43.990576],[-99.322266,43.957031],[-99.302881,43.903174],[-99.315234,43.840674],[-99.369629,43.756738],[-99.410547,43.70293],[-99.35,43.643066],[-99.244336,43.476514],[-99.146582,43.433057]]]}},{"type":"Feature","properties":{"waterKind":"lake"},"geometry":{"type":"Polygon","coordinates":[[[-99.183594,26.759521],[-99.183594,26.759521],[-99.183594,26.759521],[-99.183594,26.759521],[-99.150342,26.75127],[-99.119092,26.749365],[-99.112988,26.727051],[-99.149414,26.652148],[-99.149512,26.591748],[-99.17207,26.56416],[-99.199951,26.561523],[-99.243262,26.583643],[-99.254932,26.669824],[-99.283203,26.759521],[-99.330762,26.803369],[-99.394092,26.794971],[-99.385742,26.806738],[-99.36377,26.821289],[-99.368018,26.885937],[-99.400781,26.954297],[-99.463623,27.025439],[-99.456543,27.056689],[-99.414648,27.044141],[-99.368506,27.001758],[-99.277393,26.921191],[-99.217969,26.910156],[-99.217725,26.804932],[-99.183594,26.759521]]]}},{"type":"Feature","properties":{"waterKind":"lake"},"geometry":{"type":"Polygon","coordinates":[[[-107.788574,55.210889],[-107.788574,55.210889],[-107.788574,55.210889],[-107.788574,55.210889],[-107.843066,55.303467],[-107.963135,55.419629],[-107.998926,55.471094],[-108.044189,55.508252],[-108.035742,55.554199],[-107.985205,55.574658],[-107.85,55.52793],[-107.805762,55.552539],[-107.850684,55.618066],[-107.857373,55.660645],[-107.80498,55.664648],[-107.768896,55.69751],[-107.76748,55.801514],[-107.766455,55.894141],[-107.736963,55.921191],[-107.665674,55.744238],[-107.705957,55.582422],[-107.739893,55.479541],[-107.740381,55.40835],[-107.791846,55.366943],[-107.768896,55.267383],[-107.788574,55.210889]]]}},{"type":"Feature","properties":{"waterKind":"lake"},"geometry":{"type":"Polygon","coordinates":[[[-103.835645,60.553516],[-103.835645,60.553516],[-103.835645,60.553516],[-103.835645,60.553516],[-103.907471,60.504541],[-103.935107,60.476855],[-103.948975,60.421484],[-104.116602,60.355371],[-104.1875,60.341211],[-104.151611,60.425342],[-104.134521,60.53335],[-104.228906,60.586768],[-104.331738,60.633057],[-104.39502,60.684814],[-104.467676,60.703125],[-104.493945,60.726123],[-104.390332,60.809033],[-104.342627,60.870508],[-104.379541,60.90127],[-104.425342,60.884961],[-104.440039,60.851953],[-104.504639,60.818359],[-104.587744,60.813477],[-104.636719,60.834619],[-104.643164,60.855566],[-104.52959,60.860303],[-104.508691,60.883105],[-104.450098,60.972754],[-104.448633,61.001221],[-104.419336,61.022021],[-104.334863,61.02627],[-104.297363,61.00498],[-104.281104,60.98125],[-104.213135,60.937939],[-104.212061,60.903223],[-104.229932,60.846338],[-104.21875,60.81377],[-104.140674,60.82583],[-104.138916,60.80459],[-104.219141,60.757129],[-104.21665,60.738477],[-104.124072,60.751709],[-104.072803,60.781445],[-104.019824,60.792773],[-103.98252,60.785156],[-103.850537,60.823779],[-103.769043,60.865918],[-103.752344,60.908545],[-103.74248,60.945068],[-103.716406,60.951807],[-103.646826,60.902197],[-103.666992,60.834863],[-103.812891,60.784912],[-103.969824,60.707178],[-104.082422,60.692822],[-104.136572,60.667529],[-104.122754,60.624463],[-104.042139,60.601758],[-103.937012,60.613867],[-103.878613,60.641162],[-103.858984,60.677197],[-103.810254,60.710449],[-103.745557,60.700977],[-103.735693,60.641797],[-103.835645,60.553516]]]}},{"type":"Feature","properties":{"waterKind":"lake"},"geometry":{"type":"Polygon","coordinates":[[[-95.249365,65.003418],[-95.390186,64.972266],[-95.463086,64.921143],[-95.465186,64.85874],[-95.456348,64.814063],[-95.459375,64.788916],[-95.487061,64.765967],[-95.549512,64.762402],[-95.592627,64.782422],[-95.62002,64.806152],[-95.624658,64.826367],[-95.636475,64.845801],[-95.711719,64.873535],[-95.798779,64.922803],[-95.85791,64.914551],[-95.869727,64.871436],[-95.880859,64.850879],[-95.992676,64.890869],[-96.03208,64.923145],[-96.003223,64.974414],[-95.931348,65.003125],[-95.855469,65.011133],[-95.725879,65.021826],[-95.63208,65.039404],[-95.502881,65.042383],[-95.25,65.034229],[-95.249365,65.003418],[-95.249365,65.003418],[-95.249365,65.003418]]]}},{"type":"Feature","properties":{"waterKind":"lake"},"geometry":{"type":"Polygon","coordinates":[[[-69.351172,54.08252],[-69.268945,54.047314],[-69.319775,54.024658],[-69.412402,54.03623],[-69.502148,54.018506],[-69.595459,53.998438],[-69.722168,53.961182],[-69.782031,53.946924],[-69.834473,53.946143],[-69.868652,53.955273],[-69.855566,53.976807],[-69.827344,53.999121],[-69.740869,54.023828],[-69.703418,54.037891],[-69.706787,54.069189],[-69.758008,54.077588],[-69.846826,54.100977],[-69.983398,54.139014],[-70.05542,54.133887],[-70.129004,54.110156],[-70.140918,54.128955],[-70.08374,54.178467],[-70.010986,54.223096],[-69.980371,54.236621],[-69.926416,54.251855],[-69.878906,54.260596],[-69.86875,54.289258],[-69.880371,54.310742],[-69.926562,54.319629],[-69.978955,54.317773],[-70.001416,54.325391],[-70.029199,54.337207],[-70.070703,54.336719],[-70.081885,54.342627],[-70.040771,54.371924],[-69.970996,54.364893],[-69.900879,54.379297],[-69.858154,54.368457],[-69.804102,54.311865],[-69.792725,54.282617],[-69.682471,54.267871],[-69.686719,54.2396],[-69.671387,54.224658],[-69.663574,54.210352],[-69.704004,54.172266],[-69.697314,54.152686],[-69.587793,54.106641],[-69.476855,54.09248],[-69.433398,54.111328],[-69.406348,54.121387],[-69.351172,54.08252],[-69.351172,54.08252],[-69.351172,54.08252]]]}},{"type":"Feature","properties":{"waterKind":"lake"},"geometry":{"type":"Polygon","coordinates":[[[-68.679688,53.798389],[-68.70459,53.774512],[-68.726123,53.688965],[-68.706982,53.609863],[-68.715527,53.582568],[-68.777246,53.577295],[-68.853174,53.593799],[-68.869434,53.575879],[-68.869092,53.523291],[-68.900391,53.483252],[-68.934961,53.468848],[-68.975781,53.455811],[-69.055176,53.427686],[-69.084961,53.444238],[-69.045166,53.492139],[-68.983789,53.558789],[-68.946729,53.609082],[-68.867578,53.644922],[-68.826953,53.675732],[-68.836914,53.71709],[-68.865723,53.736768],[-68.850391,53.754883],[-68.805469,53.765039],[-68.780664,53.774951],[-68.766602,53.796338],[-68.813672,53.845947],[-68.907227,53.87627],[-68.966992,53.907568],[-69.007617,53.939697],[-69.06084,53.957617],[-69.225,53.948926],[-69.242529,53.961084],[-69.230518,53.979053],[-69.200098,53.989209],[-69.170947,53.989941],[-69.154395,53.999854],[-69.159814,54.023145],[-69.146143,54.039551],[-69.115625,54.022656],[-69.061572,54.007422],[-69.02207,54.028223],[-69.004883,54.041699],[-68.979102,54.011426],[-68.949365,53.999854],[-68.902588,53.985254],[-68.863672,53.952002],[-68.846387,53.910547],[-68.732568,53.835889],[-68.684766,53.812061],[-68.679688,53.798389],[-68.679688,53.798389],[-68.679688,53.798389]]]}},{"type":"Feature","properties":{"waterKind":"lake"},"geometry":{"type":"Polygon","coordinates":[[[-70.232666,54.444141],[-70.274414,54.435938],[-70.312109,54.408105],[-70.419434,54.358691],[-70.497461,54.40708],[-70.517139,54.440723],[-70.45957,54.431787],[-70.424414,54.409961],[-70.357373,54.429492],[-70.214404,54.479395],[-70.095312,54.472754],[-69.969531,54.48999],[-69.931641,54.515771],[-69.911914,54.552051],[-69.911914,54.616943],[-69.920117,54.654443],[-69.959717,54.684473],[-70.029199,54.676221],[-70.008008,54.721826],[-69.983398,54.741553],[-69.934912,54.732422],[-69.900195,54.704297],[-69.86001,54.621729],[-69.8396,54.556201],[-69.839453,54.524609],[-69.774219,54.491895],[-69.765625,54.466113],[-69.882031,54.45625],[-69.948682,54.425293],[-69.988184,54.425342],[-70.015283,54.438477],[-70.15498,54.43584],[-70.232666,54.444141],[-70.232666,54.444141],[-70.232666,54.444141]]]}},{"type":"Feature","properties":{"waterKind":"lake"},"geometry":{"type":"Polygon","coordinates":[[[-88.056934,36.669336],[-88.056934,36.669336],[-88.056934,36.669336],[-88.056934,36.669336],[-88.02251,36.528271],[-88.006885,36.4271],[-87.956348,36.302881],[-87.910254,36.187012],[-87.933594,36.073828],[-87.975391,35.945264],[-88.041309,35.948535],[-87.982715,36.098877],[-87.991211,36.234131],[-88.038818,36.306787],[-88.066357,36.314307],[-88.091895,36.260352],[-88.116113,36.292773],[-88.119092,36.354639],[-88.085938,36.446875],[-88.083887,36.554785],[-88.126465,36.65498],[-88.271777,36.950586],[-88.283301,37.021533],[-88.206641,36.970605],[-88.056934,36.669336]]]}},{"type":"Feature","properties":{"waterKind":"lake"},"geometry":{"type":"Polygon","coordinates":[[[-82.410645,33.954102],[-82.410645,33.954102],[-82.410645,33.954102],[-82.410645,33.954102],[-82.381006,33.926855],[-82.327148,33.847021],[-82.247314,33.773926],[-82.187646,33.693799],[-82.20835,33.663574],[-82.33208,33.672168],[-82.467627,33.640723],[-82.574707,33.642676],[-82.541309,33.662354],[-82.43916,33.671191],[-82.275244,33.725439],[-82.308057,33.775879],[-82.419238,33.845703],[-82.490723,33.8979],[-82.520654,33.893213],[-82.555078,33.879443],[-82.579102,33.86543],[-82.55332,33.937305],[-82.577197,33.956396],[-82.589258,34.017383],[-82.545996,34.008545],[-82.484717,33.966016],[-82.441211,33.938379],[-82.410645,33.954102]]]}},{"type":"Feature","properties":{"waterKind":"lake"},"geometry":{"type":"Polygon","coordinates":[[[-118.402441,52.172363],[-118.402441,52.172363],[-118.402441,52.172363],[-118.402441,52.172363],[-118.286621,52.158545],[-118.180469,52.178076],[-118.218018,52.129395],[-118.322314,52.102979],[-118.366211,52.08999],[-118.392285,52.069287],[-118.44834,52.060156],[-118.498633,52.069287],[-118.526611,52.1021],[-118.551318,52.24126],[-118.641699,52.331885],[-118.750537,52.404102],[-118.890234,52.548779],[-119.127637,52.738574],[-119.058057,52.727441],[-118.930859,52.618262],[-118.677441,52.411279],[-118.565088,52.302783],[-118.402441,52.172363]]]}},{"type":"Feature","properties":{"waterKind":"lake"},"geometry":{"type":"Polygon","coordinates":[[[-81.683887,29.367676],[-81.683887,29.367676],[-81.683887,29.367676],[-81.683887,29.367676],[-81.682861,29.505225],[-81.640039,29.414453],[-81.540283,29.287354],[-81.529199,29.224072],[-81.595459,29.197949],[-81.639551,29.257764],[-81.663135,29.31416],[-81.683887,29.367676]]]}},{"type":"Feature","properties":{"waterKind":"lake"},"geometry":{"type":"Polygon","coordinates":[[[-114.358936,34.438086],[-114.358936,34.438086],[-114.358936,34.438086],[-114.358936,34.438086],[-114.404785,34.488281],[-114.376904,34.539697],[-114.327051,34.477734],[-114.221387,34.420654],[-114.081689,34.318018],[-114.134082,34.24165],[-114.163525,34.253369],[-114.188623,34.318018],[-114.260693,34.368262],[-114.358936,34.438086]]]}},{"type":"Feature","properties":{"waterKind":"lake"},"geometry":{"type":"Polygon","coordinates":[[[-122.231689,40.870996],[-122.231689,40.870996],[-122.231689,40.870996],[-122.231689,40.870996],[-122.242285,40.805859],[-122.228857,40.793408],[-122.115576,40.799805],[-122.094678,40.783496],[-122.10166,40.76626],[-122.151221,40.745801],[-122.240723,40.754346],[-122.364258,40.724365],[-122.410596,40.721436],[-122.426172,40.74375],[-122.41709,40.768359],[-122.395215,40.829102],[-122.362158,40.81958],[-122.350977,40.784082],[-122.30127,40.80376],[-122.258887,40.860693],[-122.231689,40.870996]]]}},{"type":"Feature","properties":{"waterKind":"lake"},"geometry":{"type":"Polygon","coordinates":[[[-114.098096,65.378174],[-114.098096,65.378174],[-114.098096,65.378174],[-114.098096,65.378174],[-114.184863,65.44585],[-114.44165,65.4771],[-114.405127,65.561084],[-114.380908,65.615869],[-114.396582,65.657129],[-114.228711,65.677002],[-114.17334,65.638379],[-114.182861,65.61123],[-114.298145,65.600049],[-114.287207,65.555127],[-114.221777,65.522119],[-114.168896,65.495654],[-114.077246,65.475732],[-114.000684,65.447949],[-113.936963,65.443848],[-113.929785,65.425],[-113.909863,65.402002],[-113.8396,65.367773],[-113.620996,65.416357],[-113.516992,65.385107],[-113.400635,65.381641],[-113.270508,65.400732],[-113.112744,65.385156],[-113.124805,65.36084],[-113.223682,65.355615],[-113.315967,65.332275],[-113.312061,65.318311],[-113.272168,65.306348],[-113.124707,65.292383],[-112.871191,65.241602],[-112.678125,65.203418],[-112.549805,65.206592],[-112.461572,65.220313],[-112.42666,65.221338],[-112.293701,65.220313],[-112.217383,65.225488],[-112.22207,65.192236],[-112.306543,65.182812],[-112.345557,65.128418],[-112.289844,65.037598],[-112.241943,64.965576],[-112.287793,64.95166],[-112.317822,64.960156],[-112.350244,65.012891],[-112.417285,65.103613],[-112.456787,65.152637],[-112.52793,65.15957],[-112.649854,65.160303],[-112.822266,65.190088],[-112.883594,65.202734],[-112.939404,65.212695],[-112.997217,65.195508],[-113.062988,65.216211],[-113.323633,65.259766],[-113.507471,65.272266],[-113.617627,65.25293],[-113.787061,65.243994],[-113.949854,65.335303],[-114.054736,65.36084],[-114.098096,65.378174]]]}},{"type":"Feature","properties":{"waterKind":"lake"},"geometry":{"type":"Polygon","coordinates":[[[-121.941357,42.604346],[-121.941357,42.604346],[-121.941357,42.604346],[-121.941357,42.604346],[-121.947803,42.499365],[-121.921191,42.475146],[-121.827686,42.409033],[-121.806445,42.28877],[-121.809375,42.25127],[-121.841504,42.256299],[-121.922021,42.332373],[-121.920605,42.3604],[-121.956836,42.395947],[-122.042139,42.42832],[-122.059521,42.474707],[-122.01665,42.522656],[-121.965479,42.589844],[-121.941357,42.604346]]]}},{"type":"Feature","properties":{"waterKind":"lake"},"geometry":{"type":"Polygon","coordinates":[[[-119.195117,43.229346],[-119.195117,43.229346],[-119.195117,43.229346],[-119.195117,43.229346],[-119.205371,43.255566],[-119.183252,43.281885],[-119.13252,43.308203],[-119.019287,43.258594],[-119.005225,43.23877],[-119.023389,43.197412],[-119.081299,43.160205],[-119.163135,43.18418],[-119.195117,43.229346]]]}},{"type":"Feature","properties":{"waterKind":"lake"},"geometry":{"type":"Polygon","coordinates":[[[-67.707764,45.69209],[-67.707764,45.69209],[-67.707764,45.69209],[-67.707764,45.69209],[-67.600439,45.637305],[-67.532715,45.642529],[-67.480078,45.683057],[-67.460938,45.64165],[-67.449414,45.60708],[-67.512402,45.589355],[-67.625488,45.602246],[-67.778955,45.670117],[-67.862988,45.7396],[-67.787061,45.758984],[-67.707764,45.69209]]]}},{"type":"Feature","properties":{"waterKind":"lake"},"geometry":{"type":"Polygon","coordinates":[[[-137.147607,61.503418],[-137.147607,61.503418],[-137.147607,61.503418],[-137.147607,61.503418],[-137.095752,61.456934],[-137.075439,61.386084],[-137.042041,61.310352],[-136.99165,61.272656],[-136.988623,61.2354],[-137.000098,61.2271],[-137.011768,61.23457],[-137.03291,61.262061],[-137.082861,61.292285],[-137.168018,61.449902],[-137.331738,61.541992],[-137.521826,61.635791],[-137.441699,61.651953],[-137.330811,61.611572],[-137.262695,61.576953],[-137.147607,61.503418]]]}},{"type":"Feature","properties":{"waterKind":"lake"},"geometry":{"type":"Polygon","coordinates":[[[-155.453418,58.636865],[-155.453418,58.636865],[-155.453418,58.636865],[-155.453418,58.636865],[-155.575586,58.616797],[-155.654834,58.601562],[-155.646484,58.576465],[-155.496289,58.547754],[-155.472998,58.530469],[-155.519678,58.514502],[-155.653271,58.51958],[-155.748047,58.554639],[-155.84082,58.597363],[-156.027979,58.600439],[-156.161768,58.60459],[-156.323047,58.629297],[-156.380029,58.664551],[-156.408691,58.690674],[-156.343457,58.708984],[-156.198145,58.711816],[-156.196582,58.723975],[-156.152832,58.729297],[-156.090137,58.713281],[-156.037256,58.699756],[-156.006348,58.688037],[-155.837695,58.68335],[-155.559863,58.662891],[-155.434521,58.660498],[-155.453418,58.636865]]]}},{"type":"Feature","properties":{"waterKind":"lake"},"geometry":{"type":"Polygon","coordinates":[[[-162.838184,61.040625],[-162.838184,61.040625],[-162.838184,61.040625],[-162.838184,61.040625],[-163.030566,61.083154],[-163.002197,61.109473],[-162.801221,61.080908],[-162.712598,61.077051],[-162.838184,61.040625]]]}},{"type":"Feature","properties":{"waterKind":"lake"},"geometry":{"type":"Polygon","coordinates":[[[-154.472998,60.222412],[-154.472998,60.222412],[-154.472998,60.222412],[-154.472998,60.222412],[-154.311816,60.278662],[-154.088818,60.339941],[-153.688721,60.430615],[-153.626563,60.436279],[-153.659277,60.403613],[-154.055762,60.301172],[-154.259912,60.229541],[-154.549219,60.113379],[-154.720215,60.040088],[-154.752148,60.069629],[-154.641602,60.143262],[-154.572852,60.182568],[-154.541455,60.188867],[-154.472998,60.222412]]]}},{"type":"Feature","properties":{"waterKind":"lake"},"geometry":{"type":"Polygon","coordinates":[[[-151.16582,60.226562],[-151.16582,60.226562],[-151.16582,60.226562],[-151.16582,60.226562],[-151.149316,60.253125],[-151.0646,60.304785],[-150.894336,60.27207],[-150.71748,60.159131],[-150.653662,60.121436],[-150.681445,60.047803],[-150.716016,60.051807],[-150.766992,60.082129],[-150.830957,60.127783],[-150.937012,60.167578],[-151.021484,60.205615],[-151.059668,60.218066],[-151.16582,60.226562]]]}},{"type":"Feature","properties":{"waterKind":"lake"},"geometry":{"type":"Polygon","coordinates":[[[-160.002197,61.350488],[-160.002197,61.350488],[-160.002197,61.350488],[-160.002197,61.350488],[-160.088672,61.340039],[-160.130811,61.358447],[-160.102686,61.40625],[-160.037988,61.421729],[-159.970508,61.402051],[-159.933936,61.366895],[-160.002197,61.350488]]]}},{"type":"Feature","properties":{"waterKind":"lake"},"geometry":{"type":"Polygon","coordinates":[[[-162.307422,60.950977],[-162.307422,60.950977],[-162.307422,60.950977],[-162.307422,60.950977],[-162.29707,60.918018],[-162.264795,60.889893],[-162.204053,60.852832],[-162.241943,60.826953],[-162.275,60.821191],[-162.370313,60.82998],[-162.395947,60.898779],[-162.39668,60.95],[-162.362158,60.98999],[-162.307422,60.950977]]]}},{"type":"Feature","properties":{"waterKind":"lake"},"geometry":{"type":"Polygon","coordinates":[[[-163.706152,61.561914],[-163.706152,61.561914],[-163.706152,61.561914],[-163.706152,61.561914],[-163.638184,61.518604],[-163.698975,61.472021],[-163.729346,61.522656],[-163.874756,61.578027],[-163.959033,61.618652],[-163.973437,61.645264],[-163.930957,61.648389],[-163.78291,61.602441],[-163.706152,61.561914]]]}},{"type":"Feature","properties":{"waterKind":"lake"},"geometry":{"type":"Polygon","coordinates":[[[-163.459131,62.670996],[-163.459131,62.670996],[-163.459131,62.670996],[-163.459131,62.670996],[-163.500293,62.652393],[-163.523535,62.574463],[-163.582227,62.600146],[-163.618945,62.675342],[-163.564502,62.685596],[-163.455713,62.710156],[-163.409863,62.679004],[-163.459131,62.670996]]]}},{"type":"Feature","properties":{"waterKind":"lake"},"geometry":{"type":"Polygon","coordinates":[[[-87.661084,34.813623],[-87.661084,34.813623],[-87.661084,34.813623],[-87.661084,34.813623],[-87.542139,34.850635],[-87.382812,34.851465],[-87.267627,34.807617],[-87.006055,34.68252],[-86.934961,34.6104],[-86.898535,34.574756],[-86.958691,34.565088],[-87.323096,34.76665],[-87.5125,34.792041],[-87.636768,34.76499],[-87.700439,34.773389],[-87.661084,34.813623]]]}},{"type":"Feature","properties":{"waterKind":"lake"},"geometry":{"type":"Polygon","coordinates":[[[-76.677197,51.373437],[-76.677197,51.373437],[-76.677197,51.373437],[-76.677197,51.373437],[-76.553516,51.364014],[-76.563232,51.344482],[-76.751221,51.288232],[-77.025928,51.328711],[-76.982568,51.343164],[-76.903223,51.354639],[-76.861621,51.379687],[-76.839502,51.404346],[-76.819482,51.415771],[-76.762207,51.39082],[-76.677197,51.373437]]]}},{"type":"Feature","properties":{"waterKind":"lake"},"geometry":{"type":"Polygon","coordinates":[[[-91.417773,51.119531],[-91.417773,51.119531],[-91.417773,51.119531],[-91.417773,51.119531],[-91.389893,51.071045],[-91.541553,51.085498],[-91.591309,51.117871],[-91.646777,51.153564],[-91.608594,51.165967],[-91.504297,51.162158],[-91.441455,51.162891],[-91.416699,51.143262],[-91.417773,51.119531]]]}},{"type":"Feature","properties":{"waterKind":"lake"},"geometry":{"type":"Polygon","coordinates":[[[-91.97041,51.957715],[-91.97041,51.957715],[-91.97041,51.957715],[-91.97041,51.957715],[-91.949512,51.98208],[-91.895361,51.951904],[-91.910449,51.911084],[-91.931738,51.894238],[-91.968115,51.924414],[-91.991211,51.936816],[-91.97041,51.957715]]]}},{"type":"Feature","properties":{"waterKind":"lake"},"geometry":{"type":"Polygon","coordinates":[[[-78.616309,51.077148],[-78.616309,51.077148],[-78.616309,51.077148],[-78.616309,51.077148],[-78.549805,51.03374],[-78.812988,51.097363],[-78.827393,51.152295],[-78.794336,51.145898],[-78.72041,51.108936],[-78.616309,51.077148]]]}},{"type":"Feature","properties":{"waterKind":"lake"},"geometry":{"type":"Polygon","coordinates":[[[-78.62793,47.596924],[-78.62793,47.596924],[-78.62793,47.596924],[-78.62793,47.596924],[-78.696387,47.57666],[-78.762842,47.570264],[-78.786963,47.594922],[-78.797998,47.625635],[-78.812793,47.656396],[-78.791943,47.690967],[-78.724072,47.683691],[-78.611865,47.680615],[-78.57124,47.65625],[-78.583789,47.624609],[-78.604248,47.608301],[-78.62793,47.596924]]]}},{"type":"Feature","properties":{"waterKind":"lake"},"geometry":{"type":"Polygon","coordinates":[[[-77.273193,47.59126],[-77.273193,47.59126],[-77.273193,47.59126],[-77.273193,47.59126],[-77.235449,47.549512],[-77.176953,47.546973],[-77.128809,47.56084],[-77.101514,47.545117],[-77.065332,47.508496],[-76.962939,47.502344],[-76.934814,47.487549],[-76.965625,47.442334],[-77.119385,47.477295],[-77.184668,47.456201],[-77.178613,47.411523],[-77.16499,47.389355],[-77.181348,47.368994],[-77.259424,47.346729],[-77.288525,47.385986],[-77.270312,47.462891],[-77.304443,47.513184],[-77.321973,47.573486],[-77.303662,47.606934],[-77.28833,47.613721],[-77.273193,47.59126]]]}},{"type":"Feature","properties":{"waterKind":"lake"},"geometry":{"type":"Polygon","coordinates":[[[-108.089648,64.715381],[-108.089648,64.715381],[-108.089648,64.715381],[-108.089648,64.715381],[-108.084619,64.737305],[-108.043799,64.748975],[-108.01582,64.745166],[-107.97915,64.720361],[-107.9875,64.710107],[-108.063232,64.696533],[-108.089648,64.715381]]]}},{"type":"Feature","properties":{"waterKind":"lake"},"geometry":{"type":"Polygon","coordinates":[[[-108.188672,64.646338],[-108.188672,64.646338],[-108.188672,64.646338],[-108.188672,64.646338],[-108.208887,64.634424],[-108.23999,64.624707],[-108.480762,64.558643],[-108.533301,64.562061],[-108.494336,64.59751],[-108.329297,64.653809],[-108.240234,64.683984],[-108.180273,64.685596],[-108.188672,64.646338]]]}},{"type":"Feature","properties":{"waterKind":"lake"},"geometry":{"type":"Polygon","coordinates":[[[-108.929102,64.600293],[-108.929102,64.600293],[-108.929102,64.600293],[-108.929102,64.600293],[-108.988525,64.613477],[-109.055908,64.593652],[-109.090332,64.586963],[-109.100439,64.602979],[-109.097852,64.655566],[-109.061279,64.68623],[-109.070654,64.711182],[-109.061768,64.726758],[-108.930273,64.705859],[-108.892822,64.664355],[-108.851953,64.606348],[-108.820947,64.551758],[-108.854004,64.560596],[-108.929102,64.600293]]]}},{"type":"Feature","properties":{"waterKind":"lake"},"geometry":{"type":"Polygon","coordinates":[[[-109.250879,64.593652],[-109.250879,64.593652],[-109.250879,64.593652],[-109.250879,64.593652],[-109.281982,64.608301],[-109.339795,64.655225],[-109.362305,64.702344],[-109.360107,64.734277],[-109.34707,64.75752],[-109.291455,64.758105],[-109.240332,64.740234],[-109.256494,64.72749],[-109.283984,64.70166],[-109.272021,64.661963],[-109.149463,64.58042],[-109.160498,64.547363],[-109.224414,64.536328],[-109.272949,64.536328],[-109.235449,64.56499],[-109.250879,64.593652]]]}},{"type":"Feature","properties":{"waterKind":"lake"},"geometry":{"type":"Polygon","coordinates":[[[-78.866357,71.160303],[-78.866357,71.160303],[-78.866357,71.160303],[-78.866357,71.160303],[-78.791602,71.146045],[-78.671436,71.126172],[-78.671143,71.111865],[-78.69873,71.100342],[-78.896094,71.08877],[-79.211035,71.096826],[-79.339355,71.121826],[-79.366748,71.149365],[-79.326025,71.169629],[-79.277148,71.174561],[-79.089551,71.178125],[-78.879639,71.172998],[-78.866357,71.160303]]]}},{"type":"Feature","properties":{"waterKind":"lake"},"geometry":{"type":"Polygon","coordinates":[[[-104.511377,69.718359],[-104.511377,69.718359],[-104.511377,69.718359],[-104.511377,69.718359],[-104.645654,69.732666],[-104.862061,69.855518],[-104.761523,69.858154],[-104.482471,69.8396],[-104.421777,69.830371],[-104.358301,69.81543],[-104.388184,69.755713],[-104.511377,69.718359]]]}},{"type":"Feature","properties":{"waterKind":"lake"},"geometry":{"type":"Polygon","coordinates":[[[-98.382275,67.38418],[-98.382275,67.38418],[-98.382275,67.38418],[-98.382275,67.38418],[-98.30249,67.350293],[-98.228711,67.332129],[-98.271777,67.288965],[-98.421094,67.192041],[-98.490674,67.20625],[-98.545947,67.242676],[-98.551514,67.271777],[-98.523291,67.351172],[-98.485937,67.420898],[-98.434863,67.413916],[-98.382275,67.38418]]]}},{"type":"Feature","properties":{"waterKind":"lake"},"geometry":{"type":"Polygon","coordinates":[[[-96.284619,55.237695],[-96.284619,55.237695],[-96.284619,55.237695],[-96.284619,55.237695],[-96.205176,55.271387],[-96.054736,55.287061],[-95.853174,55.360596],[-95.788818,55.400195],[-95.702148,55.401367],[-95.675684,55.364062],[-95.733447,55.30752],[-95.830029,55.280127],[-96.106494,55.217236],[-96.229248,55.212451],[-96.284619,55.237695]]]}},{"type":"Feature","properties":{"waterKind":"lake"},"geometry":{"type":"Polygon","coordinates":[[[-102.36333,54.577539],[-102.36333,54.577539],[-102.36333,54.577539],[-102.36333,54.577539],[-102.33623,54.654785],[-102.287158,54.71543],[-102.197168,54.737988],[-102.116064,54.707617],[-102.105811,54.598389],[-102.127783,54.493652],[-102.168994,54.455322],[-102.256006,54.44873],[-102.340234,54.474854],[-102.378271,54.516357],[-102.36333,54.577539]]]}},{"type":"Feature","properties":{"waterKind":"lake"},"geometry":{"type":"Polygon","coordinates":[[[-105.8125,54.234082],[-105.8125,54.234082],[-105.8125,54.234082],[-105.8125,54.234082],[-105.727832,54.41416],[-105.714062,54.49248],[-105.683154,54.508984],[-105.643018,54.488477],[-105.567627,54.459473],[-105.553076,54.39043],[-105.569678,54.327441],[-105.635596,54.268311],[-105.672559,54.222314],[-105.706738,54.149805],[-105.714062,54.086035],[-105.755371,54.055127],[-105.804834,54.077832],[-105.809863,54.160937],[-105.8125,54.234082]]]}},{"type":"Feature","properties":{"waterKind":"lake"},"geometry":{"type":"Polygon","coordinates":[[[-70.932471,53.518848],[-70.932471,53.518848],[-70.932471,53.518848],[-70.932471,53.518848],[-70.935498,53.483008],[-70.904102,53.458008],[-70.86084,53.451563],[-70.843262,53.427002],[-70.864697,53.406836],[-70.980469,53.430908],[-71.04834,53.500684],[-71.125391,53.565332],[-71.116797,53.590771],[-71.018799,53.595654],[-70.949805,53.56499],[-70.932471,53.518848]]]}},{"type":"Feature","properties":{"waterKind":"lake"},"geometry":{"type":"Polygon","coordinates":[[[-111.995605,64.659766],[-111.995605,64.659766],[-111.995605,64.659766],[-111.995605,64.659766],[-111.988037,64.690234],[-112.150781,64.780273],[-112.325635,64.859961],[-112.343408,64.898828],[-112.114404,64.848047],[-111.887207,64.700586],[-111.9271,64.658691],[-111.966162,64.637793],[-111.995605,64.659766]]]}},{"type":"Feature","properties":{"waterKind":"lake"},"geometry":{"type":"Polygon","coordinates":[[[-83.610937,48.37832],[-83.610937,48.37832],[-83.610937,48.37832],[-83.610937,48.37832],[-83.688135,48.33916],[-83.78125,48.304541],[-83.832129,48.314893],[-83.925146,48.307129],[-83.854102,48.336816],[-83.721094,48.420752],[-83.639893,48.42749],[-83.617773,48.425928],[-83.57251,48.424414],[-83.429248,48.506006],[-83.467969,48.433691],[-83.610937,48.37832]]]}},{"type":"Feature","properties":{"waterKind":"lake"},"geometry":{"type":"Polygon","coordinates":[[[-107.062549,55.82002],[-107.062549,55.82002],[-107.062549,55.82002],[-107.062549,55.82002],[-107.058887,55.855078],[-107.011035,55.890137],[-106.947217,55.920801],[-106.896777,55.927393],[-106.88042,55.90835],[-106.983936,55.83208],[-106.973291,55.815039],[-107.009424,55.805566],[-107.062549,55.82002]]]}},{"type":"Feature","properties":{"waterKind":"lake"},"geometry":{"type":"Polygon","coordinates":[[[-106.472168,55.630908],[-106.472168,55.630908],[-106.472168,55.630908],[-106.472168,55.630908],[-106.514062,55.639209],[-106.523682,55.65708],[-106.550732,55.667627],[-106.539209,55.688818],[-106.440918,55.728125],[-106.343555,55.759863],[-106.330176,55.739795],[-106.359131,55.69082],[-106.341309,55.661914],[-106.385986,55.648291],[-106.472168,55.630908]]]}},{"type":"Feature","properties":{"waterKind":"lake"},"geometry":{"type":"Polygon","coordinates":[[[-102.596729,62.657471],[-102.596729,62.657471],[-102.596729,62.657471],[-102.596729,62.657471],[-102.580176,62.604932],[-102.560498,62.552197],[-102.551416,62.498682],[-102.57627,62.450049],[-102.670215,62.417969],[-102.736621,62.410303],[-102.677051,62.560205],[-102.692139,62.601904],[-102.768994,62.669141],[-102.773633,62.704199],[-102.694141,62.762158],[-102.660352,62.75957],[-102.596729,62.657471]]]}},{"type":"Feature","properties":{"waterKind":"lake"},"geometry":{"type":"Polygon","coordinates":[[[-103.447412,61.365625],[-103.447412,61.365625],[-103.447412,61.365625],[-103.447412,61.365625],[-103.468652,61.385303],[-103.478027,61.431152],[-103.456348,61.513135],[-103.341797,61.561816],[-103.233398,61.642041],[-103.210498,61.676904],[-103.143555,61.653027],[-103.19082,61.588184],[-103.29624,61.520557],[-103.392139,61.394873],[-103.447412,61.365625]]]}},{"type":"Feature","properties":{"waterKind":"lake"},"geometry":{"type":"Polygon","coordinates":[[[-103.83623,58.609131],[-103.83623,58.609131],[-103.83623,58.609131],[-103.83623,58.609131],[-103.798047,58.669043],[-103.785791,58.691016],[-103.662744,58.70166],[-103.621338,58.677637],[-103.599854,58.661133],[-103.622949,58.606982],[-103.668359,58.54502],[-103.771045,58.573877],[-103.819434,58.582861],[-103.83623,58.609131]]]}},{"type":"Feature","properties":{"waterKind":"lake"},"geometry":{"type":"Polygon","coordinates":[[[-69.153467,56.506934],[-69.153467,56.506934],[-69.153467,56.506934],[-69.153467,56.506934],[-69.12251,56.332178],[-69.076953,56.271777],[-68.807812,56.088672],[-68.795068,56.054834],[-69.121191,56.24751],[-69.188916,56.325879],[-69.195264,56.42749],[-69.273633,56.503711],[-69.218604,56.563037],[-69.127539,56.649854],[-69.136377,56.606396],[-69.153467,56.506934]]]}},{"type":"Feature","properties":{"waterKind":"lake"},"geometry":{"type":"Polygon","coordinates":[[[-88.929688,66.576855],[-88.929688,66.576855],[-88.929688,66.576855],[-88.929688,66.576855],[-89.088525,66.483447],[-89.074512,66.555859],[-88.960059,66.607227],[-88.791846,66.632959],[-88.819922,66.595557],[-88.929688,66.576855]]]}},{"type":"Feature","properties":{"waterKind":"lake"},"geometry":{"type":"Polygon","coordinates":[[[-88.20249,66.632666],[-88.20249,66.632666],[-88.20249,66.632666],[-88.20249,66.632666],[-88.091113,66.604883],[-88.212598,66.581494],[-88.28418,66.634033],[-88.396191,66.656787],[-88.547461,66.639795],[-88.68208,66.579248],[-88.710254,66.596875],[-88.710645,66.632324],[-88.658154,66.664746],[-88.61499,66.710791],[-88.566992,66.71416],[-88.462549,66.700684],[-88.341064,66.705322],[-88.20249,66.632666]]]}}]}